0.00000, -0.02771
0.00100, -0.02926
0.00200, -0.03072
0.00300, -0.03201
0.00400, -0.03304
0.00500, -0.03374
0.00600, -0.03401
0.00700, -0.03377
0.00800, -0.03294
0.00900, -0.03143
0.01000, -0.02915
0.01100, -0.02603
0.01200, -0.02199
0.01300, -0.01700
0.01400, -0.01101
0.01500, -0.00398
0.01600, 0.00414
0.01700, 0.01339
0.01800, 0.02382
0.01900, 0.03546
0.02000, 0.04836
0.02100, 0.06256
0.02200, 0.07797
0.02300, 0.09395
0.02400, 0.10971
0.02500, 0.12447
0.02600, 0.13747
0.02700, 0.14791
0.02800, 0.15502
0.02900, 0.15803
0.03000, 0.15616
0.03100, 0.14862
0.03200, 0.13470
0.03300, 0.11502
0.03400, 0.09150
0.03500, 0.06613
0.03600, 0.04087
0.03700, 0.01772
0.03800, -0.00136
0.03900, -0.01438
0.04000, -0.01937
0.04100, -0.01435
0.04200, 0.00266
0.04300, 0.03278
0.04400, 0.07380
0.04500, 0.12275
0.04600, 0.17663
0.04700, 0.23244
0.04800, 0.28720
0.04900, 0.33792
0.05000, 0.38161
0.05100, 0.41527
0.05200, 0.43592
0.05300, 0.44069
0.05400, 0.42945
0.05500, 0.40470
0.05600, 0.36903
0.05700, 0.32504
0.05800, 0.27533
0.05900, 0.22248
0.06000, 0.16910
0.06100, 0.11778
0.06200, 0.07112
0.06300, 0.03171
0.06400, 0.00153
0.06500, -0.01976
0.06600, -0.03304
0.06700, -0.03921
0.06800, -0.03915
0.06900, -0.03374
0.07000, -0.02389
0.07100, -0.01047
0.07200, 0.00562
0.07300, 0.02351
0.07400, 0.04231
0.07500, 0.06148
0.07600, 0.08079
0.07700, 0.10001
0.07800, 0.11891
0.07900, 0.13727
0.08000, 0.15486
0.08100, 0.17146
0.08200, 0.18685
0.08300, 0.20079
0.08400, 0.21306
0.08500, 0.22344
0.08600, 0.23168
0.08700, 0.23756
0.08800, 0.24083
0.08900, 0.24125
0.09000, 0.23858
0.09100, 0.23260
0.09200, 0.22305
0.09300, 0.20971
0.09400, 0.19233
0.09500, 0.17071
0.09600, 0.14535
0.09700, 0.11741
0.09800, 0.08806
0.09900, 0.05848
0.10000, 0.02985
0.10100, 0.00335
0.10200, -0.01985
0.10300, -0.03857
0.10400, -0.05163
0.10500, -0.05786
0.10600, -0.05650
0.10700, -0.04841
0.10800, -0.03478
0.10900, -0.01681
0.11000, 0.00431
0.11100, 0.02737
0.11200, 0.05118
0.11300, 0.07455
0.11400, 0.09626
0.11500, 0.11513
0.11600, 0.13001
0.11700, 0.14057
0.11800, 0.14730
0.11900, 0.15069
0.12000, 0.15123
0.12100, 0.14942
0.12200, 0.14574
0.12300, 0.14070
0.12400, 0.13479
0.12500, 0.12851
0.12600, 0.12234
0.12700, 0.11673
0.12800, 0.11187
0.12900, 0.10792
0.13000, 0.10503
0.13100, 0.10337
0.13200, 0.10308
0.13300, 0.10432
0.13400, 0.10725
0.13500, 0.11202
0.13600, 0.11878
0.13700, 0.12769
0.13800, 0.13872
0.13900, 0.15169
0.14000, 0.16643
0.14100, 0.18275
0.14200, 0.20048
0.14300, 0.21944
0.14400, 0.23945
0.14500, 0.26033
0.14600, 0.28189
0.14700, 0.30397
0.14800, 0.32625
0.14900, 0.34799
0.15000, 0.36835
0.15100, 0.38649
0.15200, 0.40156
0.15300, 0.41273
0.15400, 0.41914
0.15500, 0.41997
0.15600, 0.41437
0.15700, 0.40150
0.15800, 0.38057
0.15900, 0.35184
0.16000, 0.31649
0.16100, 0.27573
0.16200, 0.23075
0.16300, 0.18276
0.16400, 0.13298
0.16500, 0.08259
0.16600, 0.03282
0.16700, -0.01513
0.16800, -0.06007
0.16900, -0.10088
0.17000, -0.13679
0.17100, -0.16710
0.17200, -0.19113
0.17300, -0.20816
0.17400, -0.21750
0.17500, -0.21847
0.17600, -0.21035
0.17700, -0.19244
0.17800, -0.16407
0.17900, -0.12460
0.18000, -0.07506
0.18100, -0.01782
0.18200, 0.04468
0.18300, 0.10999
0.18400, 0.17569
0.18500, 0.23933
0.18600, 0.29849
0.18700, 0.35072
0.18800, 0.39358
0.18900, 0.42465
0.19000, 0.44228
0.19100, 0.44747
0.19200, 0.44180
0.19300, 0.42682
0.19400, 0.40409
0.19500, 0.37518
0.19600, 0.34164
0.19700, 0.30505
0.19800, 0.26696
0.19900, 0.22894
0.20000, 0.19251
0.20100, 0.15851
0.20200, 0.12720
0.20300, 0.09881
0.20400, 0.07360
0.20500, 0.05180
0.20600, 0.03365
0.20700, 0.01940
0.20800, 0.00928
0.20900, 0.00354
0.21000, 0.00242
0.21100, 0.00592
0.21200, 0.01322
0.21300, 0.02337
0.21400, 0.03540
0.21500, 0.04833
0.21600, 0.06120
0.21700, 0.07304
0.21800, 0.08289
0.21900, 0.08976
0.22000, 0.09271
0.22100, 0.09080
0.22200, 0.08398
0.22300, 0.07288
0.22400, 0.05819
0.22500, 0.04056
0.22600, 0.02067
0.22700, -0.00081
0.22800, -0.02322
0.22900, -0.04589
0.23000, -0.06815
0.23100, -0.08933
0.23200, -0.10890
0.23300, -0.12676
0.23400, -0.14290
0.23500, -0.15731
0.23600, -0.16999
0.23700, -0.18092
0.23800, -0.19009
0.23900, -0.19750
0.24000, -0.20313
0.24100, -0.20698
0.24200, -0.20904
0.24300, -0.20954
0.24400, -0.20887
0.24500, -0.20741
0.24600, -0.20557
0.24700, -0.20373
0.24800, -0.20230
0.24900, -0.20166
0.25000, -0.20221
0.25100, -0.20435
0.25200, -0.20848
0.25300, -0.21482
0.25400, -0.22316
0.25500, -0.23318
0.25600, -0.24456
0.25700, -0.25696
0.25800, -0.27008
0.25900, -0.28358
0.26000, -0.29716
0.26100, -0.31048
0.26200, -0.32323
0.26300, -0.33508
0.26400, -0.34570
0.26500, -0.35472
0.26600, -0.36179
0.26700, -0.36655
0.26800, -0.36865
0.26900, -0.36773
0.27000, -0.36343
0.27100, -0.35539
0.27200, -0.34326
0.27300, -0.32668
0.27400, -0.30558
0.27500, -0.28075
0.27600, -0.25318
0.27700, -0.22382
0.27800, -0.19364
0.27900, -0.16362
0.28000, -0.13472
0.28100, -0.10792
0.28200, -0.08418
0.28300, -0.06446
0.28400, -0.04971
0.28500, -0.04010
0.28600, -0.03524
0.28700, -0.03475
0.28800, -0.03822
0.28900, -0.04524
0.29000, -0.05543
0.29100, -0.06836
0.29200, -0.08365
0.29300, -0.10090
0.29400, -0.11970
0.29500, -0.13953
0.29600, -0.15954
0.29700, -0.17881
0.29800, -0.19640
0.29900, -0.21140
0.30000, -0.22288
0.30100, -0.22992
0.30200, -0.23158
0.30300, -0.22695
0.30400, -0.21510
0.30500, -0.19518
0.30600, -0.16755
0.30700, -0.13346
0.30800, -0.09421
0.30900, -0.05109
0.31000, -0.00539
0.31100, 0.04158
0.31200, 0.08855
0.31300, 0.13421
0.31400, 0.17728
0.31500, 0.21646
0.31600, 0.25061
0.31700, 0.27907
0.31800, 0.30124
0.31900, 0.31653
0.32000, 0.32436
0.32100, 0.32414
0.32200, 0.31528
0.32300, 0.29719
0.32400, 0.26928
0.32500, 0.23097
0.32600, 0.18176
0.32700, 0.12252
0.32800, 0.05514
0.32900, -0.01844
0.33000, -0.09629
0.33100, -0.17648
0.33200, -0.25708
0.33300, -0.33617
0.33400, -0.41180
0.33500, -0.48206
0.33600, -0.54501
0.33700, -0.59904
0.33800, -0.64347
0.33900, -0.67780
0.34000, -0.70152
0.34100, -0.71411
0.34200, -0.71506
0.34300, -0.70387
0.34400, -0.68003
0.34500, -0.64303
0.34600, -0.59236
0.34700, -0.54883
0.34800, -0.51345
0.34900, -0.47505
0.35000, -0.43400
0.35100, -0.39065
0.35200, -0.34537
0.35300, -0.29850
0.35400, -0.25042
0.35500, -0.20148
0.35600, -0.15204
0.35700, -0.10245
0.35800, -0.05309
0.35900, -0.00431
0.36000, 0.04354
0.36100, 0.09009
0.36200, 0.13498
0.36300, 0.17786
0.36400, 0.21836
0.36500, 0.25613
0.36600, 0.29080
0.36700, 0.32201
0.36800, 0.36442
0.36900, 0.40352
0.37000, 0.42920
0.37100, 0.44296
0.37200, 0.44626
0.37300, 0.44059
0.37400, 0.42744
0.37500, 0.40828
0.37600, 0.38459
0.37700, 0.35786
0.37800, 0.32957
0.37900, 0.30093
0.38000, 0.27247
0.38100, 0.24455
0.38200, 0.21757
0.38300, 0.19190
0.38400, 0.16793
0.38500, 0.14603
0.38600, 0.12660
0.38700, 0.11001
0.38800, 0.09664
0.38900, 0.08684
0.39000, 0.08037
0.39100, 0.07655
0.39200, 0.07473
0.39300, 0.07423
0.39400, 0.07439
0.39500, 0.07452
0.39600, 0.07396
0.39700, 0.07205
0.39800, 0.06810
0.39900, 0.06145
0.40000, 0.05173
0.40100, 0.03938
0.40200, 0.02498
0.40300, 0.00913
0.40400, -0.00760
0.40500, -0.02462
0.40600, -0.04134
0.40700, -0.05719
0.40800, -0.07157
0.40900, -0.08390
0.41000, -0.09362
0.41100, -0.10047
0.41200, -0.10439
0.41300, -0.10534
0.41400, -0.10326
0.41500, -0.09812
0.41600, -0.08986
0.41700, -0.07843
0.41800, -0.06380
0.41900, -0.04590
0.42000, -0.02470
0.42100, -0.00026
0.42200, 0.02700
0.42300, 0.05661
0.42400, 0.08813
0.42500, 0.12108
0.42600, 0.15501
0.42700, 0.18944
0.42800, 0.22392
0.42900, 0.25799
0.43000, 0.29118
0.43100, 0.32302
0.43200, 0.35312
0.43300, 0.38109
0.43400, 0.40655
0.43500, 0.42911
0.43600, 0.44841
0.43700, 0.46406
0.43800, 0.47568
0.43900, 0.48289
0.44000, 0.48532
0.44100, 0.48258
0.44200, 0.47460
0.44300, 0.46215
0.44400, 0.44610
0.44500, 0.42736
0.44600, 0.40680
0.44700, 0.38532
0.44800, 0.36380
0.44900, 0.34314
0.45000, 0.32422
0.45100, 0.30794
0.45200, 0.29511
0.45300, 0.28578
0.45400, 0.27942
0.45500, 0.27551
0.45600, 0.27353
0.45700, 0.27294
0.45800, 0.27322
0.45900, 0.27385
0.46000, 0.27430
0.46100, 0.27405
0.46200, 0.27256
0.46300, 0.26951
0.46400, 0.26511
0.46500, 0.25962
0.46600, 0.25333
0.46700, 0.24652
0.46800, 0.23946
0.46900, 0.23243
0.47000, 0.22571
0.47100, 0.21959
0.47200, 0.21434
0.47300, 0.21022
0.47400, 0.20726
0.47500, 0.20535
0.47600, 0.20436
0.47700, 0.20418
0.47800, 0.20467
0.47900, 0.20572
0.48000, 0.20721
0.48100, 0.20901
0.48200, 0.21101
0.48300, 0.21307
0.48400, 0.21509
0.48500, 0.21696
0.48600, 0.21857
0.48700, 0.21982
0.48800, 0.22061
0.48900, 0.22084
0.49000, 0.22040
0.49100, 0.21919
0.49200, 0.21711
0.49300, 0.21405
0.49400, 0.20993
0.49500, 0.20484
0.49600, 0.19900
0.49700, 0.19264
0.49800, 0.18598
0.49900, 0.17923
0.50000, 0.17263
0.50100, 0.16640
0.50200, 0.16075
0.50300, 0.15591
0.50400, 0.15211
0.50500, 0.14950
0.50600, 0.14810
0.50700, 0.14791
0.50800, 0.14891
0.50900, 0.15111
0.51000, 0.15449
0.51100, 0.15905
0.51200, 0.16478
0.51300, 0.17167
0.51400, 0.17973
0.51500, 0.18890
0.51600, 0.19889
0.51700, 0.20918
0.51800, 0.21927
0.51900, 0.22865
0.52000, 0.23682
0.52100, 0.24326
0.52200, 0.24746
0.52300, 0.24893
0.52400, 0.24715
0.52500, 0.24161
0.52600, 0.23216
0.52700, 0.21945
0.52800, 0.20427
0.52900, 0.18741
0.53000, 0.16966
0.53100, 0.15180
0.53200, 0.13464
0.53300, 0.11894
0.53400, 0.10552
0.53500, 0.09514
0.53600, 0.08856
0.53700, 0.08586
0.53800, 0.08674
0.53900, 0.09091
0.54000, 0.09805
0.54100, 0.10785
0.54200, 0.12000
0.54300, 0.13419
0.54400, 0.15013
0.54500, 0.16748
0.54600, 0.18596
0.54700, 0.20512
0.54800, 0.22420
0.54900, 0.24240
0.55000, 0.25891
0.55100, 0.27295
0.55200, 0.28369
0.55300, 0.29035
0.55400, 0.29212
0.55500, 0.28819
0.55600, 0.27777
0.55700, 0.26014
0.55800, 0.23566
0.55900, 0.20534
0.56000, 0.17019
0.56100, 0.13125
0.56200, 0.08953
0.56300, 0.04606
0.56400, 0.00185
0.56500, -0.04205
0.56600, -0.08465
0.56700, -0.12491
0.56800, -0.16209
0.56900, -0.19610
0.57000, -0.22697
0.57100, -0.25471
0.57200, -0.27933
0.57300, -0.30083
0.57400, -0.31925
0.57500, -0.33459
0.57600, -0.34686
0.57700, -0.35607
0.57800, -0.36225
0.57900, -0.36541
0.58000, -0.36560
0.58100, -0.36284
0.58200, -0.35716
0.58300, -0.34861
0.58400, -0.33721
0.58500, -0.32299
0.58600, -0.30600
0.58700, -0.28625
0.58800, -0.26379
0.58900, -0.23916
0.59000, -0.21408
0.59100, -0.19042
0.59200, -0.17007
0.59300, -0.15491
0.59400, -0.14681
0.59500, -0.14767
0.59600, -0.15936
0.59700, -0.18376
0.59800, -0.22276
0.59900, -0.25708
0.60000, -0.28777
0.60100, -0.32173
0.60200, -0.35835
0.60300, -0.39704
0.60400, -0.43722
0.60500, -0.47828
0.60600, -0.51963
0.60700, -0.56068
0.60800, -0.60083
0.60900, -0.63949
0.61000, -0.67607
0.61100, -0.70997
0.61200, -0.74060
0.61300, -0.76737
0.61400, -0.78967
0.61500, -0.80692
0.61600, -0.81852
0.61700, -0.82388
0.61800, -0.82241
0.61900, -0.81350
0.62000, -0.79664
0.62100, -0.77203
0.62200, -0.74029
0.62300, -0.70207
0.62400, -0.65799
0.62500, -0.60871
0.62600, -0.55485
0.62700, -0.49704
0.62800, -0.43594
0.62900, -0.37217
0.63000, -0.30637
0.63100, -0.23918
0.63200, -0.17124
0.63300, -0.10318
0.63400, -0.03564
0.63500, 0.03075
0.63600, 0.09534
0.63700, 0.15751
0.63800, 0.21661
0.63900, 0.27200
0.64000, 0.32305
0.64100, 0.39861
0.64200, 0.46961
0.64300, 0.52333
0.64400, 0.56179
0.64500, 0.58696
0.64600, 0.60085
0.64700, 0.60545
0.64800, 0.60276
0.64900, 0.59476
0.65000, 0.58346
0.65100, 0.57084
0.65200, 0.55824
0.65300, 0.54552
0.65400, 0.53236
0.65500, 0.51845
0.65600, 0.50345
0.65700, 0.48705
0.65800, 0.46892
0.65900, 0.44875
0.66000, 0.42621
0.66100, 0.40098
0.66200, 0.37278
0.66300, 0.34174
0.66400, 0.30821
0.66500, 0.27255
0.66600, 0.23513
0.66700, 0.19631
0.66800, 0.15644
0.66900, 0.11589
0.67000, 0.07503
0.67100, 0.03421
0.67200, -0.00621
0.67300, -0.04584
0.67400, -0.08426
0.67500, -0.12102
0.67600, -0.15570
0.67700, -0.18785
0.67800, -0.21704
0.67900, -0.24283
0.68000, -0.26479
0.68100, -0.28248
0.68200, -0.29547
0.68300, -0.30335
0.68400, -0.30603
0.68500, -0.30357
0.68600, -0.29607
0.68700, -0.28358
0.68800, -0.26620
0.68900, -0.24401
0.69000, -0.21706
0.69100, -0.18546
0.69200, -0.14927
0.69300, -0.10857
0.69400, -0.06368
0.69500, -0.01546
0.69600, 0.03521
0.69700, 0.08741
0.69800, 0.14025
0.69900, 0.19280
0.70000, 0.24418
0.70100, 0.29347
0.70200, 0.33977
0.70300, 0.38217
0.70400, 0.41988
0.70500, 0.45307
0.70600, 0.48248
0.70700, 0.50884
0.70800, 0.53288
0.70900, 0.55534
0.71000, 0.57696
0.71100, 0.59846
0.71200, 0.62058
0.71300, 0.64407
0.71400, 0.66964
0.71500, 0.69725
0.71600, 0.72521
0.71700, 0.75166
0.71800, 0.77471
0.71900, 0.79248
0.72000, 0.80309
0.72100, 0.80468
0.72200, 0.79535
0.72300, 0.77324
0.72400, 0.73646
0.72500, 0.71448
0.72600, 0.70089
0.72700, 0.68632
0.72800, 0.67082
0.72900, 0.65444
0.73000, 0.63723
0.73100, 0.61924
0.73200, 0.60052
0.73300, 0.58112
0.73400, 0.56109
0.73500, 0.54048
0.73600, 0.51934
0.73700, 0.49771
0.73800, 0.47566
0.73900, 0.45322
0.74000, 0.43046
0.74100, 0.40741
0.74200, 0.38413
0.74300, 0.36067
0.74400, 0.33707
0.74500, 0.31339
0.74600, 0.28969
0.74700, 0.26599
0.74800, 0.24237
0.74900, 0.21887
0.75000, 0.19553
0.75100, 0.17240
0.75200, 0.14955
0.75300, 0.12701
0.75400, 0.10484
0.75500, 0.08308
0.75600, 0.06179
0.75700, 0.04102
0.75800, 0.02081
0.75900, 0.00122
0.76000, -0.01770
0.76100, -0.03591
0.76200, -0.05336
0.76300, -0.06999
0.76400, -0.08575
0.76500, -0.10060
0.76600, -0.11448
0.76700, -0.15246
0.76800, -0.18589
0.76900, -0.20581
0.77000, -0.21391
0.77100, -0.21188
0.77200, -0.20139
0.77300, -0.18414
0.77400, -0.16181
0.77500, -0.13607
0.77600, -0.10863
0.77700, -0.08115
0.77800, -0.05490
0.77900, -0.03033
0.78000, -0.00780
0.78100, 0.01236
0.78200, 0.02978
0.78300, 0.04412
0.78400, 0.05502
0.78500, 0.06213
0.78600, 0.06511
0.78700, 0.06359
0.78800, 0.05730
0.78900, 0.04665
0.79000, 0.03239
0.79100, 0.01526
0.79200, -0.00398
0.79300, -0.02459
0.79400, -0.04580
0.79500, -0.06687
0.79600, -0.08704
0.79700, -0.10557
0.79800, -0.12170
0.79900, -0.13513
0.80000, -0.14639
0.80100, -0.15610
0.80200, -0.16490
0.80300, -0.17341
0.80400, -0.18225
0.80500, -0.19207
0.80600, -0.20348
0.80700, -0.21711
0.80800, -0.23360
0.80900, -0.25346
0.81000, -0.27633
0.81100, -0.30139
0.81200, -0.32780
0.81300, -0.35474
0.81400, -0.38140
0.81500, -0.40694
0.81600, -0.43054
0.81700, -0.45138
0.81800, -0.46862
0.81900, -0.48146
0.82000, -0.48948
0.82100, -0.49309
0.82200, -0.49278
0.82300, -0.48904
0.82400, -0.48235
0.82500, -0.47321
0.82600, -0.46209
0.82700, -0.44950
0.82800, -0.43592
0.82900, -0.42183
0.83000, -0.40771
0.83100, -0.39378
0.83200, -0.38015
0.83300, -0.36696
0.83400, -0.35431
0.83500, -0.34233
0.83600, -0.33113
0.83700, -0.32083
0.83800, -0.31156
0.83900, -0.30342
0.84000, -0.29654
0.84100, -0.29088
0.84200, -0.28613
0.84300, -0.28196
0.84400, -0.27804
0.84500, -0.27401
0.84600, -0.26955
0.84700, -0.26432
0.84800, -0.25798
0.84900, -0.25019
0.85000, -0.24062
0.85100, -0.22896
0.85200, -0.21525
0.85300, -0.19968
0.85400, -0.18245
0.85500, -0.16374
0.85600, -0.14375
0.85700, -0.12266
0.85800, -0.10069
0.85900, -0.07800
0.86000, -0.05481
0.86100, -0.03130
0.86200, -0.00781
0.86300, 0.01501
0.86400, 0.03651
0.86500, 0.05604
0.86600, 0.07293
0.86700, 0.08653
0.86800, 0.09617
0.86900, 0.10120
0.87000, 0.10095
0.87100, 0.09478
0.87200, 0.08215
0.87300, 0.06352
0.87400, 0.03985
0.87500, 0.01211
0.87600, -0.01876
0.87700, -0.05180
0.87800, -0.08604
0.87900, -0.12054
0.88000, -0.15434
0.88100, -0.18648
0.88200, -0.21600
0.88300, -0.24217
0.88400, -0.26463
0.88500, -0.28307
0.88600, -0.29717
0.88700, -0.30662
0.88800, -0.31110
0.88900, -0.31030
0.89000, -0.30390
0.89100, -0.29159
0.89200, -0.27306
0.89300, -0.24809
0.89400, -0.21727
0.89500, -0.18157
0.89600, -0.14195
0.89700, -0.09939
0.89800, -0.05484
0.89900, -0.00928
0.90000, 0.03632
0.90100, 0.08100
0.90200, 0.12379
0.90300, 0.16373
0.90400, 0.20032
0.90500, 0.23394
0.90600, 0.26500
0.90700, 0.29395
0.90800, 0.32123
0.90900, 0.34726
0.91000, 0.37250
0.91100, 0.39737
0.91200, 0.42231
0.91300, 0.44776
0.91400, 0.47409
0.91500, 0.50108
0.91600, 0.52827
0.91700, 0.55520
0.91800, 0.58138
0.91900, 0.60636
0.92000, 0.62967
0.92100, 0.65084
0.92200, 0.66939
0.92300, 0.68487
0.92400, 0.69680
0.92500, 0.70500
0.92600, 0.70976
0.92700, 0.71144
0.92800, 0.71038
0.92900, 0.70692
0.93000, 0.70142
0.93100, 0.69420
0.93200, 0.68563
0.93300, 0.67604
0.93400, 0.66578
0.93500, 0.65518
0.93600, 0.64447
0.93700, 0.63383
0.93800, 0.62344
0.93900, 0.61346
0.94000, 0.60409
0.94100, 0.59550
0.94200, 0.58787
0.94300, 0.58138
0.94400, 0.57621
0.94500, 0.57252
0.94600, 0.57046
0.94700, 0.57006
0.94800, 0.57136
0.94900, 0.57438
0.95000, 0.57916
0.95100, 0.58573
0.95200, 0.59412
0.95300, 0.60438
0.95400, 0.61652
0.95500, 0.63058
0.95600, 0.64648
0.95700, 0.66334
0.95800, 0.67993
0.95900, 0.69498
0.96000, 0.70726
0.96100, 0.71554
0.96200, 0.71855
0.96300, 0.71506
0.96400, 0.70383
0.96500, 0.68360
0.96600, 0.65316
0.96700, 0.61233
0.96800, 0.56268
0.96900, 0.50596
0.97000, 0.44391
0.97100, 0.37829
0.97200, 0.31084
0.97300, 0.24330
0.97400, 0.17742
0.97500, 0.11495
0.97600, 0.05762
0.97700, 0.00702
0.97800, -0.03658
0.97900, -0.07345
0.98000, -0.10388
0.98100, -0.12813
0.98200, -0.14648
0.98300, -0.15922
0.98400, -0.16662
0.98500, -0.16895
0.98600, -0.16650
0.98700, -0.15954
0.98800, -0.14852
0.98900, -0.13413
0.99000, -0.11711
0.99100, -0.09817
0.99200, -0.07805
0.99300, -0.05747
0.99400, -0.03716
0.99500, -0.01784
0.99600, -0.00024
0.99700, 0.01491
0.99800, 0.02700
0.99900, 0.03617
1.00000, 0.04288
1.00100, 0.04759
1.00200, 0.05077
1.00300, 0.05289
1.00400, 0.05442
1.00500, 0.05581
1.00600, 0.05753
1.00700, 0.06005
1.00800, 0.06383
1.00900, 0.06904
1.01000, 0.07535
1.01100, 0.08241
1.01200, 0.08985
1.01300, 0.09731
1.01400, 0.10444
1.01500, 0.11088
1.01600, 0.11626
1.01700, 0.12022
1.01800, 0.12241
1.01900, 0.12251
1.02000, 0.12065
1.02100, 0.11708
1.02200, 0.11208
1.02300, 0.10593
1.02400, 0.09890
1.02500, 0.09127
1.02600, 0.08330
1.02700, 0.07528
1.02800, 0.06747
1.02900, 0.06015
1.03000, 0.05350
1.03100, 0.04759
1.03200, 0.04246
1.03300, 0.03815
1.03400, 0.03470
1.03500, 0.03217
1.03600, 0.03059
1.03700, 0.03001
1.03800, 0.03048
1.03900, 0.03203
1.04000, 0.03468
1.04100, 0.03823
1.04200, 0.04238
1.04300, 0.04683
1.04400, 0.05129
1.04500, 0.05546
1.04600, 0.05905
1.04700, 0.06177
1.04800, 0.06331
1.04900, 0.06338
1.05000, 0.06169
1.05100, 0.05819
1.05200, 0.05321
1.05300, 0.04710
1.05400, 0.04022
1.05500, 0.03293
1.05600, 0.02559
1.05700, 0.01855
1.05800, 0.01217
1.05900, 0.00682
1.06000, 0.00284
1.06100, 0.00053
1.06200, -0.00028
1.06300, 0.00004
1.06400, 0.00115
1.06500, 0.00269
1.06600, 0.00430
1.06700, 0.00563
1.06800, 0.00632
1.06900, 0.00601
1.07000, 0.00436
1.07100, 0.00100
1.07200, -0.00406
1.07300, -0.01025
1.07400, -0.01699
1.07500, -0.02367
1.07600, -0.02970
1.07700, -0.03447
1.07800, -0.03739
1.07900, -0.03787
1.08000, -0.03529
1.08100, -0.02906
1.08200, -0.02357
1.08300, -0.01773
1.08400, -0.01095
1.08500, -0.00330
1.08600, 0.00512
1.08700, 0.01424
1.08800, 0.02399
1.08900, 0.03427
1.09000, 0.04502
1.09100, 0.05616
1.09200, 0.06759
1.09300, 0.07926
1.09400, 0.09106
1.09500, 0.10294
1.09600, 0.11479
1.09700, 0.12656
1.09800, 0.13816
1.09900, 0.14950
1.10000, 0.16051
1.10100, 0.17111
1.10200, 0.18122
1.10300, 0.19837
1.10400, 0.21422
1.10500, 0.22671
1.10600, 0.23531
1.10700, 0.23944
1.10800, 0.23857
1.10900, 0.23213
1.11000, 0.21957
1.11100, 0.20034
1.11200, 0.17388
1.11300, 0.13965
1.11400, 0.09789
1.11500, 0.04994
1.11600, -0.00274
1.11700, -0.05871
1.11800, -0.11651
1.11900, -0.17471
1.12000, -0.23184
1.12100, -0.28647
1.12200, -0.33715
1.12300, -0.38243
1.12400, -0.42105
1.12500, -0.45297
1.12600, -0.47857
1.12700, -0.49826
1.12800, -0.51246
1.12900, -0.52155
1.13000, -0.52594
1.13100, -0.52604
1.13200, -0.52225
1.13300, -0.51496
1.13400, -0.50460
1.13500, -0.49163
1.13600, -0.47667
1.13700, -0.46034
1.13800, -0.44325
1.13900, -0.42602
1.14000, -0.40926
1.14100, -0.39359
1.14200, -0.37963
1.14300, -0.36799
1.14400, -0.35929
1.14500, -0.35405
1.14600, -0.35227
1.14700, -0.35372
1.14800, -0.35819
1.14900, -0.36547
1.15000, -0.37533
1.15100, -0.38756
1.15200, -0.40194
1.15300, -0.41826
1.15400, -0.43630
1.15500, -0.45584
1.15600, -0.47622
1.15700, -0.49617
1.15800, -0.51440
1.15900, -0.52958
1.16000, -0.54041
1.16100, -0.54558
1.16200, -0.54378
1.16300, -0.53370
1.16400, -0.51403
1.16500, -0.48346
1.16600, -0.44106
1.16700, -0.38818
1.16800, -0.32699
1.16900, -0.25968
1.17000, -0.18843
1.17100, -0.11542
1.17200, -0.04282
1.17300, 0.02719
1.17400, 0.09241
1.17500, 0.15068
1.17600, 0.19983
1.17700, 0.23886
1.17800, 0.26835
1.17900, 0.28901
1.18000, 0.30155
1.18100, 0.30667
1.18200, 0.30508
1.18300, 0.29748
1.18400, 0.28458
1.18500, 0.26708
1.18600, 0.24570
1.18700, 0.23224
1.18800, 0.21951
1.18900, 0.20615
1.19000, 0.19223
1.19100, 0.17783
1.19200, 0.16302
1.19300, 0.14788
1.19400, 0.13249
1.19500, 0.11692
1.19600, 0.10125
1.19700, 0.08554
1.19800, 0.06989
1.19900, 0.05436
1.20000, 0.03902
1.20100, 0.02396
1.20200, 0.00925
1.20300, -0.00504
1.20400, -0.01883
1.20500, -0.03204
1.20600, -0.04460
1.20700, -0.05643
1.20800, -0.07653
1.20900, -0.09460
1.21000, -0.10913
1.21100, -0.11998
1.21200, -0.12699
1.21300, -0.13000
1.21400, -0.12887
1.21500, -0.12344
1.21600, -0.11356
1.21700, -0.09907
1.21800, -0.07984
1.21900, -0.05613
1.22000, -0.02884
1.22100, 0.00116
1.22200, 0.03294
1.22300, 0.06560
1.22400, 0.09823
1.22500, 0.12994
1.22600, 0.15981
1.22700, 0.18694
1.22800, 0.21042
1.22900, 0.22954
1.23000, 0.24459
1.23100, 0.25624
1.23200, 0.26515
1.23300, 0.27198
1.23400, 0.27740
1.23500, 0.28207
1.23600, 0.28664
1.23700, 0.29179
1.23800, 0.29817
1.23900, 0.30644
1.24000, 0.31684
1.24100, 0.32906
1.24200, 0.34277
1.24300, 0.35762
1.24400, 0.37328
1.24500, 0.38941
1.24600, 0.40566
1.24700, 0.42170
1.24800, 0.43718
1.24900, 0.45177
1.25000, 0.46516
1.25100, 0.47721
1.25200, 0.48783
1.25300, 0.49694
1.25400, 0.50447
1.25500, 0.51032
1.25600, 0.51441
1.25700, 0.51667
1.25800, 0.51701
1.25900, 0.51534
1.26000, 0.51160
1.26100, 0.50594
1.26200, 0.49887
1.26300, 0.49090
1.26400, 0.48254
1.26500, 0.47431
1.26600, 0.46672
1.26700, 0.46028
1.26800, 0.45552
1.26900, 0.45294
1.27000, 0.45305
1.27100, 0.45619
1.27200, 0.46165
1.27300, 0.46840
1.27400, 0.47540
1.27500, 0.48160
1.27600, 0.48597
1.27700, 0.48748
1.27800, 0.48508
1.27900, 0.47773
1.28000, 0.46440
1.28100, 0.44408
1.28200, 0.41679
1.28300, 0.38391
1.28400, 0.34690
1.28500, 0.30721
1.28600, 0.26630
1.28700, 0.22563
1.28800, 0.18665
1.28900, 0.15082
1.29000, 0.11960
1.29100, 0.09445
1.29200, 0.07653
1.29300, 0.06545
1.29400, 0.06032
1.29500, 0.06026
1.29600, 0.06436
1.29700, 0.07175
1.29800, 0.08152
1.29900, 0.09279
1.30000, 0.10467
1.30100, 0.11626
1.30200, 0.12669
1.30300, 0.13541
1.30400, 0.14233
1.30500, 0.14736
1.30600, 0.15044
1.30700, 0.15148
1.30800, 0.15042
1.30900, 0.14717
1.31000, 0.14166
1.31100, 0.13381
1.31200, 0.12355
1.31300, 0.11085
1.31400, 0.09590
1.31500, 0.07894
1.31600, 0.06024
1.31700, 0.04006
1.31800, 0.01866
1.31900, -0.00372
1.32000, -0.02680
1.32100, -0.05034
1.32200, -0.07406
1.32300, -0.09772
1.32400, -0.12083
1.32500, -0.14265
1.32600, -0.16242
1.32700, -0.17937
1.32800, -0.19276
1.32900, -0.20182
1.33000, -0.20578
1.33100, -0.20390
1.33200, -0.19542
1.33300, -0.17956
1.33400, -0.15591
1.33500, -0.12567
1.33600, -0.09058
1.33700, -0.05238
1.33800, -0.01281
1.33900, 0.02640
1.34000, 0.06351
1.34100, 0.09679
1.34200, 0.12450
1.34300, 0.14490
1.34400, 0.15630
1.34500, 0.15834
1.34600, 0.15226
1.34700, 0.13942
1.34800, 0.12117
1.34900, 0.09887
1.35000, 0.07385
1.35100, 0.04748
1.35200, 0.02110
1.35300, -0.00393
1.35400, -0.02627
1.35500, -0.04480
1.35600, -0.05954
1.35700, -0.07090
1.35800, -0.07928
1.35900, -0.08505
1.36000, -0.08862
1.36100, -0.09038
1.36200, -0.09072
1.36300, -0.09003
1.36400, -0.08871
1.36500, -0.08715
1.36600, -0.08560
1.36700, -0.08416
1.36800, -0.08293
1.36900, -0.08200
1.37000, -0.08144
1.37100, -0.08137
1.37200, -0.08186
1.37300, -0.08300
1.37400, -0.08489
1.37500, -0.08762
1.37600, -0.09121
1.37700, -0.09531
1.37800, -0.09949
1.37900, -0.10330
1.38000, -0.10630
1.38100, -0.10805
1.38200, -0.10810
1.38300, -0.10601
1.38400, -0.10134
1.38500, -0.09364
1.38600, -0.08248
1.38700, -0.06790
1.38800, -0.05045
1.38900, -0.03072
1.39000, -0.00930
1.39100, 0.01321
1.39200, 0.03623
1.39300, 0.05916
1.39400, 0.08142
1.39500, 0.10241
1.39600, 0.12155
1.39700, 0.13824
1.39800, 0.15191
1.39900, 0.16198
1.40000, 0.16787
1.40100, 0.16901
1.40200, 0.16483
1.40300, 0.15474
1.40400, 0.13816
1.40500, 0.11454
1.40600, 0.08328
1.40700, 0.05336
1.40800, 0.03151
1.40900, 0.00788
1.41000, -0.01728
1.41100, -0.04372
1.41200, -0.07121
1.41300, -0.09950
1.41400, -0.12834
1.41500, -0.15749
1.41600, -0.18671
1.41700, -0.21574
1.41800, -0.24435
1.41900, -0.27228
1.42000, -0.29930
1.42100, -0.32516
1.42200, -0.34961
1.42300, -0.37241
1.42400, -0.39332
1.42500, -0.41208
1.42600, -0.42846
1.42700, -0.44221
1.42800, -0.45705
1.42900, -0.46772
1.43000, -0.46830
1.43100, -0.46012
1.43200, -0.44451
1.43300, -0.42280
1.43400, -0.39634
1.43500, -0.36644
1.43600, -0.33446
1.43700, -0.30172
1.43800, -0.26956
1.43900, -0.23915
1.44000, -0.21091
1.44100, -0.18505
1.44200, -0.16177
1.44300, -0.14129
1.44400, -0.12380
1.44500, -0.10953
1.44600, -0.09866
1.44700, -0.09142
1.44800, -0.08801
1.44900, -0.08862
1.45000, -0.09308
1.45100, -0.10080
1.45200, -0.11119
1.45300, -0.12364
1.45400, -0.13754
1.45500, -0.15228
1.45600, -0.16727
1.45700, -0.18190
1.45800, -0.19556
1.45900, -0.20765
1.46000, -0.21761
1.46100, -0.22511
1.46200, -0.22984
1.46300, -0.23154
1.46400, -0.22992
1.46500, -0.22469
1.46600, -0.21556
1.46700, -0.20226
1.46800, -0.18451
1.46900, -0.16201
1.47000, -0.13449
1.47100, -0.10213
1.47200, -0.06553
1.47300, -0.02536
1.47400, 0.01774
1.47500, 0.06312
1.47600, 0.11013
1.47700, 0.15813
1.47800, 0.20645
1.47900, 0.25446
1.48000, 0.30151
1.48100, 0.34692
1.48200, 0.38991
1.48300, 0.42968
1.48400, 0.46542
1.48500, 0.49632
1.48600, 0.52158
1.48700, 0.54040
1.48800, 0.55196
1.48900, 0.55545
1.49000, 0.55008
1.49100, 0.53507
1.49200, 0.51075
1.49300, 0.47859
1.49400, 0.44013
1.49500, 0.39690
1.49600, 0.35044
1.49700, 0.30229
1.49800, 0.25398
1.49900, 0.20705
1.50000, 0.16303
1.50100, 0.12347
1.50200, 0.08952
1.50300, 0.06081
1.50400, 0.03650
1.50500, 0.01580
1.50600, -0.00213
1.50700, -0.01809
1.50800, -0.03290
1.50900, -0.04737
1.51000, -0.06233
1.51100, -0.07858
1.51200, -0.09693
1.51300, -0.11763
1.51400, -0.14039
1.51500, -0.16489
1.51600, -0.19080
1.51700, -0.21780
1.51800, -0.24557
1.51900, -0.27379
1.52000, -0.30213
1.52100, -0.33027
1.52200, -0.35788
1.52300, -0.38451
1.52400, -0.40906
1.52500, -0.43031
1.52600, -0.44701
1.52700, -0.45792
1.52800, -0.46180
1.52900, -0.45741
1.53000, -0.44352
1.53100, -0.41888
1.53200, -0.38225
1.53300, -0.33247
1.53400, -0.26995
1.53500, -0.19678
1.53600, -0.11512
1.53700, -0.02714
1.53800, 0.06501
1.53900, 0.15916
1.54000, 0.25314
1.54100, 0.34481
1.54200, 0.43199
1.54300, 0.51252
1.54400, 0.58443
1.54500, 0.64651
1.54600, 0.69774
1.54700, 0.73711
1.54800, 0.76361
1.54900, 0.77623
1.55000, 0.77396
1.55100, 0.75578
1.55200, 0.72069
1.55300, 0.66766
1.55400, 0.59579
1.55500, 0.50631
1.55600, 0.40269
1.55700, 0.28849
1.55800, 0.16726
1.55900, 0.04256
1.56000, -0.08204
1.56100, -0.20299
1.56200, -0.31672
1.56300, -0.41969
1.56400, -0.50832
1.56500, -0.57988
1.56600, -0.63490
1.56700, -0.67476
1.56800, -0.70082
1.56900, -0.71447
1.57000, -0.71707
1.57100, -0.71000
1.57200, -0.69463
1.57300, -0.67234
1.57400, -0.64449
1.57500, -0.61244
1.57600, -0.57699
1.57700, -0.53843
1.57800, -0.49700
1.57900, -0.45296
1.58000, -0.40655
1.58100, -0.35803
1.58200, -0.30764
1.58300, -0.25564
1.58400, -0.20228
1.58500, -0.14781
1.58600, -0.09256
1.58700, -0.03719
1.58800, 0.01755
1.58900, 0.07092
1.59000, 0.12218
1.59100, 0.17058
1.59200, 0.21538
1.59300, 0.25584
1.59400, 0.29122
1.59500, 0.32077
1.59600, 0.34378
1.59700, 0.36034
1.59800, 0.37129
1.59900, 0.37752
1.60000, 0.37990
1.60100, 0.37933
1.60200, 0.37669
1.60300, 0.37285
1.60400, 0.36871
1.60500, 0.36514
1.60600, 0.36304
1.60700, 0.36305
1.60800, 0.36494
1.60900, 0.36826
1.61000, 0.37255
1.61100, 0.37737
1.61200, 0.38226
1.61300, 0.38678
1.61400, 0.39047
1.61500, 0.39287
1.61600, 0.39354
1.61700, 0.39205
1.61800, 0.38832
1.61900, 0.38264
1.62000, 0.37530
1.62100, 0.36661
1.62200, 0.35687
1.62300, 0.34637
1.62400, 0.33541
1.62500, 0.32429
1.62600, 0.31331
1.62700, 0.30277
1.62800, 0.29292
1.62900, 0.28384
1.63000, 0.27556
1.63100, 0.26813
1.63200, 0.26157
1.63300, 0.25593
1.63400, 0.25124
1.63500, 0.24753
1.63600, 0.24484
1.63700, 0.24321
1.63800, 0.24267
1.63900, 0.24317
1.64000, 0.24459
1.64100, 0.24678
1.64200, 0.24962
1.64300, 0.25298
1.64400, 0.25673
1.64500, 0.26073
1.64600, 0.26486
1.64700, 0.26898
1.64800, 0.27296
1.64900, 0.27667
1.65000, 0.27998
1.65100, 0.28275
1.65200, 0.28484
1.65300, 0.28613
1.65400, 0.28647
1.65500, 0.28573
1.65600, 0.28378
1.65700, 0.28048
1.65800, 0.27570
1.65900, 0.26931
1.66000, 0.26153
1.66100, 0.25284
1.66200, 0.24378
1.66300, 0.23485
1.66400, 0.22657
1.66500, 0.21944
1.66600, 0.21400
1.66700, 0.21075
1.66800, 0.21021
1.66900, 0.21289
1.67000, 0.21908
1.67100, 0.22831
1.67200, 0.23988
1.67300, 0.25313
1.67400, 0.26736
1.67500, 0.28192
1.67600, 0.29611
1.67700, 0.30927
1.67800, 0.32072
1.67900, 0.32977
1.68000, 0.33578
1.68100, 0.33869
1.68200, 0.33894
1.68300, 0.33702
1.68400, 0.33340
1.68500, 0.32856
1.68600, 0.32298
1.68700, 0.31714
1.68800, 0.31152
1.68900, 0.30659
1.69000, 0.30282
1.69100, 0.30057
1.69200, 0.29963
1.69300, 0.29972
1.69400, 0.30053
1.69500, 0.30177
1.69600, 0.30314
1.69700, 0.30433
1.69800, 0.30505
1.69900, 0.30500
1.70000, 0.30389
1.70100, 0.30142
1.70200, 0.29750
1.70300, 0.29222
1.70400, 0.28567
1.70500, 0.27795
1.70600, 0.26914
1.70700, 0.25935
1.70800, 0.24867
1.70900, 0.23719
1.71000, 0.22500
1.71100, 0.21220
1.71200, 0.19888
1.71300, 0.18512
1.71400, 0.17100
1.71500, 0.15660
1.71600, 0.14200
1.71700, 0.12729
1.71800, 0.11255
1.71900, 0.09785
1.72000, 0.08327
1.72100, 0.06890
1.72200, 0.05482
1.72300, 0.04108
1.72400, 0.02776
1.72500, 0.01488
1.72600, 0.00252
1.72700, -0.00929
1.72800, -0.02049
1.72900, -0.03103
1.73000, -0.04085
1.73100, -0.04991
1.73200, -0.05816
1.73300, -0.06557
1.73400, -0.07225
1.73500, -0.07834
1.73600, -0.08396
1.73700, -0.08925
1.73800, -0.09433
1.73900, -0.09934
1.74000, -0.10441
1.74100, -0.10967
1.74200, -0.11525
1.74300, -0.12127
1.74400, -0.12752
1.74500, -0.13355
1.74600, -0.13889
1.74700, -0.14306
1.74800, -0.14558
1.74900, -0.14600
1.75000, -0.14382
1.75100, -0.13859
1.75200, -0.12983
1.75300, -0.11748
1.75400, -0.10953
1.75500, -0.10054
1.75600, -0.09057
1.75700, -0.07969
1.75800, -0.06795
1.75900, -0.05542
1.76000, -0.04217
1.76100, -0.02825
1.76200, -0.01374
1.76300, 0.00131
1.76400, 0.01683
1.76500, 0.03275
1.76600, 0.04901
1.76700, 0.06555
1.76800, 0.08230
1.76900, 0.09921
1.77000, 0.11620
1.77100, 0.13321
1.77200, 0.15018
1.77300, 0.16704
1.77400, 0.18373
1.77500, 0.20021
1.77600, 0.21645
1.77700, 0.23247
1.77800, 0.24826
1.77900, 0.26384
1.78000, 0.27919
1.78100, 0.29432
1.78200, 0.30923
1.78300, 0.32393
1.78400, 0.33841
1.78500, 0.35268
1.78600, 0.36675
1.78700, 0.38060
1.78800, 0.39425
1.78900, 0.40769
1.79000, 0.42092
1.79100, 0.43396
1.79200, 0.44680
1.79300, 0.45944
1.79400, 0.47188
1.79500, 0.48496
1.79600, 0.50866
1.79700, 0.53057
1.79800, 0.54975
1.79900, 0.56524
1.80000, 0.57611
1.80100, 0.58139
1.80200, 0.58015
1.80300, 0.57143
1.80400, 0.55429
1.80500, 0.52777
1.80600, 0.49104
1.80700, 0.44499
1.80800, 0.39194
1.80900, 0.33428
1.81000, 0.27438
1.81100, 0.21462
1.81200, 0.15737
1.81300, 0.10501
1.81400, 0.05992
1.81500, 0.02448
1.81600, 0.00104
1.81700, -0.00913
1.81800, -0.00842
1.81900, 0.00008
1.82000, 0.01326
1.82100, 0.02802
1.82200, 0.04128
1.82300, 0.04993
1.82400, 0.05087
1.82500, 0.04101
1.82600, 0.01725
1.82700, -0.02330
1.82800, -0.08016
1.82900, -0.15010
1.83000, -0.22981
1.83100, -0.31597
1.83200, -0.40527
1.83300, -0.49442
1.83400, -0.58009
1.83500, -0.65898
1.83600, -0.72777
1.83700, -0.78316
1.83800, -0.82293
1.83900, -0.84829
1.84000, -0.86112
1.84100, -0.86330
1.84200, -0.85670
1.84300, -0.84320
1.84400, -0.82468
1.84500, -0.80301
1.84600, -0.78007
1.84700, -0.75775
1.84800, -0.73784
1.84900, -0.72109
1.85000, -0.70737
1.85100, -0.69655
1.85200, -0.68846
1.85300, -0.68299
1.85400, -0.67996
1.85500, -0.67925
1.85600, -0.68071
1.85700, -0.68419
1.85800, -0.68955
1.85900, -0.69650
1.86000, -0.70429
1.86100, -0.71209
1.86200, -0.71906
1.86300, -0.72439
1.86400, -0.72723
1.86500, -0.72676
1.86600, -0.72214
1.86700, -0.71254
1.86800, -0.69714
1.86900, -0.68238
1.87000, -0.66989
1.87100, -0.65592
1.87200, -0.64062
1.87300, -0.62415
1.87400, -0.60668
1.87500, -0.58836
1.87600, -0.56936
1.87700, -0.54983
1.87800, -0.52994
1.87900, -0.50985
1.88000, -0.48972
1.88100, -0.46970
1.88200, -0.44997
1.88300, -0.43068
1.88400, -0.41199
1.88500, -0.39406
1.88600, -0.37705
1.88700, -0.36113
1.88800, -0.34646
1.88900, -0.33319
1.89000, -0.31521
1.89100, -0.29796
1.89200, -0.28558
1.89300, -0.27702
1.89400, -0.27124
1.89500, -0.26721
1.89600, -0.26388
1.89700, -0.26021
1.89800, -0.25517
1.89900, -0.24772
1.90000, -0.23682
1.90100, -0.22184
1.90200, -0.20341
1.90300, -0.18236
1.90400, -0.15955
1.90500, -0.13581
1.90600, -0.11200
1.90700, -0.08894
1.90800, -0.06750
1.90900, -0.04851
1.91000, -0.03281
1.91100, -0.02120
1.91200, -0.01367
1.91300, -0.00962
1.91400, -0.00842
1.91500, -0.00945
1.91600, -0.01209
1.91700, -0.01573
1.91800, -0.01974
1.91900, -0.02350
1.92000, -0.02638
1.92100, -0.02777
1.92200, -0.02718
1.92300, -0.02445
1.92400, -0.01952
1.92500, -0.01231
1.92600, -0.00274
1.92700, 0.00926
1.92800, 0.02376
1.92900, 0.04085
1.93000, 0.06059
1.93100, 0.08306
1.93200, 0.10831
1.93300, 0.13591
1.93400, 0.16512
1.93500, 0.19516
1.93600, 0.22527
1.93700, 0.25469
1.93800, 0.28264
1.93900, 0.30835
1.94000, 0.33107
1.94100, 0.35003
1.94200, 0.36446
1.94300, 0.37396
1.94400, 0.37915
1.94500, 0.38084
1.94600, 0.37984
1.94700, 0.37695
1.94800, 0.37298
1.94900, 0.36873
1.95000, 0.36502
1.95100, 0.36264
1.95200, 0.36241
1.95300, 0.36506
1.95400, 0.37039
1.95500, 0.37753
1.95600, 0.38556
1.95700, 0.39360
1.95800, 0.40074
1.95900, 0.40608
1.96000, 0.40872
1.96100, 0.40777
1.96200, 0.40231
1.96300, 0.39146
1.96400, 0.37474
1.96500, 0.35286
1.96600, 0.32675
1.96700, 0.29734
1.96800, 0.26553
1.96900, 0.23226
1.97000, 0.19845
1.97100, 0.16501
1.97200, 0.13287
1.97300, 0.10296
1.97400, 0.07615
1.97500, 0.05284
1.97600, 0.03304
1.97700, 0.01679
1.97800, 0.00409
1.97900, -0.00503
1.98000, -0.01055
1.98100, -0.01246
1.98200, -0.01073
1.98300, -0.00534
1.98400, 0.00372
1.98500, 0.01631
1.98600, 0.03181
1.98700, 0.04954
1.98800, 0.06881
1.98900, 0.08894
1.99000, 0.10923
1.99100, 0.12900
1.99200, 0.14756
1.99300, 0.16422
1.99400, 0.17831
1.99500, 0.18916
1.99600, 0.19664
1.99700, 0.20098
1.99800, 0.20242
1.99900, 0.20119
2.00000, 0.19753
2.00100, 0.19166
2.00200, 0.18383
2.00300, 0.17427
2.00400, 0.16322
2.00500, 0.15090
2.00600, 0.13756
2.00700, 0.12340
2.00800, 0.10865
2.00900, 0.09352
2.01000, 0.07821
2.01100, 0.06296
2.01200, 0.04797
2.01300, 0.03346
2.01400, 0.01965
2.01500, 0.00674
2.01600, -0.00504
2.01700, -0.01542
2.01800, -0.02409
2.01900, -0.03075
2.02000, -0.03508
2.02100, -0.03679
2.02200, -0.03556
2.02300, -0.03108
2.02400, -0.02305
2.02500, -0.01116
2.02600, 0.00490
2.02700, 0.02500
2.02800, 0.04788
2.02900, 0.07209
2.03000, 0.09619
2.03100, 0.11874
2.03200, 0.13828
2.03300, 0.15337
2.03400, 0.16256
2.03500, 0.16441
2.03600, 0.15748
2.03700, 0.14043
2.03800, 0.11347
2.03900, 0.07785
2.04000, 0.03483
2.04100, -0.01432
2.04200, -0.06833
2.04300, -0.12594
2.04400, -0.18589
2.04500, -0.24690
2.04600, -0.30771
2.04700, -0.36706
2.04800, -0.42353
2.04900, -0.47534
2.05000, -0.52066
2.05100, -0.55764
2.05200, -0.58444
2.05300, -0.59923
2.05400, -0.60016
2.05500, -0.58540
2.05600, -0.55310
2.05700, -0.50143
2.05800, -0.46698
2.05900, -0.44809
2.06000, -0.42795
2.06100, -0.40664
2.06200, -0.38422
2.06300, -0.36077
2.06400, -0.33636
2.06500, -0.31105
2.06600, -0.28493
2.06700, -0.25806
2.06800, -0.23051
2.06900, -0.20236
2.07000, -0.17367
2.07100, -0.14452
2.07200, -0.11498
2.07300, -0.08512
2.07400, -0.05501
2.07500, -0.02473
2.07600, 0.00566
2.07700, 0.03609
2.07800, 0.06647
2.07900, 0.09675
2.08000, 0.12685
2.08100, 0.15669
2.08200, 0.18621
2.08300, 0.21534
2.08400, 0.24400
2.08500, 0.27212
2.08600, 0.29964
2.08700, 0.32647
2.08800, 0.35256
2.08900, 0.37782
2.09000, 0.40218
2.09100, 0.42558
2.09200, 0.44794
2.09300, 0.46920
2.09400, 0.48927
2.09500, 0.50809
2.09600, 0.52559
2.09700, 0.54170
2.09800, 0.55633
2.09900, 0.56944
2.10000, 0.58327
2.10100, 0.59567
2.10200, 0.60538
2.10300, 0.61254
2.10400, 0.61727
2.10500, 0.61970
2.10600, 0.61996
2.10700, 0.61819
2.10800, 0.61450
2.10900, 0.60904
2.11000, 0.60193
2.11100, 0.59329
2.11200, 0.58327
2.11300, 0.57199
2.11400, 0.55957
2.11500, 0.54615
2.11600, 0.53186
2.11700, 0.51683
2.11800, 0.50118
2.11900, 0.48505
2.12000, 0.46857
2.12100, 0.45186
2.12200, 0.43506
2.12300, 0.41829
2.12400, 0.40168
2.12500, 0.38537
2.12600, 0.36949
2.12700, 0.35415
2.12800, 0.33950
2.12900, 0.32566
2.13000, 0.31276
2.13100, 0.29706
2.13200, 0.26959
2.13300, 0.25154
2.13400, 0.24191
2.13500, 0.23970
2.13600, 0.24390
2.13700, 0.25352
2.13800, 0.26754
2.13900, 0.28497
2.14000, 0.30481
2.14100, 0.32604
2.14200, 0.34772
2.14300, 0.36940
2.14400, 0.39097
2.14500, 0.41232
2.14600, 0.43334
2.14700, 0.45392
2.14800, 0.47395
2.14900, 0.49332
2.15000, 0.51192
2.15100, 0.52964
2.15200, 0.54489
2.15300, 0.55290
2.15400, 0.56059
2.15500, 0.56794
2.15600, 0.57491
2.15700, 0.58147
2.15800, 0.58759
2.15900, 0.59322
2.16000, 0.59834
2.16100, 0.60291
2.16200, 0.60690
2.16300, 0.61027
2.16400, 0.61299
2.16500, 0.61502
2.16600, 0.61634
2.16700, 0.61690
2.16800, 0.61668
2.16900, 0.61563
2.17000, 0.61373
2.17100, 0.61094
2.17200, 0.60723
2.17300, 0.60157
2.17400, 0.58912
2.17500, 0.57359
2.17600, 0.55573
2.17700, 0.53626
2.17800, 0.51592
2.17900, 0.49544
2.18000, 0.47554
2.18100, 0.45697
2.18200, 0.44045
2.18300, 0.42672
2.18400, 0.41642
2.18500, 0.40931
2.18600, 0.40462
2.18700, 0.40156
2.18800, 0.39935
2.18900, 0.39721
2.19000, 0.39435
2.19100, 0.38998
2.19200, 0.38334
2.19300, 0.37362
2.19400, 0.36006
2.19500, 0.34223
2.19600, 0.32055
2.19700, 0.29556
2.19800, 0.26778
2.19900, 0.23775
2.20000, 0.20600
2.20100, 0.17305
2.20200, 0.13943
2.20300, 0.10569
2.20400, 0.07234
2.20500, 0.03991
2.20600, 0.00872
2.20700, -0.02101
2.20800, -0.04905
2.20900, -0.07519
2.21000, -0.09921
2.21100, -0.12089
2.21200, -0.14001
2.21300, -0.15634
2.21400, -0.16967
2.21500, -0.17978
2.21600, -0.18674
2.21700, -0.19125
2.21800, -0.19409
2.21900, -0.19605
2.22000, -0.19792
2.22100, -0.20048
2.22200, -0.20453
2.22300, -0.21083
2.22400, -0.22019
2.22500, -0.23339
2.22600, -0.25111
2.22700, -0.27293
2.22800, -0.29780
2.22900, -0.32469
2.23000, -0.35252
2.23100, -0.38025
2.23200, -0.40683
2.23300, -0.43119
2.23400, -0.45229
2.23500, -0.46907
2.23600, -0.48048
2.23700, -0.48614
2.23800, -0.48710
2.23900, -0.48460
2.24000, -0.47990
2.24100, -0.47423
2.24200, -0.46885
2.24300, -0.46500
2.24400, -0.46392
2.24500, -0.46687
2.24600, -0.47508
2.24700, -0.48967
2.24800, -0.51043
2.24900, -0.53642
2.25000, -0.56665
2.25100, -0.60016
2.25200, -0.63600
2.25300, -0.67318
2.25400, -0.71074
2.25500, -0.74772
2.25600, -0.78316
2.25700, -0.81607
2.25800, -0.84564
2.25900, -0.87134
2.26000, -0.89265
2.26100, -0.90909
2.26200, -0.92015
2.26300, -0.92533
2.26400, -0.92415
2.26500, -0.91610
2.26600, -0.90067
2.26700, -0.87739
2.26800, -0.84586
2.26900, -0.80696
2.27000, -0.76222
2.27100, -0.71321
2.27200, -0.66149
2.27300, -0.60860
2.27400, -0.55611
2.27500, -0.50557
2.27600, -0.45853
2.27700, -0.41656
2.27800, -0.38121
2.27900, -0.35334
2.28000, -0.33240
2.28100, -0.31766
2.28200, -0.30837
2.28300, -0.30380
2.28400, -0.30322
2.28500, -0.30589
2.28600, -0.31107
2.28700, -0.31802
2.28800, -0.32602
2.28900, -0.33437
2.29000, -0.34280
2.29100, -0.35132
2.29200, -0.35990
2.29300, -0.36852
2.29400, -0.37718
2.29500, -0.38585
2.29600, -0.39453
2.29700, -0.40320
2.29800, -0.41184
2.29900, -0.42044
2.30000, -0.42885
2.30100, -0.43665
2.30200, -0.44340
2.30300, -0.44862
2.30400, -0.45188
2.30500, -0.45273
2.30600, -0.45069
2.30700, -0.44534
2.30800, -0.43620
2.30900, -0.42283
2.31000, -0.40488
2.31100, -0.38289
2.31200, -0.35790
2.31300, -0.33098
2.31400, -0.30315
2.31500, -0.27547
2.31600, -0.24898
2.31700, -0.22473
2.31800, -0.20377
2.31900, -0.18714
2.32000, -0.17589
2.32100, -0.17051
2.32200, -0.17035
2.32300, -0.17465
2.32400, -0.18263
2.32500, -0.19353
2.32600, -0.20658
2.32700, -0.22100
2.32800, -0.23602
2.32900, -0.25088
2.33000, -0.26480
2.33100, -0.27706
2.33200, -0.28742
2.33300, -0.29588
2.33400, -0.30246
2.33500, -0.30717
2.33600, -0.31001
2.33700, -0.31099
2.33800, -0.31013
2.33900, -0.30742
2.34000, -0.30289
2.34100, -0.29654
2.34200, -0.28845
2.34300, -0.27889
2.34400, -0.26811
2.34500, -0.25638
2.34600, -0.24396
2.34700, -0.23112
2.34800, -0.21813
2.34900, -0.20525
2.35000, -0.19275
2.35100, -0.18089
2.35200, -0.16993
2.35300, -0.16008
2.35400, -0.15152
2.35500, -0.14441
2.35600, -0.13893
2.35700, -0.13527
2.35800, -0.13358
2.35900, -0.13406
2.36000, -0.13687
2.36100, -0.14219
2.36200, -0.15020
2.36300, -0.16065
2.36400, -0.17251
2.36500, -0.18466
2.36600, -0.19599
2.36700, -0.20536
2.36800, -0.21165
2.36900, -0.21374
2.37000, -0.21051
2.37100, -0.20083
2.37200, -0.18358
2.37300, -0.15783
2.37400, -0.12425
2.37500, -0.08434
2.37600, -0.03961
2.37700, 0.00842
2.37800, 0.05824
2.37900, 0.10835
2.38000, 0.15725
2.38100, 0.20340
2.38200, 0.24532
2.38300, 0.28149
2.38400, 0.31101
2.38500, 0.33416
2.38600, 0.35131
2.38700, 0.36287
2.38800, 0.36923
2.38900, 0.37078
2.39000, 0.36791
2.39100, 0.36102
2.39200, 0.35050
2.39300, 0.33675
2.39400, 0.32021
2.39500, 0.30182
2.39600, 0.28277
2.39700, 0.26424
2.39800, 0.24741
2.39900, 0.23347
2.40000, 0.22360
2.40100, 0.21899
2.40200, 0.22081
2.40300, 0.23026
2.40400, 0.24851
2.40500, 0.27575
2.40600, 0.31033
2.40700, 0.35040
2.40800, 0.39410
2.40900, 0.43957
2.41000, 0.48496
2.41100, 0.52842
2.41200, 0.56809
2.41300, 0.60212
2.41400, 0.62864
2.41500, 0.64603
2.41600, 0.65448
2.41700, 0.65505
2.41800, 0.64885
2.41900, 0.63697
2.42000, 0.62049
2.42100, 0.60050
2.42200, 0.57809
2.42300, 0.55436
2.42400, 0.53039
2.42500, 0.50727
2.42600, 0.48583
2.42700, 0.46642
2.42800, 0.44935
2.42900, 0.43492
2.43000, 0.42343
2.43100, 0.41519
2.43200, 0.41050
2.43300, 0.40966
2.43400, 0.41297
2.43500, 0.42074
2.43600, 0.43315
2.43700, 0.44932
2.43800, 0.46791
2.43900, 0.48753
2.44000, 0.50684
2.44100, 0.52445
2.44200, 0.53901
2.44300, 0.54914
2.44400, 0.55349
2.44500, 0.55068
2.44600, 0.54147
2.44700, 0.53302
2.44800, 0.52249
2.44900, 0.51012
2.45000, 0.49615
2.45100, 0.48081
2.45200, 0.46433
2.45300, 0.44696
2.45400, 0.42892
2.45500, 0.41046
2.45600, 0.39181
2.45700, 0.37321
2.45800, 0.35489
2.45900, 0.33708
2.46000, 0.32004
2.46100, 0.30398
2.46200, 0.28914
2.46300, 0.27577
2.46400, 0.26409
2.46500, 0.25435
2.46600, 0.24678
2.46700, 0.24061
2.46800, 0.23875
2.46900, 0.24470
2.47000, 0.25651
2.47100, 0.27226
2.47200, 0.28999
2.47300, 0.30777
2.47400, 0.32365
2.47500, 0.33569
2.47600, 0.34196
2.47700, 0.34051
2.47800, 0.32968
2.47900, 0.31007
2.48000, 0.28330
2.48100, 0.25099
2.48200, 0.21478
2.48300, 0.17630
2.48400, 0.13719
2.48500, 0.09907
2.48600, 0.06358
2.48700, 0.03234
2.48800, 0.00699
2.48900, -0.01174
2.49000, -0.02461
2.49100, -0.03254
2.49200, -0.03646
2.49300, -0.03730
2.49400, -0.03598
2.49500, -0.03343
2.49600, -0.03056
2.49700, -0.02830
2.49800, -0.02758
2.49900, -0.02920
2.50000, -0.03294
2.50100, -0.03818
2.50200, -0.04425
2.50300, -0.05051
2.50400, -0.05630
2.50500, -0.06097
2.50600, -0.06388
2.50700, -0.06437
2.50800, -0.06179
2.50900, -0.05549
2.51000, -0.04517
2.51100, -0.03110
2.51200, -0.01362
2.51300, 0.00694
2.51400, 0.03023
2.51500, 0.05594
2.51600, 0.08372
2.51700, 0.11324
2.51800, 0.14417
2.51900, 0.17616
2.52000, 0.20876
2.52100, 0.24059
2.52200, 0.26983
2.52300, 0.29469
2.52400, 0.31334
2.52500, 0.32398
2.52600, 0.32480
2.52700, 0.31400
2.52800, 0.28977
2.52900, 0.25030
2.53000, 0.20348
2.53100, 0.16993
2.53200, 0.13230
2.53300, 0.09096
2.53400, 0.04631
2.53500, -0.00129
2.53600, -0.05145
2.53700, -0.10378
2.53800, -0.15792
2.53900, -0.21347
2.54000, -0.27006
2.54100, -0.32731
2.54200, -0.38483
2.54300, -0.44225
2.54400, -0.49918
2.54500, -0.55525
2.54600, -0.61008
2.54700, -0.66327
2.54800, -0.71446
2.54900, -0.76326
2.55000, -0.80929
2.55100, -0.86473
2.55200, -0.93783
2.55300, -0.99595
2.55400, -1.03809
2.55500, -1.06322
2.55600, -1.07034
2.55700, -1.05844
2.55800, -1.02649
2.55900, -0.97349
2.56000, -0.89843
2.56100, -0.80028
2.56200, -0.74729
2.56300, -0.70574
2.56400, -0.66186
2.56500, -0.61583
2.56600, -0.56787
2.56700, -0.51817
2.56800, -0.46693
2.56900, -0.41435
2.57000, -0.36062
2.57100, -0.30596
2.57200, -0.25055
2.57300, -0.19461
2.57400, -0.13831
2.57500, -0.08188
2.57600, -0.02549
2.57700, 0.03063
2.57800, 0.08631
2.57900, 0.14133
2.58000, 0.19549
2.58100, 0.24861
2.58200, 0.30047
2.58300, 0.35089
2.58400, 0.39965
2.58500, 0.44657
2.58600, 0.49143
2.58700, 0.53405
2.58800, 0.57423
2.58900, 0.61175
2.59000, 0.64643
2.59100, 0.67806
2.59200, 0.70645
2.59300, 0.73509
2.59400, 0.76514
2.59500, 0.78779
2.59600, 0.80355
2.59700, 0.81292
2.59800, 0.81638
2.59900, 0.81444
2.60000, 0.80760
2.60100, 0.79635
2.60200, 0.78119
2.60300, 0.76263
2.60400, 0.74116
2.60500, 0.71727
2.60600, 0.69147
2.60700, 0.66425
2.60800, 0.63612
2.60900, 0.60756
2.61000, 0.57908
2.61100, 0.55118
2.61200, 0.52436
2.61300, 0.49911
2.61400, 0.46881
2.61500, 0.43072
2.61600, 0.40066
2.61700, 0.37742
2.61800, 0.35980
2.61900, 0.34659
2.62000, 0.33660
2.62100, 0.32862
2.62200, 0.32144
2.62300, 0.31388
2.62400, 0.30471
2.62500, 0.29293
2.62600, 0.27870
2.62700, 0.26270
2.62800, 0.24559
2.62900, 0.22805
2.63000, 0.21073
2.63100, 0.19432
2.63200, 0.17947
2.63300, 0.16686
2.63400, 0.15715
2.63500, 0.15102
2.63600, 0.14866
2.63700, 0.14960
2.63800, 0.15331
2.63900, 0.15925
2.64000, 0.16688
2.64100, 0.17567
2.64200, 0.18506
2.64300, 0.19454
2.64400, 0.20356
2.64500, 0.21159
2.64600, 0.21813
2.64700, 0.22299
2.64800, 0.22607
2.64900, 0.22732
2.65000, 0.22664
2.65100, 0.22395
2.65200, 0.21918
2.65300, 0.21225
2.65400, 0.20307
2.65500, 0.19157
2.65600, 0.17767
2.65700, 0.16159
2.65800, 0.14400
2.65900, 0.12559
2.66000, 0.10706
2.66100, 0.08912
2.66200, 0.07246
2.66300, 0.05779
2.66400, 0.04581
2.66500, 0.03721
2.66600, 0.03269
2.66700, 0.03275
2.66800, 0.03645
2.66900, 0.04233
2.67000, 0.04891
2.67100, 0.05471
2.67200, 0.05827
2.67300, 0.05811
2.67400, 0.05275
2.67500, 0.04073
2.67600, 0.02056
2.67700, -0.00920
2.67800, -0.04871
2.67900, -0.09620
2.68000, -0.14977
2.68100, -0.20747
2.68200, -0.26740
2.68300, -0.32764
2.68400, -0.38625
2.68500, -0.44133
2.68600, -0.49096
2.68700, -0.53320
2.68800, -0.56646
2.68900, -0.59103
2.69000, -0.60799
2.69100, -0.61840
2.69200, -0.62332
2.69300, -0.62380
2.69400, -0.62092
2.69500, -0.61573
2.69600, -0.60930
2.69700, -0.60269
2.69800, -0.59695
2.69900, -0.59273
2.70000, -0.59009
2.70100, -0.58905
2.70200, -0.58961
2.70300, -0.59178
2.70400, -0.59558
2.70500, -0.60102
2.70600, -0.60811
2.70700, -0.61686
2.70800, -0.62728
2.70900, -0.63928
2.71000, -0.65215
2.71100, -0.66494
2.71200, -0.67669
2.71300, -0.68645
2.71400, -0.69328
2.71500, -0.69621
2.71600, -0.69429
2.71700, -0.68659
2.71800, -0.67213
2.71900, -0.64999
2.72000, -0.62025
2.72100, -0.58439
2.72200, -0.54404
2.72300, -0.50080
2.72400, -0.45629
2.72500, -0.41213
2.72600, -0.36992
2.72700, -0.33128
2.72800, -0.29783
2.72900, -0.27117
2.73000, -0.25265
2.73100, -0.24205
2.73200, -0.23854
2.73300, -0.24130
2.73400, -0.24951
2.73500, -0.26234
2.73600, -0.27897
2.73700, -0.29859
2.73800, -0.32035
2.73900, -0.34346
2.74000, -0.36707
2.74100, -0.39044
2.74200, -0.41290
2.74300, -0.43378
2.74400, -0.45242
2.74500, -0.46816
2.74600, -0.48034
2.74700, -0.48829
2.74800, -0.49136
2.74900, -0.48888
2.75000, -0.48019
2.75100, -0.46482
2.75200, -0.44348
2.75300, -0.41731
2.75400, -0.38743
2.75500, -0.35497
2.75600, -0.32107
2.75700, -0.28685
2.75800, -0.25346
2.75900, -0.22201
2.76000, -0.19365
2.76100, -0.16950
2.76200, -0.15010
2.76300, -0.13524
2.76400, -0.12465
2.76500, -0.11803
2.76600, -0.11512
2.76700, -0.11564
2.76800, -0.11931
2.76900, -0.12584
2.77000, -0.13497
2.77100, -0.14641
2.77200, -0.15982
2.77300, -0.17438
2.77400, -0.18915
2.77500, -0.20318
2.77600, -0.21550
2.77700, -0.22517
2.77800, -0.23123
2.77900, -0.23273
2.78000, -0.22870
2.78100, -0.21821
2.78200, -0.20432
2.78300, -0.19322
2.78400, -0.18036
2.78500, -0.16593
2.78600, -0.15011
2.78700, -0.13307
2.78800, -0.11500
2.78900, -0.09608
2.79000, -0.07648
2.79100, -0.05640
2.79200, -0.03601
2.79300, -0.01549
2.79400, 0.00498
2.79500, 0.02522
2.79600, 0.04504
2.79700, 0.06427
2.79800, 0.08272
2.79900, 0.10022
2.80000, 0.11658
2.80100, 0.13162
2.80200, 0.14517
2.80300, 0.16118
2.80400, 0.17852
2.80500, 0.18978
2.80600, 0.19572
2.80700, 0.19714
2.80800, 0.19478
2.80900, 0.18944
2.81000, 0.18188
2.81100, 0.17288
2.81200, 0.16321
2.81300, 0.15363
2.81400, 0.14485
2.81500, 0.13709
2.81600, 0.13042
2.81700, 0.12491
2.81800, 0.12062
2.81900, 0.11763
2.82000, 0.11601
2.82100, 0.11582
2.82200, 0.11714
2.82300, 0.12004
2.82400, 0.12457
2.82500, 0.13067
2.82600, 0.13808
2.82700, 0.14653
2.82800, 0.15575
2.82900, 0.16546
2.83000, 0.17539
2.83100, 0.18529
2.83200, 0.19486
2.83300, 0.20386
2.83400, 0.21199
2.83500, 0.21904
2.83600, 0.22501
2.83700, 0.22996
2.83800, 0.23399
2.83900, 0.23717
2.84000, 0.23957
2.84100, 0.24127
2.84200, 0.24235
2.84300, 0.24289
2.84400, 0.24296
2.84500, 0.24264
2.84600, 0.24175
2.84700, 0.23981
2.84800, 0.23632
2.84900, 0.23075
2.85000, 0.22261
2.85100, 0.21139
2.85200, 0.19659
2.85300, 0.17769
2.85400, 0.15418
2.85500, 0.12557
2.85600, 0.09161
2.85700, 0.05347
2.85800, 0.01279
2.85900, -0.02879
2.86000, -0.06964
2.86100, -0.10811
2.86200, -0.14257
2.86300, -0.17138
2.86400, -0.19290
2.86500, -0.20549
2.86600, -0.20754
2.86700, -0.19880
2.86800, -0.18066
2.86900, -0.15466
2.87000, -0.12232
2.87100, -0.08517
2.87200, -0.04473
2.87300, -0.00253
2.87400, 0.03991
2.87500, 0.08106
2.87600, 0.11939
2.87700, 0.15359
2.87800, 0.18340
2.87900, 0.20893
2.88000, 0.23026
2.88100, 0.24749
2.88200, 0.26073
2.88300, 0.27005
2.88400, 0.27557
2.88500, 0.27738
2.88600, 0.27557
2.88700, 0.27025
2.88800, 0.26183
2.88900, 0.25112
2.89000, 0.23895
2.89100, 0.22615
2.89200, 0.21354
2.89300, 0.20196
2.89400, 0.19222
2.89500, 0.18517
2.89600, 0.18162
2.89700, 0.18242
2.89800, 0.18815
2.89900, 0.19828
2.90000, 0.21188
2.90100, 0.22805
2.90200, 0.24586
2.90300, 0.26440
2.90400, 0.28276
2.90500, 0.30002
2.90600, 0.31526
2.90700, 0.32757
2.90800, 0.33605
2.90900, 0.34034
2.91000, 0.34073
2.91100, 0.33756
2.91200, 0.33118
2.91300, 0.32191
2.91400, 0.31011
2.91500, 0.29610
2.91600, 0.28023
2.91700, 0.26283
2.91800, 0.24424
2.91900, 0.22489
2.92000, 0.20561
2.92100, 0.18736
2.92200, 0.17111
2.92300, 0.15783
2.92400, 0.14848
2.92500, 0.14402
2.92600, 0.14542
2.92700, 0.15365
2.92800, 0.16967
2.92900, 0.18835
2.93000, 0.20308
2.93100, 0.21976
2.93200, 0.23809
2.93300, 0.25783
2.93400, 0.27869
2.93500, 0.30040
2.93600, 0.32270
2.93700, 0.34530
2.93800, 0.36794
2.93900, 0.39035
2.94000, 0.41226
2.94100, 0.43339
2.94200, 0.45347
2.94300, 0.47223
2.94400, 0.48941
2.94500, 0.50471
2.94600, 0.51789
2.94700, 0.52866
2.94800, 0.53676
2.94900, 0.54190
2.95000, 0.54365
2.95100, 0.53540
2.95200, 0.51647
2.95300, 0.48880
2.95400, 0.45435
2.95500, 0.41507
2.95600, 0.37292
2.95700, 0.32985
2.95800, 0.28781
2.95900, 0.24876
2.96000, 0.21465
2.96100, 0.18711
2.96200, 0.16628
2.96300, 0.15179
2.96400, 0.14332
2.96500, 0.14053
2.96600, 0.14306
2.96700, 0.15059
2.96800, 0.16278
2.96900, 0.17927
2.97000, 0.19973
2.97100, 0.22381
2.97200, 0.25039
2.97300, 0.27754
2.97400, 0.30325
2.97500, 0.32554
2.97600, 0.34241
2.97700, 0.35186
2.97800, 0.35189
2.97900, 0.34052
2.98000, 0.31574
2.98100, 0.27556
2.98200, 0.24758
2.98300, 0.21694
2.98400, 0.18269
2.98500, 0.14524
2.98600, 0.10497
2.98700, 0.06230
2.98800, 0.01760
2.98900, -0.02871
2.99000, -0.07624
2.99100, -0.12460
2.99200, -0.17338
2.99300, -0.22220
2.99400, -0.27065
2.99500, -0.31834
2.99600, -0.36486
2.99700, -0.40983
2.99800, -0.45285
2.99900, -0.49351
3.00000, -0.53142
3.00100, -0.56619
3.00200, -0.59742
3.00300, -0.64729
3.00400, -0.68388
3.00500, -0.70696
3.00600, -0.71775
3.00700, -0.71743
3.00800, -0.70721
3.00900, -0.68827
3.01000, -0.66181
3.01100, -0.62904
3.01200, -0.59114
3.01300, -0.54932
3.01400, -0.50461
3.01500, -0.45792
3.01600, -0.41012
3.01700, -0.36211
3.01800, -0.31477
3.01900, -0.26898
3.02000, -0.22563
3.02100, -0.18560
3.02200, -0.14977
3.02300, -0.11904
3.02400, -0.09415
3.02500, -0.07521
3.02600, -0.06217
3.02700, -0.05498
3.02800, -0.05358
3.02900, -0.05790
3.03000, -0.06790
3.03100, -0.08351
3.03200, -0.10467
3.03300, -0.13134
3.03400, -0.16344
3.03500, -0.20063
3.03600, -0.24228
3.03700, -0.28772
3.03800, -0.33631
3.03900, -0.38738
3.04000, -0.44028
3.04100, -0.49436
3.04200, -0.54896
3.04300, -0.60343
3.04400, -0.65710
3.04500, -0.70919
3.04600, -0.75834
3.04700, -0.80301
3.04800, -0.84167
3.04900, -0.87279
3.05000, -0.89483
3.05100, -0.90628
3.05200, -0.90560
3.05300, -0.89125
3.05400, -0.86171
3.05500, -0.81551
3.05600, -0.75316
3.05700, -0.67728
3.05800, -0.59058
3.05900, -0.49579
3.06000, -0.39564
3.06100, -0.29284
3.06200, -0.19013
3.06300, -0.09023
3.06400, 0.00413
3.06500, 0.09024
3.06600, 0.16591
3.06700, 0.23128
3.06800, 0.28715
3.06900, 0.33432
3.07000, 0.37356
3.07100, 0.40566
3.07200, 0.43143
3.07300, 0.45165
3.07400, 0.46710
3.07500, 0.47858
3.07600, 0.48687
3.07700, 0.49238
3.07800, 0.49518
3.07900, 0.49529
3.08000, 0.49275
3.08100, 0.48758
3.08200, 0.47983
3.08300, 0.46952
3.08400, 0.45668
3.08500, 0.44136
3.08600, 0.42358
3.08700, 0.40344
3.08800, 0.38135
3.08900, 0.35779
3.09000, 0.33325
3.09100, 0.30820
3.09200, 0.28313
3.09300, 0.25852
3.09400, 0.23486
3.09500, 0.21263
3.09600, 0.19232
3.09700, 0.17438
3.09800, 0.15912
3.09900, 0.14659
3.10000, 0.13686
3.10100, 0.13000
3.10200, 0.12606
3.10300, 0.12511
3.10400, 0.12721
3.10500, 0.13242
3.10600, 0.14081
3.10700, 0.15244
3.10800, 0.16732
3.10900, 0.18524
3.11000, 0.20593
3.11100, 0.22914
3.11200, 0.25458
3.11300, 0.28201
3.11400, 0.31115
3.11500, 0.34173
3.11600, 0.37350
3.11700, 0.40618
3.11800, 0.43951
3.11900, 0.47316
3.12000, 0.50671
3.12100, 0.53978
3.12200, 0.57196
3.12300, 0.60283
3.12400, 0.63201
3.12500, 0.65908
3.12600, 0.68364
3.12700, 0.70529
3.12800, 0.72362
3.12900, 0.73832
3.13000, 0.74947
3.13100, 0.75722
3.13200, 0.76174
3.13300, 0.76320
3.13400, 0.76176
3.13500, 0.75758
3.13600, 0.75084
3.13700, 0.74169
3.13800, 0.73030
3.13900, 0.72036
3.14000, 0.71313
3.14100, 0.70541
3.14200, 0.69721
3.14300, 0.68854
3.14400, 0.67940
3.14500, 0.66980
3.14600, 0.65975
3.14700, 0.64926
3.14800, 0.63832
3.14900, 0.62696
3.15000, 0.61516
3.15100, 0.60295
3.15200, 0.59033
3.15300, 0.57731
3.15400, 0.56388
3.15500, 0.55007
3.15600, 0.53587
3.15700, 0.52130
3.15800, 0.50635
3.15900, 0.49104
3.16000, 0.46740
3.16100, 0.43496
3.16200, 0.40193
3.16300, 0.36887
3.16400, 0.33633
3.16500, 0.30484
3.16600, 0.27497
3.16700, 0.24726
3.16800, 0.22227
3.16900, 0.20054
3.17000, 0.18262
3.17100, 0.16890
3.17200, 0.15916
3.17300, 0.15301
3.17400, 0.15006
3.17500, 0.14995
3.17600, 0.15228
3.17700, 0.15667
3.17800, 0.16275
3.17900, 0.17012
3.18000, 0.17841
3.18100, 0.18722
3.18200, 0.19608
3.18300, 0.20442
3.18400, 0.21164
3.18500, 0.21718
3.18600, 0.22045
3.18700, 0.22087
3.18800, 0.21786
3.18900, 0.21084
3.19000, 0.19924
3.19100, 0.18247
3.19200, 0.16025
3.19300, 0.13344
3.19400, 0.10320
3.19500, 0.07065
3.19600, 0.03694
3.19700, 0.00322
3.19800, -0.02938
3.19900, -0.05972
3.20000, -0.08664
3.20100, -0.10902
3.20200, -0.12574
3.20300, -0.13662
3.20400, -0.14234
3.20500, -0.14361
3.20600, -0.14113
3.20700, -0.13563
3.20800, -0.12781
3.20900, -0.11839
3.21000, -0.10808
3.21100, -0.09760
3.21200, -0.08766
3.21300, -0.07886
3.21400, -0.07147
3.21500, -0.06565
3.21600, -0.06155
3.21700, -0.05933
3.21800, -0.05916
3.21900, -0.06121
3.22000, -0.06562
3.22100, -0.07257
3.22200, -0.08222
3.22300, -0.09470
3.22400, -0.10971
3.22500, -0.12654
3.22600, -0.14445
3.22700, -0.16270
3.22800, -0.18055
3.22900, -0.19728
3.23000, -0.21214
3.23100, -0.22441
3.23200, -0.23333
3.23300, -0.23819
3.23400, -0.23842
3.23500, -0.23416
3.23600, -0.22568
3.23700, -0.21329
3.23800, -0.19725
3.23900, -0.17787
3.24000, -0.15542
3.24100, -0.13020
3.24200, -0.10248
3.24300, -0.07256
3.24400, -0.04075
3.24500, -0.00777
3.24600, 0.02523
3.24700, 0.05711
3.24800, 0.08672
3.24900, 0.11290
3.25000, 0.13451
3.25100, 0.15039
3.25200, 0.15941
3.25300, 0.16040
3.25400, 0.15243
3.25500, 0.14471
3.25600, 0.13467
3.25700, 0.12260
3.25800, 0.10874
3.25900, 0.09336
3.26000, 0.07671
3.26100, 0.05906
3.26200, 0.04066
3.26300, 0.02178
3.26400, 0.00267
3.26500, -0.01640
3.26600, -0.03517
3.26700, -0.05340
3.26800, -0.07081
3.26900, -0.08714
3.27000, -0.10214
3.27100, -0.11555
3.27200, -0.12711
3.27300, -0.13655
3.27400, -0.14363
3.27500, -0.14818
3.27600, -0.14847
3.27700, -0.13836
3.27800, -0.11892
3.27900, -0.09124
3.28000, -0.05639
3.28100, -0.01546
3.28200, 0.03048
3.28300, 0.08034
3.28400, 0.13304
3.28500, 0.18750
3.28600, 0.24262
3.28700, 0.29676
3.28800, 0.34782
3.28900, 0.39366
3.29000, 0.43218
3.29100, 0.46124
3.29200, 0.47872
3.29300, 0.48249
3.29400, 0.47045
3.29500, 0.44046
3.29600, 0.39039
3.29700, 0.31926
3.29800, 0.23001
3.29900, 0.12643
3.30000, 0.01234
3.30100, -0.10847
3.30200, -0.23220
3.30300, -0.35503
3.30400, -0.47317
3.30500, -0.58281
3.30600, -0.68015
3.30700, -0.76153
3.30800, -0.82585
3.30900, -0.87426
3.31000, -0.90800
3.31100, -0.92831
3.31200, -0.93643
3.31300, -0.93359
3.31400, -0.92103
3.31500, -0.89999
3.31600, -0.87170
3.31700, -0.83739
3.31800, -0.79819
3.31900, -0.75475
3.32000, -0.70764
3.32100, -0.65744
3.32200, -0.60472
3.32300, -0.55004
3.32400, -0.49399
3.32500, -0.43712
3.32600, -0.38002
3.32700, -0.32324
3.32800, -0.26737
3.32900, -0.21286
3.33000, -0.16010
3.33100, -0.10946
3.33200, -0.06131
3.33300, -0.01604
3.33400, 0.02597
3.33500, 0.06436
3.33600, 0.09874
3.33700, 0.12874
3.33800, 0.15397
3.33900, 0.17425
3.34000, 0.18996
3.34100, 0.20163
3.34200, 0.20977
3.34300, 0.21490
3.34400, 0.21755
3.34500, 0.21823
3.34600, 0.21746
3.34700, 0.21577
3.34800, 0.21367
3.34900, 0.21167
3.35000, 0.20991
3.35100, 0.20827
3.35200, 0.20661
3.35300, 0.20478
3.35400, 0.20264
3.35500, 0.20004
3.35600, 0.19685
3.35700, 0.19293
3.35800, 0.18812
3.35900, 0.18228
3.36000, 0.17536
3.36100, 0.16749
3.36200, 0.15889
3.36300, 0.14978
3.36400, 0.14034
3.36500, 0.13080
3.36600, 0.12135
3.36700, 0.11221
3.36800, 0.10358
3.36900, 0.09566
3.37000, 0.08867
3.37100, 0.08275
3.37200, 0.07799
3.37300, 0.07448
3.37400, 0.07233
3.37500, 0.07163
3.37600, 0.07247
3.37700, 0.07495
3.37800, 0.07916
3.37900, 0.08520
3.38000, 0.09316
3.38100, 0.10287
3.38200, 0.11329
3.38300, 0.12322
3.38400, 0.13144
3.38500, 0.13675
3.38600, 0.13792
3.38700, 0.13376
3.38800, 0.12305
3.38900, 0.10458
3.39000, 0.07714
3.39100, 0.05146
3.39200, 0.03044
3.39300, 0.00734
3.39400, -0.01745
3.39500, -0.04357
3.39600, -0.07062
3.39700, -0.09824
3.39800, -0.12604
3.39900, -0.15364
3.40000, -0.18067
3.40100, -0.20674
3.40200, -0.23148
3.40300, -0.25450
3.40400, -0.27544
3.40500, -0.29390
3.40600, -0.30952
3.40700, -0.32191
3.40800, -0.33069
3.40900, -0.33548
3.41000, -0.33591
3.41100, -0.33160
3.41200, -0.32607
3.41300, -0.32158
3.41400, -0.31629
3.41500, -0.31023
3.41600, -0.30344
3.41700, -0.29594
3.41800, -0.28776
3.41900, -0.27893
3.42000, -0.26949
3.42100, -0.25945
3.42200, -0.24886
3.42300, -0.23774
3.42400, -0.22613
3.42500, -0.21404
3.42600, -0.20151
3.42700, -0.18858
3.42800, -0.17527
3.42900, -0.16161
3.43000, -0.14763
3.43100, -0.13336
3.43200, -0.11884
3.43300, -0.10408
3.43400, -0.08913
3.43500, -0.07400
3.43600, -0.05874
3.43700, -0.04337
3.43800, -0.02791
3.43900, -0.01241
3.44000, 0.00311
3.44100, 0.01862
3.44200, 0.03408
3.44300, 0.04948
3.44400, 0.06478
3.44500, 0.07995
3.44600, 0.09496
3.44700, 0.10978
3.44800, 0.12437
3.44900, 0.13872
3.45000, 0.15279
3.45100, 0.16655
3.45200, 0.17997
3.45300, 0.19302
3.45400, 0.20566
3.45500, 0.21788
3.45600, 0.22964
3.45700, 0.24091
3.45800, 0.25167
3.45900, 0.26187
3.46000, 0.27149
3.46100, 0.28050
3.46200, 0.28888
3.46300, 0.29658
3.46400, 0.30456
3.46500, 0.31871
3.46600, 0.32865
3.46700, 0.33470
3.46800, 0.33714
3.46900, 0.33629
3.47000, 0.33244
3.47100, 0.32590
3.47200, 0.31697
3.47300, 0.30596
3.47400, 0.29317
3.47500, 0.27889
3.47600, 0.26344
3.47700, 0.24712
3.47800, 0.23022
3.47900, 0.21305
3.48000, 0.19592
3.48100, 0.17912
3.48200, 0.16297
3.48300, 0.14775
3.48400, 0.13378
3.48500, 0.12016
3.48600, 0.10089
3.48700, 0.08802
3.48800, 0.08074
3.48900, 0.07825
3.49000, 0.07975
3.49100, 0.08443
3.49200, 0.09151
3.49300, 0.10017
3.49400, 0.10962
3.49500, 0.11906
3.49600, 0.12773
3.49700, 0.13547
3.49800, 0.14259
3.49900, 0.14940
3.50000, 0.15620
3.50100, 0.16331
3.50200, 0.17104
3.50300, 0.17969
3.50400, 0.18959
3.50500, 0.20104
3.50600, 0.21434
3.50700, 0.22955
3.50800, 0.24587
3.50900, 0.26242
3.51000, 0.27826
3.51100, 0.29249
3.51200, 0.30421
3.51300, 0.31249
3.51400, 0.31644
3.51500, 0.31512
3.51600, 0.30765
3.51700, 0.29317
3.51800, 0.27189
3.51900, 0.24480
3.52000, 0.21288
3.52100, 0.17713
3.52200, 0.13854
3.52300, 0.09811
3.52400, 0.05684
3.52500, 0.01572
3.52600, -0.02426
3.52700, -0.06210
3.52800, -0.09699
3.52900, -0.12863
3.53000, -0.15682
3.53100, -0.18135
3.53200, -0.20201
3.53300, -0.21860
3.53400, -0.23091
3.53500, -0.23874
3.53600, -0.24187
3.53700, -0.24011
3.53800, -0.23328
3.53900, -0.22173
3.54000, -0.20618
3.54100, -0.18735
3.54200, -0.16599
3.54300, -0.14280
3.54400, -0.11854
3.54500, -0.09391
3.54600, -0.06965
3.54700, -0.04650
3.54800, -0.02517
3.54900, -0.00629
3.55000, 0.00984
3.55100, 0.02296
3.55200, 0.03282
3.55300, 0.03917
3.55400, 0.04174
3.55500, 0.04028
3.55600, 0.03455
3.55700, 0.02428
3.55800, 0.00922
3.55900, -0.01083
3.56000, -0.03530
3.56100, -0.06308
3.56200, -0.09305
3.56300, -0.12408
3.56400, -0.15505
3.56500, -0.18483
3.56600, -0.21231
3.56700, -0.23635
3.56800, -0.25583
3.56900, -0.26963
3.57000, -0.27706
3.57100, -0.27857
3.57200, -0.27482
3.57300, -0.26646
3.57400, -0.25414
3.57500, -0.23852
3.57600, -0.22026
3.57700, -0.20000
3.57800, -0.17841
3.57900, -0.15612
3.58000, -0.13381
3.58100, -0.11215
3.58200, -0.09182
3.58300, -0.07352
3.58400, -0.05795
3.58500, -0.04578
3.58600, -0.03772
3.58700, -0.03445
3.58800, -0.03666
3.58900, -0.04506
3.59000, -0.06031
3.59100, -0.08270
3.59200, -0.11132
3.59300, -0.14509
3.59400, -0.18294
3.59500, -0.22378
3.59600, -0.26654
3.59700, -0.31013
3.59800, -0.35348
3.59900, -0.39550
3.60000, -0.43512
3.60100, -0.47130
3.60200, -0.50355
3.60300, -0.53173
3.60400, -0.55574
3.60500, -0.57546
3.60600, -0.59077
3.60700, -0.60157
3.60800, -0.60774
3.60900, -0.60916
3.61000, -0.60571
3.61100, -0.59729
3.61200, -0.58400
3.61300, -0.56650
3.61400, -0.54555
3.61500, -0.52192
3.61600, -0.49635
3.61700, -0.46962
3.61800, -0.44247
3.61900, -0.41567
3.62000, -0.38998
3.62100, -0.36615
3.62200, -0.34490
3.62300, -0.32625
3.62400, -0.30979
3.62500, -0.29509
3.62600, -0.28173
3.62700, -0.26928
3.62800, -0.25732
3.62900, -0.24541
3.63000, -0.23315
3.63100, -0.22008
3.63200, -0.20581
3.63300, -0.19031
3.63400, -0.17468
3.63500, -0.16018
3.63600, -0.14806
3.63700, -0.13957
3.63800, -0.13598
3.63900, -0.13854
3.64000, -0.14850
3.64100, -0.16713
3.64200, -0.19568
3.64300, -0.23527
3.64400, -0.28538
3.64500, -0.34439
3.64600, -0.41066
3.64700, -0.48255
3.64800, -0.55844
3.64900, -0.63668
3.65000, -0.71563
3.65100, -0.79366
3.65200, -0.86913
3.65300, -0.94040
3.65400, -1.00570
3.65500, -1.06288
3.65600, -1.10975
3.65700, -1.14412
3.65800, -1.16380
3.65900, -1.16659
3.66000, -1.15029
3.66100, -1.11273
3.66200, -1.05170
3.66300, -0.96501
3.66400, -0.91093
3.66500, -0.88146
3.66600, -0.85036
3.66700, -0.81771
3.66800, -0.78360
3.66900, -0.74813
3.67000, -0.71137
3.67100, -0.67342
3.67200, -0.63437
3.67300, -0.59431
3.67400, -0.55332
3.67500, -0.51151
3.67600, -0.46895
3.67700, -0.42573
3.67800, -0.38196
3.67900, -0.33771
3.68000, -0.29307
3.68100, -0.24814
3.68200, -0.20300
3.68300, -0.15775
3.68400, -0.11247
3.68500, -0.06726
3.68600, -0.02219
3.68700, 0.02263
3.68800, 0.06712
3.68900, 0.11119
3.69000, 0.15474
3.69100, 0.19770
3.69200, 0.23997
3.69300, 0.28146
3.69400, 0.32208
3.69500, 0.36174
3.69600, 0.40035
3.69700, 0.43783
3.69800, 0.47407
3.69900, 0.50901
3.70000, 0.54253
3.70100, 0.57456
3.70200, 0.60501
3.70300, 0.63377
3.70400, 0.66078
3.70500, 0.68593
3.70600, 0.75029
3.70700, 0.81018
3.70800, 0.84475
3.70900, 0.85775
3.71000, 0.85291
3.71100, 0.83395
3.71200, 0.80462
3.71300, 0.76864
3.71400, 0.72975
3.71500, 0.69168
3.71600, 0.65816
3.71700, 0.63170
3.71800, 0.61195
3.71900, 0.59812
3.72000, 0.58944
3.72100, 0.58511
3.72200, 0.58438
3.72300, 0.58645
3.72400, 0.59054
3.72500, 0.59589
3.72600, 0.60170
3.72700, 0.60479
3.72800, 0.60659
3.72900, 0.60832
3.73000, 0.60998
3.73100, 0.61155
3.73200, 0.61304
3.73300, 0.61443
3.73400, 0.61573
3.73500, 0.61691
3.73600, 0.61799
3.73700, 0.61896
3.73800, 0.61980
3.73900, 0.62052
3.74000, 0.62111
3.74100, 0.62156
3.74200, 0.62187
3.74300, 0.62203
3.74400, 0.62203
3.74500, 0.62188
3.74600, 0.62157
3.74700, 0.62108
3.74800, 0.62042
3.74900, 0.61958
3.75000, 0.61855
3.75100, 0.61733
3.75200, 0.61592
3.75300, 0.61430
3.75400, 0.61247
3.75500, 0.61043
3.75600, 0.60818
3.75700, 0.60569
3.75800, 0.60188
3.75900, 0.59237
3.76000, 0.58201
3.76100, 0.57187
3.76200, 0.56299
3.76300, 0.55643
3.76400, 0.55325
3.76500, 0.55450
3.76600, 0.56125
3.76700, 0.57456
3.76800, 0.59546
3.76900, 0.62483
3.77000, 0.66142
3.77100, 0.70272
3.77200, 0.74622
3.77300, 0.78939
3.77400, 0.82972
3.77500, 0.86468
3.77600, 0.89175
3.77700, 0.90841
3.77800, 0.91215
3.77900, 0.90044
3.78000, 0.87234
3.78100, 0.83035
3.78200, 0.77748
3.78300, 0.71672
3.78400, 0.65106
3.78500, 0.58350
3.78600, 0.51703
3.78700, 0.45464
3.78800, 0.39934
3.78900, 0.35411
3.79000, 0.32170
3.79100, 0.30224
3.79200, 0.29431
3.79300, 0.29649
3.79400, 0.30735
3.79500, 0.32546
3.79600, 0.34941
3.79700, 0.37776
3.79800, 0.40909
3.79900, 0.44196
3.80000, 0.47495
3.80100, 0.50692
3.80200, 0.53728
3.80300, 0.56557
3.80400, 0.59129
3.80500, 0.61397
3.80600, 0.63311
3.80700, 0.64824
3.80800, 0.65887
3.80900, 0.66451
3.81000, 0.66469
3.81100, 0.65898
3.81200, 0.64771
3.81300, 0.63161
3.81400, 0.61141
3.81500, 0.58786
3.81600, 0.56168
3.81700, 0.53362
3.81800, 0.50442
3.81900, 0.47481
3.82000, 0.44554
3.82100, 0.41733
3.82200, 0.39069
3.82300, 0.36565
3.82400, 0.34214
3.82500, 0.32013
3.82600, 0.29956
3.82700, 0.28038
3.82800, 0.26254
3.82900, 0.24599
3.83000, 0.23068
3.83100, 0.21657
3.83200, 0.20357
3.83300, 0.19131
3.83400, 0.17925
3.83500, 0.16687
3.83600, 0.15360
3.83700, 0.13893
3.83800, 0.12230
3.83900, 0.10319
3.84000, 0.08105
3.84100, 0.05534
3.84200, 0.02899
3.84300, 0.01272
3.84400, -0.00442
3.84500, -0.02221
3.84600, -0.04043
3.84700, -0.05886
3.84800, -0.07730
3.84900, -0.09552
3.85000, -0.11330
3.85100, -0.13043
3.85200, -0.14669
3.85300, -0.16186
3.85400, -0.17573
3.85500, -0.18808
3.85600, -0.19869
3.85700, -0.20734
3.85800, -0.21383
3.85900, -0.21792
3.86000, -0.21941
3.86100, -0.21807
3.86200, -0.21369
3.86300, -0.20708
3.86400, -0.20219
3.86500, -0.19650
3.86600, -0.19004
3.86700, -0.18286
3.86800, -0.17500
3.86900, -0.16650
3.87000, -0.15740
3.87100, -0.14774
3.87200, -0.13758
3.87300, -0.12694
3.87400, -0.11587
3.87500, -0.10441
3.87600, -0.09260
3.87700, -0.08049
3.87800, -0.06812
3.87900, -0.05552
3.88000, -0.04274
3.88100, -0.02982
3.88200, -0.01681
3.88300, -0.00374
3.88400, 0.00935
3.88500, 0.02241
3.88600, 0.03539
3.88700, 0.04827
3.88800, 0.06099
3.88900, 0.07352
3.89000, 0.08582
3.89100, 0.09783
3.89200, 0.10953
3.89300, 0.12086
3.89400, 0.13180
3.89500, 0.14229
3.89600, 0.15229
3.89700, 0.16176
3.89800, 0.17067
3.89900, 0.17896
3.90000, 0.18661
3.90100, 0.19355
3.90200, 0.19977
3.90300, 0.20520
3.90400, 0.20982
3.90500, 0.21433
3.90600, 0.21882
3.90700, 0.22003
3.90800, 0.21821
3.90900, 0.21359
3.91000, 0.20641
3.91100, 0.19691
3.91200, 0.18533
3.91300, 0.17191
3.91400, 0.15689
3.91500, 0.14050
3.91600, 0.12299
3.91700, 0.10459
3.91800, 0.08554
3.91900, 0.06609
3.92000, 0.04646
3.92100, 0.02691
3.92200, 0.00766
3.92300, -0.01104
3.92400, -0.02895
3.92500, -0.04584
3.92600, -0.06147
3.92700, -0.07570
3.92800, -0.08860
3.92900, -0.10028
3.93000, -0.11082
3.93100, -0.12033
3.93200, -0.12889
3.93300, -0.13661
3.93400, -0.14358
3.93500, -0.14990
3.93600, -0.15565
3.93700, -0.16095
3.93800, -0.16588
3.93900, -0.17054
3.94000, -0.17503
3.94100, -0.17944
3.94200, -0.18386
3.94300, -0.18840
3.94400, -0.19315
3.94500, -0.19821
3.94600, -0.20366
3.94700, -0.21119
3.94800, -0.22475
3.94900, -0.23933
3.95000, -0.25393
3.95100, -0.26755
3.95200, -0.27919
3.95300, -0.28785
3.95400, -0.29252
3.95500, -0.29221
3.95600, -0.28591
3.95700, -0.27262
3.95800, -0.25153
3.95900, -0.22336
3.96000, -0.18962
3.96100, -0.15184
3.96200, -0.11155
3.96300, -0.07026
3.96400, -0.02949
3.96500, 0.00922
3.96600, 0.04437
3.96700, 0.07442
3.96800, 0.09786
3.96900, 0.11400
3.97000, 0.12369
3.97100, 0.12797
3.97200, 0.12788
3.97300, 0.12444
3.97400, 0.11869
3.97500, 0.11166
3.97600, 0.10439
3.97700, 0.09791
3.97800, 0.09325
3.97900, 0.09135
3.98000, 0.09235
3.98100, 0.09597
3.98200, 0.10193
3.98300, 0.10998
3.98400, 0.11983
3.98500, 0.13122
3.98600, 0.14387
3.98700, 0.15750
3.98800, 0.17185
3.98900, 0.18664
3.99000, 0.20156
3.99100, 0.21619
3.99200, 0.23014
3.99300, 0.24299
3.99400, 0.25433
3.99500, 0.26375
3.99600, 0.27083
3.99700, 0.27517
3.99800, 0.27636
3.99900, 0.27398
4.00000, 0.26770
4.00100, 0.25787
4.00200, 0.24515
4.00300, 0.23021
4.00400, 0.21371
4.00500, 0.19634
4.00600, 0.17876
4.00700, 0.16163
4.00800, 0.14562
4.00900, 0.13142
4.01000, 0.11967
4.01100, 0.11060
4.01200, 0.10358
4.01300, 0.09791
4.01400, 0.09287
4.01500, 0.08778
4.01600, 0.08191
4.01700, 0.07456
4.01800, 0.06503
4.01900, 0.05261
4.02000, 0.03658
4.02100, 0.01638
4.02200, -0.00758
4.02300, -0.03439
4.02400, -0.06314
4.02500, -0.09292
4.02600, -0.12282
4.02700, -0.15193
4.02800, -0.17935
4.02900, -0.20416
4.03000, -0.22545
4.03100, -0.24232
4.03200, -0.25448
4.03300, -0.26271
4.03400, -0.26791
4.03500, -0.27100
4.03600, -0.27287
4.03700, -0.27443
4.03800, -0.27659
4.03900, -0.28024
4.04000, -0.28630
4.04100, -0.29566
4.04200, -0.30913
4.04300, -0.32658
4.04400, -0.34752
4.04500, -0.37140
4.04600, -0.39771
4.04700, -0.42593
4.04800, -0.45552
4.04900, -0.48596
4.05000, -0.51673
4.05100, -0.54731
4.05200, -0.57717
4.05300, -0.60589
4.05400, -0.63324
4.05500, -0.65902
4.05600, -0.68302
4.05700, -0.70502
4.05800, -0.72481
4.05900, -0.74219
4.06000, -0.75694
4.06100, -0.76885
4.06200, -0.77771
4.06300, -0.78337
4.06400, -0.78607
4.06500, -0.78623
4.06600, -0.78429
4.06700, -0.78067
4.06800, -0.77581
4.06900, -0.77013
4.07000, -0.76407
4.07100, -0.75806
4.07200, -0.75252
4.07300, -0.74789
4.07400, -0.74445
4.07500, -0.74230
4.07600, -0.74146
4.07700, -0.74200
4.07800, -0.74397
4.07900, -0.74741
4.08000, -0.75238
4.08100, -0.75893
4.08200, -0.76710
4.08300, -0.77694
4.08400, -0.78841
4.08500, -0.80061
4.08600, -0.81230
4.08700, -0.82222
4.08800, -0.82912
4.08900, -0.83174
4.09000, -0.82882
4.09100, -0.81912
4.09200, -0.80138
4.09300, -0.77433
4.09400, -0.74511
4.09500, -0.73085
4.09600, -0.71541
4.09700, -0.69887
4.09800, -0.68131
4.09900, -0.66280
4.10000, -0.64341
4.10100, -0.62322
4.10200, -0.60230
4.10300, -0.58073
4.10400, -0.55858
4.10500, -0.53592
4.10600, -0.51283
4.10700, -0.48938
4.10800, -0.46565
4.10900, -0.44172
4.11000, -0.41765
4.11100, -0.39351
4.11200, -0.36940
4.11300, -0.34537
4.11400, -0.32151
4.11500, -0.29788
4.11600, -0.27456
4.11700, -0.25164
4.11800, -0.22917
4.11900, -0.20723
4.12000, -0.18591
4.12100, -0.16526
4.12200, -0.14538
4.12300, -0.12632
4.12400, -0.10818
4.12500, -0.09101
4.12600, -0.05106
4.12700, -0.01396
4.12800, 0.01420
4.12900, 0.03379
4.13000, 0.04518
4.13100, 0.04875
4.13200, 0.04488
4.13300, 0.03392
4.13400, 0.01627
4.13500, -0.00771
4.13600, -0.03764
4.13700, -0.07270
4.13800, -0.11136
4.13900, -0.15201
4.14000, -0.19305
4.14100, -0.23288
4.14200, -0.26989
4.14300, -0.30248
4.14400, -0.32904
4.14500, -0.34799
4.14600, -0.35770
4.14700, -0.35687
4.14800, -0.34621
4.14900, -0.32729
4.15000, -0.30172
4.15100, -0.27108
4.15200, -0.23695
4.15300, -0.20092
4.15400, -0.16458
4.15500, -0.12951
4.15600, -0.09731
4.15700, -0.06955
4.15800, -0.04705
4.15900, -0.02936
4.16000, -0.01597
4.16100, -0.00634
4.16200, 0.00008
4.16300, 0.00381
4.16400, 0.00540
4.16500, 0.00538
4.16600, 0.00429
4.16700, 0.00265
4.16800, 0.00100
4.16900, -0.00024
4.17000, -0.00070
4.17100, -0.00000
4.17200, 0.00224
4.17300, 0.00640
4.17400, 0.01285
4.17500, 0.02199
4.17600, 0.03417
4.17700, 0.04978
4.17800, 0.06920
4.17900, 0.09235
4.18000, 0.11842
4.18100, 0.14658
4.18200, 0.17597
4.18300, 0.20572
4.18400, 0.23500
4.18500, 0.26294
4.18600, 0.28869
4.18700, 0.31140
4.18800, 0.33021
4.18900, 0.34439
4.19000, 0.35399
4.19100, 0.35940
4.19200, 0.36100
4.19300, 0.35918
4.19400, 0.35433
4.19500, 0.34684
4.19600, 0.33709
4.19700, 0.32546
4.19800, 0.31234
4.19900, 0.29812
4.20000, 0.28301
4.20100, 0.26698
4.20200, 0.24994
4.20300, 0.23183
4.20400, 0.21258
4.20500, 0.19214
4.20600, 0.17042
4.20700, 0.14736
4.20800, 0.12290
4.20900, 0.09696
4.21000, 0.06961
4.21100, 0.04178
4.21200, 0.01477
4.21300, -0.01015
4.21400, -0.03168
4.21500, -0.04854
4.21600, -0.05944
4.21700, -0.06309
4.21800, -0.05820
4.21900, -0.04349
4.22000, -0.01769
4.22100, 0.01908
4.22200, 0.06456
4.22300, 0.11631
4.22400, 0.17191
4.22500, 0.22892
4.22600, 0.28491
4.22700, 0.33744
4.22800, 0.38409
4.22900, 0.42242
4.23000, 0.45000
4.23100, 0.46480
4.23200, 0.46750
4.23300, 0.45983
4.23400, 0.44352
4.23500, 0.42032
4.23600, 0.39196
4.23700, 0.36018
4.23800, 0.32672
4.23900, 0.29332
4.24000, 0.26172
4.24100, 0.23364
4.24200, 0.21009
4.24300, 0.19100
4.24400, 0.17623
4.24500, 0.16562
4.24600, 0.15901
4.24700, 0.15626
4.24800, 0.15721
4.24900, 0.16171
4.25000, 0.16960
4.25100, 0.18073
4.25200, 0.19493
4.25300, 0.21190
4.25400, 0.23129
4.25500, 0.25277
4.25600, 0.27598
4.25700, 0.30058
4.25800, 0.32623
4.25900, 0.35257
4.26000, 0.37928
4.26100, 0.40599
4.26200, 0.43238
4.26300, 0.45814
4.26400, 0.48311
4.26500, 0.50708
4.26600, 0.52989
4.26700, 0.55135
4.26800, 0.57128
4.26900, 0.58950
4.27000, 0.60582
4.27100, 0.62005
4.27200, 0.63203
4.27300, 0.64159
4.27400, 0.64866
4.27500, 0.65323
4.27600, 0.65527
4.27700, 0.65478
4.27800, 0.65173
4.27900, 0.64610
4.28000, 0.63787
4.28100, 0.62704
4.28200, 0.61356
4.28300, 0.59745
4.28400, 0.57890
4.28500, 0.55846
4.28600, 0.53669
4.28700, 0.51417
4.28800, 0.49146
4.28900, 0.46913
4.29000, 0.44775
4.29100, 0.42788
4.29200, 0.41010
4.29300, 0.39497
4.29400, 0.38297
4.29500, 0.37408
4.29600, 0.36806
4.29700, 0.36470
4.29800, 0.36376
4.29900, 0.36503
4.30000, 0.36827
4.30100, 0.37325
4.30200, 0.37977
4.30300, 0.38757
4.30400, 0.39645
4.30500, 0.40596
4.30600, 0.41536
4.30700, 0.42391
4.30800, 0.43083
4.30900, 0.43538
4.31000, 0.43681
4.31100, 0.43434
4.31200, 0.42724
4.31300, 0.41473
4.31400, 0.39607
4.31500, 0.37073
4.31600, 0.33958
4.31700, 0.30399
4.31800, 0.26535
4.31900, 0.22504
4.32000, 0.18444
4.32100, 0.14492
4.32200, 0.10787
4.32300, 0.07467
4.32400, 0.04670
4.32500, 0.02531
4.32600, 0.01099
4.32700, 0.00296
4.32800, 0.00036
4.32900, 0.00231
4.33000, 0.00794
4.33100, 0.01641
4.33200, 0.02683
4.33300, 0.03834
4.33400, 0.05007
4.33500, 0.06116
4.33600, 0.07083
4.33700, 0.07879
4.33800, 0.08496
4.33900, 0.08923
4.34000, 0.09150
4.34100, 0.09167
4.34200, 0.08965
4.34300, 0.08535
4.34400, 0.07865
4.34500, 0.06947
4.34600, 0.05771
4.34700, 0.04338
4.34800, 0.02663
4.34900, 0.00763
4.35000, -0.01345
4.35100, -0.03644
4.35200, -0.06119
4.35300, -0.08752
4.35400, -0.11527
4.35500, -0.14428
4.35600, -0.17437
4.35700, -0.20521
4.35800, -0.23553
4.35900, -0.26371
4.36000, -0.28813
4.36100, -0.30718
4.36200, -0.31924
4.36300, -0.32269
4.36400, -0.31592
4.36500, -0.29731
4.36600, -0.26525
4.36700, -0.21816
4.36800, -0.15662
4.36900, -0.08410
4.37000, -0.00425
4.37100, 0.07924
4.37200, 0.16271
4.37300, 0.24250
4.37400, 0.31492
4.37500, 0.37632
4.37600, 0.42302
4.37700, 0.45135
4.37800, 0.45842
4.37900, 0.44565
4.38000, 0.41594
4.38100, 0.37223
4.38200, 0.31744
4.38300, 0.25450
4.38400, 0.18632
4.38500, 0.11584
4.38600, 0.04597
4.38700, -0.02037
4.38800, -0.08027
4.38900, -0.13227
4.39000, -0.17679
4.39100, -0.21435
4.39200, -0.24550
4.39300, -0.27079
4.39400, -0.29074
4.39500, -0.30590
4.39600, -0.31681
4.39700, -0.32401
4.39800, -0.32804
4.39900, -0.32935
4.40000, -0.32794
4.40100, -0.32362
4.40200, -0.31623
4.40300, -0.30561
4.40400, -0.29156
4.40500, -0.27393
4.40600, -0.25253
4.40700, -0.22721
4.40800, -0.19778
4.40900, -0.16410
4.41000, -0.12699
4.41100, -0.08854
4.41200, -0.05093
4.41300, -0.01633
4.41400, 0.01308
4.41500, 0.03513
4.41600, 0.04764
4.41700, 0.04843
4.41800, 0.03534
4.41900, 0.00618
4.42000, -0.01737
4.42100, -0.04325
4.42200, -0.07290
4.42300, -0.10588
4.42400, -0.14175
4.42500, -0.18006
4.42600, -0.22038
4.42700, -0.26225
4.42800, -0.30524
4.42900, -0.34891
4.43000, -0.39282
4.43100, -0.43651
4.43200, -0.47955
4.43300, -0.52150
4.43400, -0.56191
4.43500, -0.60034
4.43600, -0.63635
4.43700, -0.66950
4.43800, -0.69934
4.43900, -0.72543
4.44000, -0.74733
4.44100, -0.77654
4.44200, -0.79041
4.44300, -0.78882
4.44400, -0.77344
4.44500, -0.74597
4.44600, -0.70810
4.44700, -0.66152
4.44800, -0.60791
4.44900, -0.54898
4.45000, -0.48640
4.45100, -0.42187
4.45200, -0.35691
4.45300, -0.29283
4.45400, -0.23093
4.45500, -0.17251
4.45600, -0.11887
4.45700, -0.07131
4.45800, -0.03113
4.45900, 0.00036
4.46000, 0.02187
4.46100, 0.03210
4.46200, 0.03013
4.46300, 0.01706
4.46400, -0.00535
4.46500, -0.03538
4.46600, -0.07127
4.46700, -0.11127
4.46800, -0.15364
4.46900, -0.19664
4.47000, -0.23852
4.47100, -0.27754
4.47200, -0.31196
4.47300, -0.34085
4.47400, -0.36421
4.47500, -0.38210
4.47600, -0.39459
4.47700, -0.40176
4.47800, -0.40366
4.47900, -0.40038
4.48000, -0.39196
4.48100, -0.37849
4.48200, -0.36002
4.48300, -0.33666
4.48400, -0.30858
4.48500, -0.27603
4.48600, -0.23922
4.48700, -0.19838
4.48800, -0.15375
4.48900, -0.10555
4.49000, -0.05401
4.49100, 0.00065
4.49200, 0.05819
4.49300, 0.11838
4.49400, 0.18069
4.49500, 0.24427
4.49600, 0.30820
4.49700, 0.37161
4.49800, 0.43359
4.49900, 0.49326
4.50000, 0.54973
4.50100, 0.60209
4.50200, 0.64946
4.50300, 0.69095
4.50400, 0.72581
4.50500, 0.75402
4.50600, 0.77580
4.50700, 0.79136
4.50800, 0.80090
4.50900, 0.80464
4.51000, 0.80279
4.51100, 0.79556
4.51200, 0.78317
4.51300, 0.76582
4.51400, 0.74372
4.51500, 0.71738
4.51600, 0.68760
4.51700, 0.65521
4.51800, 0.62103
4.51900, 0.58589
4.52000, 0.55062
4.52100, 0.51606
4.52200, 0.48302
4.52300, 0.45234
4.52400, 0.42484
4.52500, 0.40121
4.52600, 0.38141
4.52700, 0.36519
4.52800, 0.35231
4.52900, 0.34252
4.53000, 0.33557
4.53100, 0.33121
4.53200, 0.32920
4.53300, 0.32927
4.53400, 0.33119
4.53500, 0.33471
4.53600, 0.33955
4.53700, 0.34541
4.53800, 0.35200
4.53900, 0.35900
4.54000, 0.36612
4.54100, 0.37306
4.54200, 0.37952
4.54300, 0.38519
4.54400, 0.38977
4.54500, 0.39297
4.54600, 0.39455
4.54700, 0.39461
4.54800, 0.39337
4.54900, 0.39103
4.55000, 0.38779
4.55100, 0.38387
4.55200, 0.37947
4.55300, 0.37480
4.55400, 0.37006
4.55500, 0.36547
4.55600, 0.36122
4.55700, 0.35747
4.55800, 0.35432
4.55900, 0.35188
4.56000, 0.35024
4.56100, 0.34950
4.56200, 0.34976
4.56300, 0.35112
4.56400, 0.35366
4.56500, 0.35750
4.56600, 0.36274
4.56700, 0.36934
4.56800, 0.37671
4.56900, 0.38411
4.57000, 0.39078
4.57100, 0.39596
4.57200, 0.39889
4.57300, 0.39882
4.57400, 0.39499
4.57500, 0.38665
4.57600, 0.37303
4.57700, 0.35343
4.57800, 0.32798
4.57900, 0.29785
4.58000, 0.26424
4.58100, 0.22837
4.58200, 0.19145
4.58300, 0.15468
4.58400, 0.11927
4.58500, 0.08645
4.58600, 0.05741
4.58700, 0.03336
4.58800, 0.01525
4.58900, 0.00278
4.59000, -0.00470
4.59100, -0.00786
4.59200, -0.00734
4.59300, -0.00380
4.59400, 0.00211
4.59500, 0.00974
4.59600, 0.01843
4.59700, 0.02753
4.59800, 0.03639
4.59900, 0.04452
4.60000, 0.05159
4.60100, 0.05730
4.60200, 0.06133
4.60300, 0.06338
4.60400, 0.06314
4.60500, 0.06028
4.60600, 0.05451
4.60700, 0.04551
4.60800, 0.03297
4.60900, 0.01674
4.61000, -0.00257
4.61100, -0.02417
4.61200, -0.04725
4.61300, -0.07099
4.61400, -0.09461
4.61500, -0.11728
4.61600, -0.13821
4.61700, -0.15659
4.61800, -0.17162
4.61900, -0.18251
4.62000, -0.18910
4.62100, -0.19194
4.62200, -0.19160
4.62300, -0.18865
4.62400, -0.18366
4.62500, -0.17720
4.62600, -0.16985
4.62700, -0.16217
4.62800, -0.15474
4.62900, -0.14814
4.63000, -0.14283
4.63100, -0.13886
4.63200, -0.13614
4.63300, -0.13460
4.63400, -0.13416
4.63500, -0.13473
4.63600, -0.13625
4.63700, -0.13863
4.63800, -0.14179
4.63900, -0.14565
4.64000, -0.15013
4.64100, -0.15507
4.64200, -0.16021
4.64300, -0.16531
4.64400, -0.17009
4.64500, -0.17432
4.64600, -0.17773
4.64700, -0.18007
4.64800, -0.18108
4.64900, -0.18051
4.65000, -0.17809
4.65100, -0.17368
4.65200, -0.16747
4.65300, -0.15980
4.65400, -0.15098
4.65500, -0.14134
4.65600, -0.13120
4.65700, -0.12088
4.65800, -0.11071
4.65900, -0.10100
4.66000, -0.09207
4.66100, -0.08425
4.66200, -0.07773
4.66300, -0.07257
4.66400, -0.06884
4.66500, -0.06659
4.66600, -0.06589
4.66700, -0.06679
4.66800, -0.06936
4.66900, -0.07366
4.67000, -0.07974
4.67100, -0.08766
4.67200, -0.09735
4.67300, -0.10808
4.67400, -0.11899
4.67500, -0.12920
4.67600, -0.13784
4.67700, -0.14403
4.67800, -0.14690
4.67900, -0.14558
4.68000, -0.13919
4.68100, -0.12686
4.68200, -0.10774
4.68300, -0.08194
4.68400, -0.05050
4.68500, -0.01452
4.68600, 0.02491
4.68700, 0.06669
4.68800, 0.10972
4.68900, 0.15291
4.69000, 0.19516
4.69100, 0.23537
4.69200, 0.27244
4.69300, 0.30543
4.69400, 0.33394
4.69500, 0.35775
4.69600, 0.37663
4.69700, 0.39034
4.69800, 0.39867
4.69900, 0.40137
4.70000, 0.39823
4.70100, 0.38900
4.70200, 0.37346
4.70300, 0.35140
4.70400, 0.32333
4.70500, 0.29044
4.70600, 0.25398
4.70700, 0.21517
4.70800, 0.17527
4.70900, 0.13549
4.71000, 0.09709
4.71100, 0.06130
4.71200, 0.02935
4.71300, 0.00248
4.71400, -0.01838
4.71500, -0.03357
4.71600, -0.04376
4.71700, -0.04961
4.71800, -0.05179
4.71900, -0.05095
4.72000, -0.04777
4.72100, -0.04290
4.72200, -0.03702
4.72300, -0.03077
4.72400, -0.02483
4.72500, -0.01950
4.72600, -0.01479
4.72700, -0.01068
4.72800, -0.00717
4.72900, -0.00423
4.73000, -0.00185
4.73100, -0.00002
4.73200, 0.00128
4.73300, 0.00206
4.73400, 0.00235
4.73500, 0.00219
4.73600, 0.00183
4.73700, 0.00158
4.73800, 0.00172
4.73900, 0.00255
4.74000, 0.00435
4.74100, 0.00743
4.74200, 0.01207
4.74300, 0.01857
4.74400, 0.02723
4.74500, 0.03831
4.74600, 0.05186
4.74700, 0.06761
4.74800, 0.08532
4.74900, 0.10474
4.75000, 0.12561
4.75100, 0.14769
4.75200, 0.17072
4.75300, 0.19445
4.75400, 0.21863
4.75500, 0.24300
4.75600, 0.26727
4.75700, 0.29095
4.75800, 0.31350
4.75900, 0.33440
4.76000, 0.35310
4.76100, 0.36909
4.76200, 0.38182
4.76300, 0.39076
4.76400, 0.39538
4.76500, 0.39515
4.76600, 0.38956
4.76700, 0.37860
4.76800, 0.36276
4.76900, 0.34257
4.77000, 0.31853
4.77100, 0.29114
4.77200, 0.26093
4.77300, 0.22841
4.77400, 0.19408
4.77500, 0.15846
4.77600, 0.12206
4.77700, 0.08539
4.77800, 0.04896
4.77900, 0.01329
4.78000, -0.02110
4.78100, -0.05371
4.78200, -0.08403
4.78300, -0.11152
4.78400, -0.13570
4.78500, -0.15603
4.78600, -0.17201
4.78700, -0.18314
4.78800, -0.18946
4.78900, -0.19148
4.79000, -0.18975
4.79100, -0.18479
4.79200, -0.17716
4.79300, -0.16738
4.79400, -0.15600
4.79500, -0.14355
4.79600, -0.13058
4.79700, -0.11762
4.79800, -0.10516
4.79900, -0.09347
4.80000, -0.08279
4.80100, -0.07335
4.80200, -0.06536
4.80300, -0.05908
4.80400, -0.05471
4.80500, -0.05250
4.80600, -0.05268
4.80700, -0.05546
4.80800, -0.06108
4.80900, -0.06963
4.81000, -0.08104
4.81100, -0.09526
4.81200, -0.11225
4.81300, -0.13194
4.81400, -0.15429
4.81500, -0.17923
4.81600, -0.20672
4.81700, -0.23670
4.81800, -0.26911
4.81900, -0.30357
4.82000, -0.33848
4.82100, -0.37195
4.82200, -0.40210
4.82300, -0.42704
4.82400, -0.44490
4.82500, -0.45378
4.82600, -0.45180
4.82700, -0.43709
4.82800, -0.40775
4.82900, -0.36203
4.83000, -0.30081
4.83100, -0.22737
4.83200, -0.14509
4.83300, -0.05735
4.83400, 0.03247
4.83500, 0.12099
4.83600, 0.20484
4.83700, 0.28063
4.83800, 0.34498
4.83900, 0.39453
4.84000, 0.42672
4.84100, 0.44205
4.84200, 0.44172
4.84300, 0.42691
4.84400, 0.39880
4.84500, 0.35857
4.84600, 0.30740
4.84700, 0.24649
4.84800, 0.17702
4.84900, 0.10016
4.85000, 0.01713
4.85100, -0.07060
4.85200, -0.16126
4.85300, -0.25311
4.85400, -0.34437
4.85500, -0.43328
4.85600, -0.51809
4.85700, -0.59703
4.85800, -0.66834
4.85900, -0.73025
4.86000, -0.78102
4.86100, -0.81931
4.86200, -0.84536
4.86300, -0.85978
4.86400, -0.86315
4.86500, -0.85606
4.86600, -0.83910
4.86700, -0.81285
4.86800, -0.77791
4.86900, -0.73487
4.87000, -0.68431
4.87100, -0.62687
4.87200, -0.56373
4.87300, -0.49663
4.87400, -0.42731
4.87500, -0.35751
4.87600, -0.28897
4.87700, -0.22344
4.87800, -0.16266
4.87900, -0.10838
4.88000, -0.06232
4.88100, -0.02625
4.88200, -0.00130
4.88300, 0.01339
4.88400, 0.01915
4.88500, 0.01730
4.88600, 0.00918
4.88700, -0.00391
4.88800, -0.02064
4.88900, -0.03969
4.89000, -0.05973
4.89100, -0.07944
4.89200, -0.09754
4.89300, -0.11367
4.89400, -0.12821
4.89500, -0.14161
4.89600, -0.15428
4.89700, -0.16665
4.89800, -0.17916
4.89900, -0.19224
4.90000, -0.20630
4.90100, -0.22179
4.90200, -0.23912
4.90300, -0.25839
4.90400, -0.27851
4.90500, -0.29816
4.90600, -0.31601
4.90700, -0.33073
4.90800, -0.34099
4.90900, -0.34547
4.91000, -0.34284
4.91100, -0.33176
4.91200, -0.31092
4.91300, -0.27908
4.91400, -0.23657
4.91500, -0.18514
4.91600, -0.12653
4.91700, -0.06251
4.91800, 0.00515
4.91900, 0.07470
4.92000, 0.14436
4.92100, 0.21238
4.92200, 0.27699
4.92300, 0.33643
4.92400, 0.38928
4.92500, 0.43525
4.92600, 0.47430
4.92700, 0.50639
4.92800, 0.53148
4.92900, 0.54951
4.93000, 0.56046
4.93100, 0.56426
4.93200, 0.56089
4.93300, 0.55029
4.93400, 0.53245
4.93500, 0.50782
4.93600, 0.47722
4.93700, 0.44151
4.93800, 0.40152
4.93900, 0.35812
4.94000, 0.31214
4.94100, 0.26443
4.94200, 0.21584
4.94300, 0.16721
4.94400, 0.11939
4.94500, 0.07315
4.94600, 0.02899
4.94700, -0.01263
4.94800, -0.05127
4.94900, -0.08647
4.95000, -0.11778
4.95100, -0.14475
4.95200, -0.16692
4.95300, -0.18385
4.95400, -0.19508
4.95500, -0.20019
4.95600, -0.19915
4.95700, -0.19225
4.95800, -0.17983
4.95900, -0.16218
4.96000, -0.13963
4.96100, -0.11249
4.96200, -0.08108
4.96300, -0.04571
4.96400, -0.00669
4.96500, 0.03566
4.96600, 0.08087
4.96700, 0.12801
4.96800, 0.17605
4.96900, 0.22396
4.97000, 0.27069
4.97100, 0.31522
4.97200, 0.35652
4.97300, 0.39354
4.97400, 0.42527
4.97500, 0.45066
4.97600, 0.46874
4.97700, 0.47930
4.97800, 0.48279
4.97900, 0.47967
4.98000, 0.47041
4.98100, 0.45548
4.98200, 0.43533
4.98300, 0.41043
4.98400, 0.38125
4.98500, 0.34825
4.98600, 0.31190
4.98700, 0.27279
4.98800, 0.23196
4.98900, 0.19050
4.99000, 0.14953
4.99100, 0.11016
4.99200, 0.07349
4.99300, 0.04064
4.99400, 0.01271
4.99500, -0.00919
4.99600, -0.02394
