-0.29900, 4.73594
-0.29850, 4.73594
-0.29800, 4.73594
-0.29750, 4.73594
-0.29700, 4.73595
-0.29650, 4.73593
-0.29600, 4.73591
-0.29550, 4.73601
-0.29500, 4.73596
-0.29450, 4.73556
-0.29400, 4.73638
-0.29350, 4.73721
-0.29300, 4.73158
-0.29250, 4.72375
-0.29200, 4.72338
-0.29150, 4.72241
-0.29100, 4.71447
-0.29050, 4.70737
-0.29000, 4.69968
-0.28950, 4.68411
-0.28900, 4.67178
-0.28850, 4.67170
-0.28800, 4.67456
-0.28750, 4.67379
-0.28700, 4.66798
-0.28650, 4.65898
-0.28600, 4.65055
-0.28550, 4.64771
-0.28500, 4.64841
-0.28450, 4.64442
-0.28400, 4.63353
-0.28350, 4.61805
-0.28300, 4.60522
-0.28250, 4.59871
-0.28200, 4.59742
-0.28150, 4.59820
-0.28100, 4.59827
-0.28050, 4.59803
-0.28000, 4.59806
-0.27950, 4.59841
-0.27900, 4.59799
-0.27850, 4.59696
-0.27800, 4.60055
-0.27750, 4.60876
-0.27700, 4.61531
-0.27650, 4.62415
-0.27600, 4.63981
-0.27550, 4.65193
-0.27500, 4.65837
-0.27450, 4.67025
-0.27400, 4.68661
-0.27350, 4.70155
-0.27300, 4.71679
-0.27250, 4.73209
-0.27200, 4.74263
-0.27150, 4.74857
-0.27100, 4.75410
-0.27050, 4.76644
-0.27000, 4.78287
-0.26950, 4.78683
-0.26900, 4.78603
-0.26850, 4.79835
-0.26800, 4.81694
-0.26750, 4.83223
-0.26700, 4.84113
-0.26650, 4.84837
-0.26600, 4.86157
-0.26550, 4.87900
-0.26500, 4.89487
-0.26450, 4.90206
-0.26400, 4.91032
-0.26350, 4.93417
-0.26300, 4.95082
-0.26250, 4.94855
-0.26200, 4.95559
-0.26150, 4.97279
-0.26100, 4.98112
-0.26050, 4.98937
-0.26000, 5.00533
-0.25950, 5.01674
-0.25900, 5.02316
-0.25850, 5.03482
-0.25800, 5.05360
-0.25750, 5.07653
-0.25700, 5.09686
-0.25650, 5.11048
-0.25600, 5.11753
-0.25550, 5.12666
-0.25500, 5.14259
-0.25450, 5.15377
-0.25400, 5.16028
-0.25350, 5.17361
-0.25300, 5.18903
-0.25250, 5.19790
-0.25200, 5.19938
-0.25150, 5.19890
-0.25100, 5.20528
-0.25050, 5.21258
-0.25000, 5.21296
-0.24950, 5.21169
-0.24900, 5.21194
-0.24850, 5.21213
-0.24800, 5.21203
-0.24750, 5.21202
-0.24700, 5.21204
-0.24650, 5.21204
-0.24600, 5.21204
-0.24550, 5.21204
-0.24500, 5.21202
-0.24450, 5.21207
-0.24400, 5.21209
-0.24350, 5.21180
-0.24300, 5.21208
-0.24250, 5.21310
-0.24200, 5.21020
-0.24150, 5.20220
-0.24100, 5.19399
-0.24050, 5.18687
-0.24000, 5.17973
-0.23950, 5.17147
-0.23900, 5.16357
-0.23850, 5.16086
-0.23800, 5.16191
-0.23750, 5.16215
-0.23700, 5.16186
-0.23650, 5.16189
-0.23600, 5.16194
-0.23550, 5.16192
-0.23500, 5.16192
-0.23450, 5.16191
-0.23400, 5.16190
-0.23350, 5.16200
-0.23300, 5.16194
-0.23250, 5.16155
-0.23200, 5.16234
-0.23150, 5.16321
-0.23100, 5.15769
-0.23050, 5.14979
-0.23000, 5.14923
-0.22950, 5.14856
-0.22900, 5.14095
-0.22850, 5.13235
-0.22800, 5.12520
-0.22750, 5.11781
-0.22700, 5.11031
-0.22650, 5.10296
-0.22600, 5.09493
-0.22550, 5.08757
-0.22500, 5.08433
-0.22450, 5.08799
-0.22400, 5.09671
-0.22350, 5.09907
-0.22300, 5.09830
-0.22250, 5.11016
-0.22200, 5.12627
-0.22150, 5.13439
-0.22100, 5.13914
-0.22050, 5.14694
-0.22000, 5.16169
-0.21950, 5.17567
-0.21900, 5.18237
-0.21850, 5.19288
-0.21800, 5.20888
-0.21750, 5.21920
-0.21700, 5.22514
-0.21650, 5.23243
-0.21600, 5.24037
-0.21550, 5.24781
-0.21500, 5.25472
-0.21450, 5.26277
-0.21400, 5.27196
-0.21350, 5.27429
-0.21300, 5.27293
-0.21250, 5.28529
-0.21200, 5.30001
-0.21150, 5.29940
-0.21100, 5.30324
-0.21050, 5.31997
-0.21000, 5.33145
-0.20950, 5.33740
-0.20900, 5.34592
-0.20850, 5.35029
-0.20800, 5.34924
-0.20750, 5.35421
-0.20700, 5.36230
-0.20650, 5.36363
-0.20600, 5.36199
-0.20550, 5.36198
-0.20500, 5.36328
-0.20450, 5.36255
-0.20400, 5.35617
-0.20350, 5.34749
-0.20300, 5.33995
-0.20250, 5.33352
-0.20200, 5.32555
-0.20150, 5.31252
-0.20100, 5.29502
-0.20050, 5.27846
-0.20000, 5.27402
-0.19950, 5.27510
-0.19900, 5.26409
-0.19850, 5.24534
-0.19800, 5.22913
-0.19750, 5.22174
-0.19700, 5.21413
-0.19650, 5.18887
-0.19600, 5.15565
-0.19550, 5.12622
-0.19500, 5.09490
-0.19450, 5.06521
-0.19400, 5.04822
-0.19350, 5.03349
-0.19300, 5.01058
-0.19250, 4.98972
-0.19200, 4.97597
-0.19150, 4.96644
-0.19100, 4.96097
-0.19050, 4.96021
-0.19000, 4.96313
-0.18950, 4.96304
-0.18900, 4.95002
-0.18850, 4.93528
-0.18800, 4.93328
-0.18750, 4.93988
-0.18700, 4.94770
-0.18650, 4.95030
-0.18600, 4.94875
-0.18550, 4.94766
-0.18500, 4.95112
-0.18450, 4.95917
-0.18400, 4.96730
-0.18350, 4.97440
-0.18300, 4.98150
-0.18250, 4.99002
-0.18200, 4.99787
-0.18150, 4.99921
-0.18100, 4.99914
-0.18050, 5.00576
-0.18000, 5.01450
-0.17950, 5.02178
-0.17900, 5.02938
-0.17850, 5.03666
-0.17800, 5.04285
-0.17750, 5.05360
-0.17700, 5.06939
-0.17650, 5.08075
-0.17600, 5.08664
-0.17550, 5.09236
-0.17500, 5.10350
-0.17450, 5.11940
-0.17400, 5.12976
-0.17350, 5.13643
-0.17300, 5.14880
-0.17250, 5.16761
-0.17200, 5.19025
-0.17150, 5.21288
-0.17100, 5.23529
-0.17050, 5.25890
-0.17000, 5.27896
-0.16950, 5.29347
-0.16900, 5.30911
-0.16850, 5.32374
-0.16800, 5.33043
-0.16750, 5.34079
-0.16700, 5.36341
-0.16650, 5.38756
-0.16600, 5.40951
-0.16550, 5.43279
-0.16500, 5.45357
-0.16450, 5.46861
-0.16400, 5.48242
-0.16350, 5.49764
-0.16300, 5.51370
-0.16250, 5.52708
-0.16200, 5.53510
-0.16150, 5.54006
-0.16100, 5.54783
-0.16050, 5.56442
-0.16000, 5.57581
-0.15950, 5.57315
-0.15900, 5.58345
-0.15850, 5.60867
-0.15800, 5.62092
-0.15750, 5.62647
-0.15700, 5.64078
-0.15650, 5.65750
-0.15600, 5.67213
-0.15550, 5.68678
-0.15500, 5.70191
-0.15450, 5.71698
-0.15400, 5.73159
-0.15350, 5.74646
-0.15300, 5.76300
-0.15250, 5.77634
-0.15200, 5.78277
-0.15150, 5.79399
-0.15100, 5.81040
-0.15050, 5.81471
-0.15000, 5.81351
-0.14950, 5.82120
-0.14900, 5.82666
-0.14850, 5.82547
-0.14800, 5.83038
-0.14750, 5.83848
-0.14700, 5.83965
-0.14650, 5.83818
-0.14600, 5.83832
-0.14550, 5.83859
-0.14500, 5.83849
-0.14450, 5.83847
-0.14400, 5.83848
-0.14350, 5.83846
-0.14300, 5.83856
-0.14250, 5.83850
-0.14200, 5.83811
-0.14150, 5.83892
-0.14100, 5.83975
-0.14050, 5.83416
-0.14000, 5.82631
-0.13950, 5.82580
-0.13900, 5.82510
-0.13850, 5.81748
-0.13800, 5.80865
-0.13750, 5.80159
-0.13700, 5.79524
-0.13650, 5.78590
-0.13600, 5.77124
-0.13550, 5.75387
-0.13500, 5.73955
-0.13450, 5.73331
-0.13400, 5.72251
-0.13350, 5.69905
-0.13300, 5.67996
-0.13250, 5.66613
-0.13200, 5.64321
-0.13150, 5.62353
-0.13100, 5.61760
-0.13050, 5.60421
-0.13000, 5.57973
-0.12950, 5.56148
-0.12900, 5.54861
-0.12850, 5.53413
-0.12800, 5.51749
-0.12750, 5.50253
-0.12700, 5.49499
-0.12650, 5.48627
-0.12600, 5.46936
-0.12550, 5.46154
-0.12500, 5.46347
-0.12450, 5.45343
-0.12400, 5.43646
-0.12350, 5.42715
-0.12300, 5.42452
-0.12250, 5.42485
-0.12200, 5.42518
-0.12150, 5.42502
-0.12100, 5.42500
-0.12050, 5.42504
-0.12000, 5.42503
-0.11950, 5.42503
-0.11900, 5.42503
-0.11850, 5.42503
-0.11800, 5.42503
-0.11750, 5.42503
-0.11700, 5.42503
-0.11650, 5.42503
-0.11600, 5.42502
-0.11550, 5.42504
-0.11500, 5.42505
-0.11450, 5.42496
-0.11400, 5.42502
-0.11350, 5.42539
-0.11300, 5.42458
-0.11250, 5.42386
-0.11200, 5.42934
-0.11150, 5.43725
-0.11100, 5.43869
-0.11050, 5.43734
-0.11000, 5.43747
-0.10950, 5.43740
-0.10900, 5.43746
-0.10850, 5.43885
-0.10800, 5.43620
-0.10750, 5.42790
-0.10700, 5.42369
-0.10650, 5.42487
-0.10600, 5.42536
-0.10550, 5.42497
-0.10500, 5.42498
-0.10450, 5.42505
-0.10400, 5.42503
-0.10350, 5.42505
-0.10300, 5.42501
-0.10250, 5.42494
-0.10200, 5.42524
-0.10150, 5.42521
-0.10100, 5.42380
-0.10050, 5.42584
-0.10000, 5.43392
-0.09950, 5.43906
-0.09900, 5.43807
-0.09850, 5.43590
-0.09800, 5.43831
-0.09750, 5.44675
-0.09700, 5.45057
-0.09650, 5.44956
-0.09600, 5.45558
-0.09550, 5.46301
-0.09500, 5.46304
-0.09450, 5.46355
-0.09400, 5.47162
-0.09350, 5.48802
-0.09300, 5.50057
-0.09250, 5.49953
-0.09200, 5.50408
-0.09150, 5.52077
-0.09100, 5.53317
-0.09050, 5.53790
-0.09000, 5.54185
-0.08950, 5.55899
-0.08900, 5.59062
-0.08850, 5.61905
-0.08800, 5.63826
-0.08750, 5.65196
-0.08700, 5.67062
-0.08650, 5.69450
-0.08600, 5.70759
-0.08550, 5.71311
-0.08500, 5.72495
-0.08450, 5.74555
-0.08400, 5.76919
-0.08350, 5.78297
-0.08300, 5.78818
-0.08250, 5.79464
-0.08200, 5.80363
-0.08150, 5.81187
-0.08100, 5.81332
-0.08050, 5.81316
-0.08000, 5.82103
-0.07950, 5.82611
-0.07900, 5.82414
-0.07850, 5.83388
-0.07800, 5.85011
-0.07750, 5.85218
-0.07700, 5.85187
-0.07650, 5.86022
-0.07600, 5.86508
-0.07550, 5.86374
-0.07500, 5.86314
-0.07450, 5.86363
-0.07400, 5.86370
-0.07350, 5.86327
-0.07300, 5.86336
-0.07250, 5.86491
-0.07200, 5.86251
-0.07150, 5.85402
-0.07100, 5.85052
-0.07050, 5.85145
-0.07000, 5.84522
-0.06950, 5.83785
-0.06900, 5.83757
-0.06850, 5.83885
-0.06800, 5.83858
-0.06750, 5.83836
-0.06700, 5.83851
-0.06650, 5.83860
-0.06600, 5.83828
-0.06550, 5.83825
-0.06500, 5.83971
-0.06450, 5.83799
-0.06400, 5.82984
-0.06350, 5.82504
-0.06300, 5.82597
-0.06250, 5.82331
-0.06200, 5.81244
-0.06150, 5.79551
-0.06100, 5.78698
-0.06050, 5.78861
-0.06000, 5.78376
-0.05950, 5.77566
-0.05900, 5.77495
-0.05850, 5.77577
-0.05800, 5.77524
-0.05750, 5.77951
-0.05700, 5.78847
-0.05650, 5.79751
-0.05600, 5.80128
-0.05550, 5.80043
-0.05500, 5.80446
-0.05450, 5.81327
-0.05400, 5.82123
-0.05350, 5.82795
-0.05300, 5.83513
-0.05250, 5.84504
-0.05200, 5.85104
-0.05150, 5.84461
-0.05100, 5.83731
-0.05050, 5.83772
-0.05000, 5.83892
-0.04950, 5.83852
-0.04900, 5.83838
-0.04850, 5.83851
-0.04800, 5.83850
-0.04750, 5.83848
-0.04700, 5.83848
-0.04650, 5.83849
-0.04600, 5.83848
-0.04550, 5.83848
-0.04500, 5.83848
-0.04450, 5.83848
-0.04400, 5.83849
-0.04350, 5.83848
-0.04300, 5.83848
-0.04250, 5.83850
-0.04200, 5.83850
-0.04150, 5.83839
-0.04100, 5.83855
-0.04050, 5.83885
-0.04000, 5.83764
-0.03950, 5.83773
-0.03900, 5.84484
-0.03850, 5.85143
-0.03800, 5.85081
-0.03750, 5.85321
-0.03700, 5.86170
-0.03650, 5.86949
-0.03600, 5.87705
-0.03550, 5.88565
-0.03500, 5.88909
-0.03450, 5.88825
-0.03400, 5.89275
-0.03350, 5.90197
-0.03300, 5.91050
-0.03250, 5.91464
-0.03200, 5.91412
-0.03150, 5.91261
-0.03100, 5.91388
-0.03050, 5.92036
-0.03000, 5.93010
-0.02950, 5.93796
-0.02900, 5.93738
-0.02850, 5.93901
-0.02800, 5.95481
-0.02750, 5.96550
-0.02700, 5.96372
-0.02650, 5.96800
-0.02600, 5.97632
-0.02550, 5.97713
-0.02500, 5.97655
-0.02450, 5.97738
-0.02400, 5.97130
-0.02350, 5.96384
-0.02300, 5.96495
-0.02250, 5.96091
-0.02200, 5.94482
-0.02150, 5.93132
-0.02100, 5.92626
-0.02050, 5.92663
-0.02000, 5.92512
-0.01950, 5.91757
-0.01900, 5.90790
-0.01850, 5.90135
-0.01800, 5.90130
-0.01750, 5.90018
-0.01700, 5.89256
-0.01650, 5.88379
-0.01600, 5.87673
-0.01550, 5.87052
-0.01500, 5.86088
-0.01450, 5.84580
-0.01400, 5.83032
-0.01350, 5.81552
-0.01300, 5.79930
-0.01250, 5.78654
-0.01200, 5.77968
-0.01150, 5.76987
-0.01100, 5.75374
-0.01050, 5.73557
-0.01000, 5.72498
-0.00950, 5.72578
-0.00900, 5.72299
-0.00850, 5.71436
-0.00800, 5.71178
-0.00750, 5.71336
-0.00700, 5.71345
-0.00650, 5.71310
-0.00600, 5.71317
-0.00550, 5.71320
-0.00500, 5.71320
-0.00450, 5.71327
-0.00400, 5.71304
-0.00350, 5.71299
-0.00300, 5.71421
-0.00250, 5.71284
-0.00200, 5.70550
-0.00150, 5.69823
-0.00100, 5.69844
-0.00050, 5.71123
0.00000, 5.72628
0.00050, 5.73253
0.00100, 5.74453
0.00150, 5.76153
0.00200, 5.75836
0.00250, 5.75087
0.00300, 5.76583
0.00350, 5.77732
0.00400, 5.77477
0.00450, 5.78522
0.00500, 5.80089
0.00550, 5.80048
0.00600, 5.80433
0.00650, 5.82146
0.00700, 5.82810
0.00750, 5.82594
0.00800, 5.83145
0.00850, 5.84136
0.00900, 5.84916
0.00950, 5.85241
0.01000, 5.85118
0.01050, 5.84850
0.01100, 5.85381
0.01150, 5.86966
0.01200, 5.88287
0.01250, 5.88840
0.01300, 5.88911
0.01350, 5.88854
0.01400, 5.88867
0.01450, 5.88822
0.01500, 5.88839
0.01550, 5.89085
0.01600, 5.88648
0.01650, 5.87086
0.01700, 5.85737
0.01750, 5.85145
0.01800, 5.84973
0.01850, 5.85166
0.01900, 5.85377
0.01950, 5.84394
0.02000, 5.82764
0.02050, 5.82442
0.02100, 5.82561
0.02150, 5.81843
0.02200, 5.80931
0.02250, 5.80219
0.02300, 5.79535
0.02350, 5.78718
0.02400, 5.77846
0.02450, 5.77564
0.02500, 5.77647
0.02550, 5.77003
0.02600, 5.76300
0.02650, 5.76375
0.02700, 5.76074
0.02750, 5.75215
0.02800, 5.75030
0.02850, 5.75057
0.02900, 5.74371
0.02950, 5.73506
0.03000, 5.72788
0.03050, 5.71950
0.03100, 5.71303
0.03150, 5.71248
0.03200, 5.71328
0.03250, 5.71301
0.03300, 5.71427
0.03350, 5.71309
0.03400, 5.70514
0.03450, 5.69987
0.03500, 5.70076
0.03550, 5.69876
0.03600, 5.70060
0.03650, 5.71647
0.03700, 5.72699
0.03750, 5.72492
0.03800, 5.73304
0.03850, 5.75026
0.03900, 5.76058
0.03950, 5.76373
0.04000, 5.76357
0.04050, 5.76316
0.04100, 5.76330
0.04150, 5.76335
0.04200, 5.76330
0.04250, 5.76331
0.04300, 5.76331
0.04350, 5.76331
0.04400, 5.76331
0.04450, 5.76331
0.04500, 5.76331
0.04550, 5.76331
0.04600, 5.76331
0.04650, 5.76331
0.04700, 5.76331
0.04750, 5.76331
0.04800, 5.76331
0.04850, 5.76331
0.04900, 5.76331
0.04950, 5.76331
0.05000, 5.76331
0.05050, 5.76331
0.05100, 5.76331
0.05150, 5.76331
0.05200, 5.76331
0.05250, 5.76331
0.05300, 5.76331
0.05350, 5.76331
0.05400, 5.76331
0.05450, 5.76331
0.05500, 5.76331
0.05550, 5.76331
0.05600, 5.76331
0.05650, 5.76331
0.05700, 5.76331
0.05750, 5.76331
0.05800, 5.76331
0.05850, 5.76331
0.05900, 5.76331
0.05950, 5.76331
0.06000, 5.76331
0.06050, 5.76331
0.06100, 5.76331
0.06150, 5.76331
0.06200, 5.76331
0.06250, 5.76331
0.06300, 5.76331
0.06350, 5.76331
0.06400, 5.76329
0.06450, 5.76331
0.06500, 5.76338
0.06550, 5.76320
0.06600, 5.76309
0.06650, 5.76412
0.06700, 5.76336
0.06750, 5.75693
0.06800, 5.74804
0.06850, 5.74040
0.06900, 5.73509
0.06950, 5.72630
0.07000, 5.70880
0.07050, 5.70062
0.07100, 5.70959
0.07150, 5.71519
0.07200, 5.71333
0.07250, 5.71274
0.07300, 5.71329
0.07350, 5.71326
0.07400, 5.71317
0.07450, 5.71320
0.07500, 5.71313
0.07550, 5.71326
0.07600, 5.71345
0.07650, 5.71251
0.07700, 5.71280
0.07750, 5.71870
0.07800, 5.72747
0.07850, 5.73520
0.07900, 5.74128
0.07950, 5.74905
0.08000, 5.76342
0.08050, 5.77790
0.08100, 5.78581
0.08150, 5.79086
0.08200, 5.79874
0.08250, 5.81372
0.08300, 5.82735
0.08350, 5.83357
0.08400, 5.84580
0.08450, 5.86181
0.08500, 5.86342
0.08550, 5.86460
0.08600, 5.88089
0.08650, 5.89049
0.08700, 5.88843
0.08750, 5.89381
0.08800, 5.90146
0.08850, 5.90087
0.08900, 5.90343
0.08950, 5.91201
0.09000, 5.91509
0.09050, 5.91358
0.09100, 5.91338
0.09150, 5.91374
0.09200, 5.91367
0.09250, 5.91372
0.09300, 5.91365
0.09350, 5.91328
0.09400, 5.91426
0.09450, 5.91477
0.09500, 5.90848
0.09550, 5.90110
0.09600, 5.90125
0.09650, 5.89960
0.09700, 5.89136
0.09750, 5.88463
0.09800, 5.87631
0.09850, 5.85997
0.09900, 5.84950
0.09950, 5.85077
0.10000, 5.84830
0.10050, 5.83896
0.10100, 5.82960
0.10150, 5.82565
0.10200, 5.82654
0.10250, 5.82249
0.10300, 5.81398
0.10350, 5.80760
0.10400, 5.79752
0.10450, 5.78151
0.10500, 5.77104
0.10550, 5.76432
0.10600, 5.75045
0.10650, 5.73537
0.10700, 5.72711
0.10750, 5.72565
0.10800, 5.72599
0.10850, 5.72094
0.10900, 5.71104
0.10950, 5.70184
0.11000, 5.70305
0.11050, 5.71205
0.11100, 5.71570
0.11150, 5.71224
0.11200, 5.70482
0.11250, 5.69688
0.11300, 5.68953
0.11350, 5.68171
0.11400, 5.67477
0.11450, 5.66854
0.11500, 5.65624
0.11550, 5.64048
0.11600, 5.63265
0.11650, 5.62387
0.11700, 5.60257
0.11750, 5.57675
0.11800, 5.55459
0.11850, 5.53915
0.11900, 5.52364
0.11950, 5.50117
0.12000, 5.47953
0.12050, 5.46509
0.12100, 5.45798
0.12150, 5.44930
0.12200, 5.43247
0.12250, 5.42388
0.12300, 5.42580
0.12350, 5.41714
0.12400, 5.39944
0.12450, 5.38437
0.12500, 5.36917
0.12550, 5.35360
0.12600, 5.34476
0.12650, 5.33729
0.12700, 5.32227
0.12750, 5.30879
0.12800, 5.30200
0.12850, 5.29443
0.12900, 5.28731
0.12950, 5.28625
0.13000, 5.28745
0.13050, 5.28735
0.13100, 5.28713
0.13150, 5.28721
0.13200, 5.28723
0.13250, 5.28721
0.13300, 5.28721
0.13350, 5.28721
0.13400, 5.28721
0.13450, 5.28723
0.13500, 5.28719
0.13550, 5.28714
0.13600, 5.28740
0.13650, 5.28730
0.13700, 5.28621
0.13750, 5.28817
0.13800, 5.29564
0.13850, 5.30431
0.13900, 5.31146
0.13950, 5.31736
0.14000, 5.32732
0.14050, 5.34313
0.14100, 5.35471
0.14150, 5.36118
0.14200, 5.37000
0.14250, 5.37499
0.14300, 5.37296
0.14350, 5.38121
0.14400, 5.39789
0.14450, 5.40197
0.14500, 5.40004
0.14550, 5.40595
0.14600, 5.41943
0.14650, 5.43485
0.14700, 5.44446
0.14750, 5.45084
0.14800, 5.45869
0.14850, 5.46487
0.14900, 5.47200
0.14950, 5.48978
0.15000, 5.51476
0.15050, 5.53834
0.15100, 5.55734
0.15150, 5.57185
0.15200, 5.58491
0.15250, 5.60150
0.15300, 5.62429
0.15350, 5.64494
0.15400, 5.65930
0.15450, 5.67225
0.15500, 5.68863
0.15550, 5.71077
0.15600, 5.73319
0.15650, 5.75496
0.15700, 5.78342
0.15750, 5.81337
0.15800, 5.83575
0.15850, 5.85965
0.15900, 5.89024
0.15950, 5.91987
0.16000, 5.95024
0.16050, 5.98727
0.16100, 6.02422
0.16150, 6.06009
0.16200, 6.10829
0.16250, 6.16153
0.16300, 6.20168
0.16350, 6.23649
0.16400, 6.27429
0.16450, 6.31064
0.16500, 6.34857
0.16550, 6.39649
0.16600, 6.45451
0.16650, 6.51093
0.16700, 6.53933
0.16750, 6.57050
0.16800, 6.66338
0.16850, 6.75468
0.16900, 6.79018
0.16950, 6.82611
0.17000, 6.88278
0.17050, 6.93950
0.17100, 7.00469
0.17150, 7.08277
0.17200, 7.14328
0.17250, 7.18445
0.17300, 7.23311
0.17350, 7.28775
0.17400, 7.33978
0.17450, 7.39310
0.17500, 7.44552
0.17550, 7.48927
0.17600, 7.53707
0.17650, 7.59867
0.17700, 7.65162
0.17750, 7.69439
0.17800, 7.75086
0.17850, 7.81108
0.17900, 7.85731
0.17950, 7.89845
0.18000, 7.94359
0.18050, 7.99513
0.18100, 8.04727
0.18150, 8.09315
0.18200, 8.13556
0.18250, 8.18021
0.18300, 8.23263
0.18350, 8.28376
0.18400, 8.32239
0.18450, 8.35788
0.18500, 8.39578
0.18550, 8.43029
0.18600, 8.45748
0.18650, 8.47831
0.18700, 8.50563
0.18750, 8.54407
0.18800, 8.58245
0.18850, 8.61961
0.18900, 8.65878
0.18950, 8.69170
0.19000, 8.71970
0.19050, 8.76207
0.19100, 8.80666
0.19150, 8.82943
0.19200, 8.85533
0.19250, 8.89588
0.19300, 8.91832
0.19350, 8.93161
0.19400, 8.96763
0.19450, 9.00268
0.19500, 9.01682
0.19550, 9.02830
0.19600, 9.04438
0.19650, 9.06043
0.19700, 9.07370
0.19750, 9.08201
0.19800, 9.08335
0.19850, 9.08308
0.19900, 9.09004
0.19950, 9.09673
0.20000, 9.09644
0.20050, 9.09655
0.20100, 9.09657
0.20150, 9.08943
0.20200, 9.08297
0.20250, 9.08366
0.20300, 9.08116
0.20350, 9.07256
0.20400, 9.06407
0.20450, 9.05756
0.20500, 9.05120
0.20550, 9.03913
0.20600, 9.02343
0.20650, 9.01235
0.20700, 8.99194
0.20750, 8.95250
0.20800, 8.92322
0.20850, 8.91110
0.20900, 8.89291
0.20950, 8.86812
0.21000, 8.84522
0.21050, 8.82413
0.21100, 8.80179
0.21150, 8.77410
0.21200, 8.74305
0.21250, 8.71276
0.21300, 8.68385
0.21350, 8.65417
0.21400, 8.61938
0.21450, 8.58069
0.21500, 8.54228
0.21550, 8.50763
0.21600, 8.47799
0.21650, 8.45112
0.21700, 8.41890
0.21750, 8.37464
0.21800, 8.33012
0.21850, 8.29320
0.21900, 8.25881
0.21950, 8.21958
0.22000, 8.16974
0.22050, 8.11359
0.22100, 8.06007
0.22150, 8.01981
0.22200, 7.98274
0.22250, 7.93126
0.22300, 7.88003
0.22350, 7.83699
0.22400, 7.78345
0.22450, 7.72182
0.22500, 7.66812
0.22550, 7.61639
0.22600, 7.55742
0.22650, 7.48958
0.22700, 7.42280
0.22750, 7.37019
0.22800, 7.31544
0.22850, 7.24700
0.22900, 7.18256
0.22950, 7.12399
0.23000, 7.06062
0.23050, 7.00744
0.23100, 6.96307
0.23150, 6.87251
0.23200, 6.75480
0.23250, 6.68981
0.23300, 6.66045
0.23350, 6.62515
0.23400, 6.57724
0.23450, 6.51519
0.23500, 6.43978
0.23550, 6.36786
0.23600, 6.31786
0.23650, 6.29346
0.23700, 6.26436
0.23750, 6.17871
0.23800, 6.07941
0.23850, 6.02323
0.23900, 5.98322
0.23950, 5.93756
0.24000, 5.88859
0.24050, 5.84809
0.24100, 5.81765
0.24150, 5.75682
0.24200, 5.66198
0.24250, 5.58094
0.24300, 5.52189
0.24350, 5.47383
0.24400, 5.43757
0.24450, 5.40886
0.24500, 5.37375
0.24550, 5.32261
0.24600, 5.25774
0.24650, 5.21309
0.24700, 5.19450
0.24750, 5.16080
0.24800, 5.11140
0.24850, 5.06646
0.24900, 5.02071
0.24950, 4.97430
0.25000, 4.94376
0.25050, 4.92427
0.25100, 4.89858
0.25150, 4.86085
0.25200, 4.81484
0.25250, 4.77411
0.25300, 4.73772
0.25350, 4.69563
0.25400, 4.64651
0.25450, 4.59365
0.25500, 4.54370
0.25550, 4.50074
0.25600, 4.46659
0.25650, 4.44286
0.25700, 4.42293
0.25750, 4.38609
0.25800, 4.33914
0.25850, 4.30650
0.25900, 4.27770
0.25950, 4.24013
0.26000, 4.20151
0.26050, 4.16448
0.26100, 4.12612
0.26150, 4.09054
0.26200, 4.06071
0.26250, 4.03130
0.26300, 4.00123
0.26350, 3.97314
0.26400, 3.94036
0.26450, 3.90087
0.26500, 3.87221
0.26550, 3.85145
0.26600, 3.81655
0.26650, 3.77938
0.26700, 3.75632
0.26750, 3.73646
0.26800, 3.71349
0.26850, 3.69067
0.26900, 3.66847
0.26950, 3.64610
0.27000, 3.62351
0.27050, 3.60107
0.27100, 3.57918
0.27150, 3.55614
0.27200, 3.53201
0.27250, 3.51503
0.27300, 3.50135
0.27350, 3.47313
0.27400, 3.44433
0.27450, 3.43543
0.27500, 3.42962
0.27550, 3.41396
0.27600, 3.39171
0.27650, 3.36970
0.27700, 3.35369
0.27750, 3.34062
0.27800, 3.32590
0.27850, 3.30605
0.27900, 3.28252
0.27950, 3.25930
0.28000, 3.23864
0.28050, 3.22328
0.28100, 3.21636
0.28150, 3.20780
0.28200, 3.18531
0.28250, 3.16555
0.28300, 3.15899
0.28350, 3.15303
0.28400, 3.14511
0.28450, 3.13916
0.28500, 3.12825
0.28550, 3.11172
0.28600, 3.10518
0.28650, 3.10713
0.28700, 3.10349
0.28750, 3.09069
0.28800, 3.07404
0.28850, 3.06834
0.28900, 3.06984
0.28950, 3.06286
0.29000, 3.05664
0.29050, 3.05813
0.29100, 3.05169
0.29150, 3.03452
0.29200, 3.01716
0.29250, 3.00527
0.29300, 2.99857
0.29350, 2.98796
0.29400, 2.97198
0.29450, 2.95674
0.29500, 2.94176
0.29550, 2.92606
0.29600, 2.91431
0.29650, 2.90767
0.29700, 2.90243
0.29750, 2.89227
0.29800, 2.87576
0.29850, 2.86691
0.29900, 2.86858
0.29950, 2.86960
0.30000, 2.86914
0.30050, 2.86962
0.30100, 2.86777
0.30150, 2.85982
0.30200, 2.84411
0.30250, 2.83097
0.30300, 2.83025
0.30350, 2.83142
0.30400, 2.83073
0.30450, 2.83688
0.30500, 2.84426
0.30550, 2.84416
0.30600, 2.84544
0.30650, 2.85351
0.30700, 2.86364
0.30750, 2.86915
0.30800, 2.86737
0.30850, 2.87294
0.30900, 2.88947
0.30950, 2.90002
0.31000, 2.90669
0.31050, 2.92064
0.31100, 2.93657
0.31150, 2.95098
0.31200, 2.96955
0.31250, 2.99362
0.31300, 3.01925
0.31350, 3.03481
0.31400, 3.04029
0.31450, 3.05721
0.31500, 3.08106
0.31550, 3.09194
0.31600, 3.09571
0.31650, 3.10256
0.31700, 3.11585
0.31750, 3.13115
0.31800, 3.14049
0.31850, 3.14604
0.31900, 3.15286
0.31950, 3.16476
0.32000, 3.18055
0.32050, 3.19580
0.32100, 3.21057
0.32150, 3.22566
0.32200, 3.24003
0.32250, 3.25512
0.32300, 3.27291
0.32350, 3.28329
0.32400, 3.28186
0.32450, 3.28741
0.32500, 3.30452
0.32550, 3.32163
0.32600, 3.33435
0.32650, 3.34236
0.32700, 3.34754
0.32750, 3.35523
0.32800, 3.37144
0.32850, 3.38339
0.32900, 3.38168
0.32950, 3.38826
0.33000, 3.40527
0.33050, 3.41005
0.33100, 3.40789
0.33150, 3.41341
0.33200, 3.42697
0.33250, 3.44251
0.33300, 3.45106
0.33350, 3.45884
0.33400, 3.47420
0.33450, 3.48713
0.33500, 3.49371
0.33550, 3.50267
0.33600, 3.52185
0.33650, 3.55276
0.33700, 3.57849
0.33750, 3.59214
0.33800, 3.60556
0.33850, 3.62115
0.33900, 3.63599
0.33950, 3.65140
0.34000, 3.66675
0.34050, 3.67734
0.34100, 3.68346
0.34150, 3.68927
0.34200, 3.70047
0.34250, 3.71640
0.34300, 3.72648
0.34350, 3.73328
0.34400, 3.74645
0.34450, 3.76377
0.34500, 3.77944
0.34550, 3.78803
0.34600, 3.79550
0.34650, 3.81148
0.34700, 3.82275
0.34750, 3.82170
0.34800, 3.82365
0.34850, 3.83288
0.34900, 3.84272
0.34950, 3.84635
0.35000, 3.84464
0.35050, 3.85310
0.35100, 3.86978
0.35150, 3.87944
0.35200, 3.88535
0.35250, 3.89318
0.35300, 3.89943
0.35350, 3.90716
0.35400, 3.92340
0.35450, 3.93487
0.35500, 3.93323
0.35550, 3.93950
0.35600, 3.95652
0.35650, 3.96735
0.35700, 3.97237
0.35750, 3.97869
0.35800, 3.99095
0.35850, 4.00658
0.35900, 4.01694
0.35950, 4.02234
0.36000, 4.02814
0.36050, 4.04164
0.36100, 4.05750
0.36150, 4.05924
0.36200, 4.06020
0.36250, 4.07622
0.36300, 4.08653
0.36350, 4.08460
0.36400, 4.08795
0.36450, 4.09766
0.36500, 4.10637
0.36550, 4.11031
0.36600, 4.10979
0.36650, 4.10924
0.36700, 4.10950
0.36750, 4.10954
0.36800, 4.10948
0.36850, 4.10948
0.36900, 4.10950
0.36950, 4.10949
0.37000, 4.10946
0.37050, 4.10953
0.37100, 4.10957
0.37150, 4.10919
0.37200, 4.10947
0.37250, 4.11092
0.37300, 4.10749
0.37350, 4.09899
0.37400, 4.09651
0.37450, 4.09707
0.37500, 4.09051
0.37550, 4.08263
0.37600, 4.07626
0.37650, 4.06197
0.37700, 4.04733
0.37750, 4.04722
0.37800, 4.04449
0.37850, 4.02814
0.37900, 4.01672
0.37950, 4.01027
0.38000, 3.99546
0.38050, 3.98220
0.38100, 3.97649
0.38150, 3.96102
0.38200, 3.93676
0.38250, 3.91974
0.38300, 3.90601
0.38350, 3.89012
0.38400, 3.87945
0.38450, 3.87278
0.38500, 3.86065
0.38550, 3.84316
0.38600, 3.82627
0.38650, 3.82008
0.38700, 3.82155
0.38750, 3.81628
0.38800, 3.80779
0.38850, 3.80165
0.38900, 3.78897
0.38950, 3.77313
0.39000, 3.77006
0.39050, 3.77084
0.39100, 3.76304
0.39150, 3.75710
0.39200, 3.75807
0.39250, 3.76015
0.39300, 3.75823
0.39350, 3.75061
0.39400, 3.74391
0.39450, 3.73701
0.39500, 3.72007
0.39550, 3.70855
0.39600, 3.71781
0.39650, 3.71776
0.39700, 3.69990
0.39750, 3.69394
0.39800, 3.69597
0.39850, 3.68878
0.39900, 3.68207
0.39950, 3.68271
0.40000, 3.68478
0.40050, 3.68348
0.40100, 3.67675
0.40150, 3.66826
0.40200, 3.66086
0.40250, 3.65383
0.40300, 3.64609
0.40350, 3.63752
0.40400, 3.63259
0.40450, 3.63293
0.40500, 3.63368
0.40550, 3.63341
0.40600, 3.63332
0.40650, 3.63341
0.40700, 3.63342
0.40750, 3.63333
0.40800, 3.63337
0.40850, 3.63369
0.40900, 3.63308
0.40950, 3.63238
0.41000, 3.63675
0.41050, 3.64511
0.41100, 3.65220
0.41150, 3.66075
0.41200, 3.67487
0.41250, 3.69563
0.41300, 3.71846
0.41350, 3.73568
0.41400, 3.74852
0.41450, 3.76225
0.41500, 3.78324
0.41550, 3.80611
0.41600, 3.81722
0.41650, 3.82233
0.41700, 3.83003
0.41750, 3.83686
0.41800, 3.84428
0.41850, 3.85874
0.41900, 3.87292
0.41950, 3.87989
0.42000, 3.88935
0.42050, 3.90529
0.42100, 3.92246
0.42150, 3.93510
0.42200, 3.94172
0.42250, 3.95247
0.42300, 3.96842
0.42350, 3.97877
0.42400, 3.98472
0.42450, 3.99191
0.42500, 4.00011
0.42550, 4.00763
0.42600, 4.01319
0.42650, 4.02259
0.42700, 4.03949
0.42750, 4.04801
0.42800, 4.04615
0.42850, 4.05436
0.42900, 4.07246
0.42950, 4.08915
0.43000, 4.09999
0.43050, 4.10678
0.43100, 4.11754
0.43150, 4.13459
0.43200, 4.15617
0.43250, 4.18000
0.43300, 4.20283
0.43350, 4.22048
0.43400, 4.23443
0.43450, 4.24904
0.43500, 4.26448
0.43550, 4.27959
0.43600, 4.29321
0.43650, 4.30893
0.43700, 4.33124
0.43750, 4.35267
0.43800, 4.36754
0.43850, 4.38010
0.43900, 4.39605
0.43950, 4.41888
0.44000, 4.43933
0.44050, 4.45312
0.44100, 4.47281
0.44150, 4.49590
0.44200, 4.51010
0.44250, 4.52825
0.44300, 4.55927
0.44350, 4.58602
0.44400, 4.60731
0.44450, 4.63612
0.44500, 4.66579
0.44550, 4.68827
0.44600, 4.70952
0.44650, 4.73225
0.44700, 4.75454
0.44750, 4.77732
0.44800, 4.80061
0.44850, 4.81934
0.44900, 4.83350
0.44950, 4.84831
0.45000, 4.86308
0.45050, 4.87701
0.45100, 4.89591
0.45150, 4.91913
0.45200, 4.93817
0.45250, 4.94980
0.45300, 4.95624
0.45350, 4.96748
0.45400, 4.98344
0.45450, 4.99235
0.45500, 4.99994
0.45550, 5.01522
0.45600, 5.02839
0.45650, 5.03503
0.45700, 5.04174
0.45750, 5.04955
0.45800, 5.05684
0.45850, 5.06490
0.45900, 5.07269
0.45950, 5.07558
0.46000, 5.07416
0.46050, 5.07265
0.46100, 5.07644
0.46150, 5.08477
0.46200, 5.08808
0.46250, 5.08675
0.46300, 5.08646
0.46350, 5.08682
0.46400, 5.08679
0.46450, 5.08672
0.46500, 5.08675
0.46550, 5.08675
0.46600, 5.08675
0.46650, 5.08675
0.46700, 5.08675
0.46750, 5.08675
0.46800, 5.08675
0.46850, 5.08675
0.46900, 5.08675
0.46950, 5.08674
0.47000, 5.08675
0.47050, 5.08678
0.47100, 5.08672
0.47150, 5.08665
0.47200, 5.08701
0.47250, 5.08689
0.47300, 5.08534
0.47350, 5.08804
0.47400, 5.09660
0.47450, 5.09961
0.47500, 5.09882
0.47550, 5.10609
0.47600, 5.11202
0.47650, 5.11002
0.47700, 5.11837
0.47750, 5.13503
0.47800, 5.13885
0.47850, 5.13696
0.47900, 5.14303
0.47950, 5.15670
0.48000, 5.17205
0.48050, 5.18121
0.48100, 5.18804
0.48150, 5.20068
0.48200, 5.22426
0.48250, 5.25541
0.48300, 5.28256
0.48350, 5.30121
0.48400, 5.31433
0.48450, 5.33581
0.48500, 5.36728
0.48550, 5.39428
0.48600, 5.41374
0.48650, 5.42899
0.48700, 5.44335
0.48750, 5.45840
0.48800, 5.47346
0.48850, 5.48835
0.48900, 5.50327
0.48950, 5.51831
0.49000, 5.53330
0.49050, 5.54784
0.49100, 5.56315
0.49150, 5.57958
0.49200, 5.59067
0.49250, 5.59702
0.49300, 5.61081
0.49350, 5.62541
0.49400, 5.62713
0.49450, 5.62548
0.49500, 5.62638
0.49550, 5.62103
0.49600, 5.61313
0.49650, 5.61237
0.49700, 5.61246
0.49750, 5.60557
0.49800, 5.58994
0.49850, 5.57580
0.49900, 5.57575
0.49950, 5.57307
0.50000, 5.55698
0.50050, 5.54405
0.50100, 5.53826
0.50150, 5.53200
0.50200, 5.52283
0.50250, 5.50894
0.50300, 5.48681
0.50350, 5.46444
0.50400, 5.45548
0.50450, 5.44751
0.50500, 5.43100
0.50550, 5.42254
0.50600, 5.42465
0.50650, 5.42548
0.50700, 5.42508
0.50750, 5.42563
0.50800, 5.42342
0.50850, 5.42364
0.50900, 5.43753
0.50950, 5.45117
0.51000, 5.45103
0.51050, 5.45135
0.51100, 5.46012
0.51150, 5.47393
0.51200, 5.48960
0.51250, 5.50484
0.51300, 5.51882
0.51350, 5.53370
0.51400, 5.55397
0.51450, 5.57763
0.51500, 5.60049
0.51550, 5.62164
0.51600, 5.64388
0.51650, 5.67259
0.51700, 5.70250
0.51750, 5.72597
0.51800, 5.74606
0.51850, 5.76831
0.51900, 5.79744
0.51950, 5.82699
0.52000, 5.84912
0.52050, 5.87340
0.52100, 5.90411
0.52150, 5.93353
0.52200, 5.96421
0.52250, 6.00178
0.52300, 6.03759
0.52350, 6.06692
0.52400, 6.09600
0.52450, 6.12620
0.52500, 6.15588
0.52550, 6.18641
0.52600, 6.21689
0.52650, 6.24187
0.52700, 6.26351
0.52750, 6.28712
0.52800, 6.30666
0.52850, 6.32057
0.52900, 6.34009
0.52950, 6.36328
0.53000, 6.37990
0.53050, 6.39324
0.53100, 6.40813
0.53150, 6.42413
0.53200, 6.43868
0.53250, 6.44848
0.53300, 6.45298
0.53350, 6.45317
0.53400, 6.45129
0.53450, 6.45185
0.53500, 6.45914
0.53550, 6.46560
0.53600, 6.46535
0.53650, 6.46543
0.53700, 6.46549
0.53750, 6.45865
0.53800, 6.45173
0.53850, 6.45164
0.53900, 6.45259
0.53950, 6.45233
0.54000, 6.45327
0.54050, 6.45181
0.54100, 6.44462
0.54150, 6.43593
0.54200, 6.42866
0.54250, 6.42245
0.54300, 6.41345
0.54350, 6.39881
0.54400, 6.38291
0.54450, 6.36814
0.54500, 6.35331
0.54550, 6.33831
0.54600, 6.32343
0.54650, 6.30823
0.54700, 6.29321
0.54750, 6.27962
0.54800, 6.26324
0.54850, 6.24049
0.54900, 6.21973
0.54950, 6.20538
0.55000, 6.19296
0.55050, 6.17603
0.55100, 6.15199
0.55150, 6.13479
0.55200, 6.12867
0.55250, 6.11930
0.55300, 6.10144
0.55350, 6.07806
0.55400, 6.05859
0.55450, 6.04471
0.55500, 6.02482
0.55550, 6.00177
0.55600, 5.98551
0.55650, 5.97209
0.55700, 5.95706
0.55750, 5.94150
0.55800, 5.92684
0.55850, 5.91324
0.55900, 5.89543
0.55950, 5.87229
0.56000, 5.85197
0.56050, 5.82837
0.56100, 5.79003
0.56150, 5.75725
0.56200, 5.74326
0.56250, 5.72868
0.56300, 5.70377
0.56350, 5.67179
0.56400, 5.64629
0.56450, 5.63268
0.56500, 5.61326
0.56550, 5.59006
0.56600, 5.58041
0.56650, 5.57316
0.56700, 5.55726
0.56750, 5.54561
0.56800, 5.53921
0.56850, 5.52659
0.56900, 5.51004
0.56950, 5.49496
0.57000, 5.48064
0.57050, 5.46559
0.57100, 5.44924
0.57150, 5.43620
0.57200, 5.42916
0.57250, 5.41990
0.57300, 5.40404
0.57350, 5.38334
0.57400, 5.35966
0.57450, 5.33592
0.57500, 5.31806
0.57550, 5.30394
0.57600, 5.28305
0.57650, 5.26053
0.57700, 5.24504
0.57750, 5.23116
0.57800, 5.21591
0.57850, 5.20212
0.57900, 5.18587
0.57950, 5.16312
0.58000, 5.14239
0.58050, 5.12805
0.58100, 5.11517
0.58150, 5.09871
0.58200, 5.07636
0.58250, 5.05458
0.58300, 5.03956
0.58350, 5.03302
0.58400, 5.02408
0.58450, 5.00137
0.58500, 4.98191
0.58550, 4.97548
0.58600, 4.96987
0.58650, 4.96167
0.58700, 4.95402
0.58750, 4.94673
0.58800, 4.93922
0.58850, 4.93182
0.58900, 4.92429
0.58950, 4.91637
0.59000, 4.90982
0.59050, 4.90330
0.59100, 4.88946
0.59150, 4.87450
0.59200, 4.87170
0.59250, 4.87413
0.59300, 4.87393
0.59350, 4.87404
0.59400, 4.87396
0.59450, 4.87141
0.59500, 4.87601
0.59550, 4.89199
0.59600, 4.90384
0.59650, 4.91017
0.59700, 4.92247
0.59750, 4.93976
0.59800, 4.95596
0.59850, 4.96493
0.59900, 4.97192
0.59950, 4.99041
0.60000, 5.01555
0.60050, 5.03842
0.60100, 5.05892
0.60150, 5.08154
0.60200, 5.11190
0.60250, 5.13984
0.60300, 5.15930
0.60350, 5.19312
0.60400, 5.24059
0.60450, 5.27406
0.60500, 5.30350
0.60550, 5.34734
0.60600, 5.39487
0.60650, 5.43921
0.60700, 5.48400
0.60750, 5.52868
0.60800, 5.57237
0.60850, 5.62095
0.60900, 5.67411
0.60950, 5.72368
0.61000, 5.77909
0.61050, 5.84914
0.61100, 5.90691
0.61150, 5.94861
0.61200, 6.00893
0.61250, 6.07795
0.61300, 6.13005
0.61350, 6.18579
0.61400, 6.25501
0.61450, 6.31749
0.61500, 6.37695
0.61550, 6.44884
0.61600, 6.52797
0.61650, 6.60371
0.61700, 6.66670
0.61750, 6.72597
0.61800, 6.79794
0.61850, 6.87608
0.61900, 6.95121
0.61950, 7.02091
0.62000, 7.08742
0.62050, 7.15483
0.62100, 7.22156
0.62150, 7.28270
0.62200, 7.33126
0.62250, 7.37528
0.62300, 7.43112
0.62350, 7.49522
0.62400, 7.56182
0.62450, 7.63323
0.62500, 7.69910
0.62550, 7.74251
0.62600, 7.77487
0.62650, 7.81614
0.62700, 7.88158
0.62750, 7.95868
0.62800, 8.01498
0.62850, 8.04842
0.62900, 8.07023
0.62950, 8.09493
0.63000, 8.13485
0.63050, 8.19520
0.63100, 8.25088
0.63150, 8.28132
0.63200, 8.30826
0.63250, 8.34744
0.63300, 8.39930
0.63350, 8.45029
0.63400, 8.48854
0.63450, 8.52294
0.63500, 8.56072
0.63550, 8.60178
0.63600, 8.63494
0.63650, 8.65470
0.63700, 8.68692
0.63750, 8.73453
0.63800, 8.76937
0.63850, 8.79769
0.63900, 8.83557
0.63950, 8.87037
0.64000, 8.89894
0.64050, 8.93582
0.64100, 8.97202
0.64150, 8.99393
0.64200, 9.01972
0.64250, 9.05848
0.64300, 9.09768
0.64350, 9.13423
0.64400, 9.17118
0.64450, 9.20949
0.64500, 9.24729
0.64550, 9.27978
0.64600, 9.30871
0.64650, 9.33869
0.64700, 9.36815
0.64750, 9.39747
0.64800, 9.43231
0.64850, 9.47049
0.64900, 9.50665
0.64950, 9.54704
0.65000, 9.59302
0.65050, 9.63273
0.65100, 9.66966
0.65150, 9.71502
0.65200, 9.75712
0.65250, 9.78684
0.65300, 9.81315
0.65350, 9.84439
0.65400, 9.88353
0.65450, 9.91648
0.65500, 9.93227
0.65550, 9.93795
0.65600, 9.94610
0.65650, 9.96777
0.65700, 9.98866
0.65750, 9.99618
0.65800, 9.99819
0.65850, 9.99837
0.65900, 9.99856
0.65950, 9.99875
0.66000, 9.99895
0.66050, 9.99915
0.66100, 9.99935
0.66150, 9.99955
0.66200, 9.99975
0.66250, 9.99995
0.66300, 10.00014
0.66350, 10.00033
0.66400, 10.00052
0.66450, 10.00069
0.66500, 10.00087
0.66550, 10.00103
0.66600, 10.00119
0.66650, 10.00133
0.66700, 10.00146
0.66750, 10.00158
0.66800, 10.00169
0.66850, 10.00178
0.66900, 10.00186
0.66950, 10.00192
0.67000, 10.00197
0.67050, 10.00199
0.67100, 10.00200
0.67150, 10.00198
0.67200, 10.00195
0.67250, 10.00189
0.67300, 10.00181
0.67350, 10.00170
0.67400, 10.00157
0.67450, 10.00141
0.67500, 10.00122
0.67550, 10.00100
0.67600, 10.00076
0.67650, 10.00048
0.67700, 10.00017
0.67750, 9.99983
0.67800, 9.99945
0.67850, 9.99904
0.67900, 9.99860
0.67950, 9.99811
0.68000, 9.97757
0.68050, 9.95567
0.68100, 9.94248
0.68150, 9.91951
0.68200, 9.88748
0.68250, 9.85930
0.68300, 9.82508
0.68350, 9.77914
0.68400, 9.73689
0.68450, 9.70095
0.68500, 9.66345
0.68550, 9.62683
0.68600, 9.59110
0.68650, 9.54473
0.68700, 9.49085
0.68750, 9.44372
0.68800, 9.40054
0.68850, 9.35560
0.68900, 9.31078
0.68950, 9.26594
0.69000, 9.21768
0.69050, 9.16051
0.69100, 9.09735
0.69150, 9.05218
0.69200, 9.02565
0.69250, 8.99406
0.69300, 8.95147
0.69350, 8.90024
0.69400, 8.84363
0.69450, 8.79151
0.69500, 8.75601
0.69550, 8.71358
0.69600, 8.64441
0.69650, 8.58486
0.69700, 8.54323
0.69750, 8.48824
0.69800, 8.42699
0.69850, 8.37937
0.69900, 8.34203
0.69950, 8.29792
0.70000, 8.22329
0.70050, 8.13923
0.70100, 8.08022
0.70150, 8.04421
0.70200, 8.00904
0.70250, 7.94064
0.70300, 7.85281
0.70350, 7.77950
0.70400, 7.72582
0.70450, 7.68909
0.70500, 7.66274
0.70550, 7.61716
0.70600, 7.52501
0.70650, 7.42295
0.70700, 7.34116
0.70750, 7.27421
0.70800, 7.20577
0.70850, 7.12243
0.70900, 7.04530
0.70950, 6.98670
0.71000, 6.92964
0.71050, 6.86883
0.71100, 6.80857
0.71150, 6.74939
0.71200, 6.68991
0.71250, 6.62791
0.71300, 6.56917
0.71350, 6.52017
0.71400, 6.46000
0.71450, 6.38193
0.71500, 6.32170
0.71550, 6.28126
0.71600, 6.23286
0.71650, 6.16183
0.71700, 6.06927
0.71750, 5.97861
0.71800, 5.89865
0.71850, 5.82314
0.71900, 5.74906
0.71950, 5.67914
0.72000, 5.62488
0.72050, 5.57327
0.72100, 5.49482
0.72150, 5.41316
0.72200, 5.35366
0.72250, 5.29391
0.72300, 5.22493
0.72350, 5.15729
0.72400, 5.08971
0.72450, 5.02048
0.72500, 4.96053
0.72550, 4.90170
0.72600, 4.81931
0.72650, 4.74178
0.72700, 4.69811
0.72750, 4.64769
0.72800, 4.58464
0.72850, 4.54964
0.72900, 4.50434
0.72950, 4.40512
0.73000, 4.31933
0.73050, 4.27989
0.73100, 4.24991
0.73150, 4.20677
0.73200, 4.14614
0.73250, 4.09059
0.73300, 4.04762
0.73350, 3.99845
0.73400, 3.94520
0.73450, 3.89918
0.73500, 3.85617
0.73550, 3.81129
0.73600, 3.76448
0.73650, 3.72107
0.73700, 3.68781
0.73750, 3.66409
0.73800, 3.63681
0.73850, 3.57949
0.73900, 3.50970
0.73950, 3.46272
0.74000, 3.41774
0.74050, 3.35646
0.74100, 3.29102
0.74150, 3.23500
0.74200, 3.19599
0.74250, 3.15878
0.74300, 3.11314
0.74350, 3.06983
0.74400, 3.03454
0.74450, 3.00764
0.74500, 2.99165
0.74550, 2.97476
0.74600, 2.91853
0.74650, 2.83893
0.74700, 2.78956
0.74750, 2.76405
0.74800, 2.73717
0.74850, 2.69016
0.74900, 2.62710
0.74950, 2.56946
0.75000, 2.52296
0.75050, 2.48532
0.75100, 2.45002
0.75150, 2.41220
0.75200, 2.36959
0.75250, 2.32266
0.75300, 2.27575
0.75350, 2.23962
0.75400, 2.21120
0.75450, 2.17505
0.75500, 2.13811
0.75550, 2.10919
0.75600, 2.07554
0.75650, 2.03702
0.75700, 2.00935
0.75750, 1.99015
0.75800, 1.96940
0.75850, 1.94140
0.75900, 1.91062
0.75950, 1.88967
0.76000, 1.86400
0.76050, 1.81817
0.76100, 1.77836
0.76150, 1.75801
0.76200, 1.74390
0.76250, 1.72810
0.76300, 1.71038
0.76350, 1.70339
0.76400, 1.70536
0.76450, 1.69390
0.76500, 1.67871
0.76550, 1.67908
0.76600, 1.67564
0.76650, 1.65902
0.76700, 1.64692
0.76750, 1.64132
0.76800, 1.63449
0.76850, 1.62594
0.76900, 1.61810
0.76950, 1.61471
0.77000, 1.61613
0.77050, 1.62127
0.77100, 1.63311
0.77150, 1.64928
0.77200, 1.65758
0.77250, 1.66540
0.77300, 1.68817
0.77350, 1.70698
0.77400, 1.71218
0.77450, 1.72875
0.77500, 1.75261
0.77550, 1.76108
0.77600, 1.77030
0.77650, 1.79375
0.77700, 1.81445
0.77750, 1.82776
0.77800, 1.84164
0.77850, 1.85782
0.77900, 1.87381
0.77950, 1.88341
0.78000, 1.89034
0.78050, 1.90483
0.78100, 1.91874
0.78150, 1.92521
0.78200, 1.93650
0.78250, 1.95243
0.78300, 1.96074
0.78350, 1.96892
0.78400, 1.98478
0.78450, 1.99630
0.78500, 2.00273
0.78550, 2.01614
0.78600, 2.03124
0.78650, 2.03934
0.78700, 2.04467
0.78750, 2.05233
0.78800, 2.06532
0.78850, 2.08140
0.78900, 2.09677
0.78950, 2.11046
0.79000, 2.12524
0.79050, 2.14650
0.79100, 2.16892
0.79150, 2.18487
0.79200, 2.19753
0.79250, 2.21235
0.79300, 2.23373
0.79350, 2.25606
0.79400, 2.27172
0.79450, 2.28564
0.79500, 2.30089
0.79550, 2.31462
0.79600, 2.33072
0.79650, 2.35366
0.79700, 2.37379
0.79750, 2.38778
0.79800, 2.40622
0.79850, 2.43035
0.79900, 2.45453
0.79950, 2.47314
0.80000, 2.48712
0.80050, 2.50704
0.80100, 2.53008
0.80150, 2.54643
0.80200, 2.55988
0.80250, 2.57489
0.80300, 2.59039
0.80350, 2.60511
0.80400, 2.61892
0.80450, 2.63616
0.80500, 2.65878
0.80550, 2.68201
0.80600, 2.70419
0.80650, 2.72654
0.80700, 2.74902
0.80750, 2.77142
0.80800, 2.79399
0.80850, 2.81637
0.80900, 2.83812
0.80950, 2.86170
0.81000, 2.88588
0.81050, 2.89953
0.81100, 2.90546
0.81150, 2.91799
0.81200, 2.93459
0.81250, 2.94944
0.81300, 2.96460
0.81350, 2.97959
0.81400, 2.99040
0.81450, 2.99455
0.81500, 2.99359
0.81550, 2.99735
0.81600, 3.00575
0.81650, 3.00830
0.81700, 3.00680
0.81750, 3.00666
0.81800, 3.00710
0.81850, 3.00705
0.81900, 3.00652
0.81950, 3.00711
0.82000, 3.00865
0.82050, 3.00359
0.82100, 2.99503
0.82150, 2.99844
0.82200, 3.00733
0.82250, 3.00848
0.82300, 3.00605
0.82350, 3.00602
0.82400, 3.01135
0.82450, 3.01980
0.82500, 3.02744
0.82550, 3.03465
0.82600, 3.04215
0.82650, 3.04976
0.82700, 3.05714
0.82750, 3.06429
0.82800, 3.07258
0.82850, 3.08057
0.82900, 3.08271
0.82950, 3.08210
0.83000, 3.08667
0.83050, 3.09957
0.83100, 3.11595
0.83150, 3.12119
0.83200, 3.11964
0.83250, 3.12558
0.83300, 3.13448
0.83350, 3.14155
0.83400, 3.15060
0.83450, 3.15721
0.83500, 3.15483
0.83550, 3.16093
0.83600, 3.18460
0.83650, 3.20552
0.83700, 3.21867
0.83750, 3.23282
0.83800, 3.24857
0.83850, 3.26382
0.83900, 3.27712
0.83950, 3.29256
0.84000, 3.31598
0.84050, 3.33535
0.84100, 3.34227
0.84150, 3.35074
0.84200, 3.36725
0.84250, 3.38846
0.84300, 3.41195
0.84350, 3.43515
0.84400, 3.45405
0.84450, 3.46820
0.84500, 3.48125
0.84550, 3.49852
0.84600, 3.52164
0.84650, 3.54134
0.84700, 3.55534
0.84750, 3.57006
0.84800, 3.58486
0.84850, 3.59856
0.84900, 3.61799
0.84950, 3.64131
0.85000, 3.65714
0.85050, 3.67277
0.85100, 3.69685
0.85150, 3.71324
0.85200, 3.71896
0.85250, 3.73124
0.85300, 3.74693
0.85350, 3.75549
0.85400, 3.76072
0.85450, 3.76811
0.85500, 3.78088
0.85550, 3.79679
0.85600, 3.81181
0.85650, 3.82676
0.85700, 3.84188
0.85750, 3.85550
0.85800, 3.87155
0.85850, 3.89424
0.85900, 3.91500
0.85950, 3.92938
0.86000, 3.94378
0.86050, 3.95883
0.86100, 3.97253
0.86150, 3.99049
0.86200, 4.01375
0.86250, 4.03278
0.86300, 4.04623
0.86350, 4.05942
0.86400, 4.07771
0.86450, 4.10098
0.86500, 4.11977
0.86550, 4.13350
0.86600, 4.14802
0.86650, 4.16339
0.86700, 4.17837
0.86750, 4.19301
0.86800, 4.20807
0.86850, 4.22405
0.86900, 4.23716
0.86950, 4.24484
0.87000, 4.25015
0.87050, 4.25823
0.87100, 4.27330
0.87150, 4.28676
0.87200, 4.29321
0.87250, 4.30463
0.87300, 4.32051
0.87350, 4.32897
0.87400, 4.33688
0.87450, 4.35210
0.87500, 4.36618
0.87550, 4.37247
0.87600, 4.37067
0.87650, 4.37406
0.87700, 4.39059
0.87750, 4.39941
0.87800, 4.39742
0.87850, 4.40322
0.87900, 4.41050
0.87950, 4.40932
0.88000, 4.41398
0.88050, 4.43047
0.88100, 4.44958
0.88150, 4.46065
0.88200, 4.45964
0.88250, 4.46387
0.88300, 4.48030
0.88350, 4.49799
0.88400, 4.51096
0.88450, 4.51852
0.88500, 4.52630
0.88550, 4.53439
0.88600, 4.53488
0.88650, 4.53565
0.88700, 4.54877
0.88750, 4.56663
0.88800, 4.58157
0.88850, 4.59331
0.88900, 4.61065
0.88950, 4.64130
0.89000, 4.66733
0.89050, 4.68079
0.89100, 4.69858
0.89150, 4.72274
0.89200, 4.74559
0.89250, 4.76758
0.89300, 4.79008
0.89350, 4.81235
0.89400, 4.83489
0.89450, 4.85831
0.89500, 4.87864
0.89550, 4.89356
0.89600, 4.90646
0.89650, 4.92226
0.89700, 4.94453
0.89750, 4.96603
0.89800, 4.98104
0.89850, 4.99373
0.89900, 5.00943
0.89950, 5.03160
0.90000, 5.05324
0.90050, 5.06839
0.90100, 5.08104
0.90150, 5.09660
0.90200, 5.11877
0.90250, 5.14034
0.90300, 5.15529
0.90350, 5.16944
0.90400, 5.18463
0.90450, 5.19827
0.90500, 5.21529
0.90550, 5.23849
0.90600, 5.25792
0.90650, 5.27188
0.90700, 5.28771
0.90750, 5.30101
0.90800, 5.30765
0.90850, 5.31833
0.90900, 5.33430
0.90950, 5.34482
0.91000, 5.35038
0.91050, 5.35670
0.91100, 5.36810
0.91150, 5.38371
0.91200, 5.39777
0.91250, 5.41402
0.91300, 5.43690
0.91350, 5.45729
0.91400, 5.47146
0.91450, 5.48564
0.91500, 5.50095
0.91550, 5.51591
0.91600, 5.53091
0.91650, 5.54593
0.91700, 5.56017
0.91750, 5.57576
0.91800, 5.59618
0.91850, 5.62290
0.91900, 5.64709
0.91950, 5.64970
0.92000, 5.66285
0.92050, 5.72442
0.92100, 5.76120
0.92150, 5.74269
0.92200, 5.74672
0.92250, 5.77514
0.92300, 5.78452
0.92350, 5.79265
0.92400, 5.83295
0.92450, 5.93066
0.92500, 6.03477
0.92550, 6.06475
0.92600, 6.06605
0.92650, 6.08340
0.92700, 6.09127
0.92750, 6.09940
0.92800, 6.14015
0.92850, 6.18538
0.92900, 6.20796
0.92950, 6.22253
0.93000, 6.23766
0.93050, 6.25259
0.93100, 6.26766
0.93150, 6.28287
0.93200, 6.29663
0.93250, 6.31186
0.93300, 6.33385
0.93350, 6.35556
0.93400, 6.37054
0.93450, 6.38465
0.93500, 6.39984
0.93550, 6.41355
0.93600, 6.43045
0.93650, 6.45348
0.93700, 6.47355
0.93750, 6.48751
0.93800, 6.50052
0.93850, 6.51758
0.93900, 6.54027
0.93950, 6.56150
0.94000, 6.57569
0.94050, 6.58211
0.94100, 6.59178
0.94150, 6.61397
0.94200, 6.63631
0.94250, 6.65043
0.94300, 6.65830
0.94350, 6.66612
0.94400, 6.67978
0.94450, 6.69794
0.94500, 6.71341
0.94550, 6.71553
0.94600, 6.71581
0.94650, 6.73004
0.94700, 6.74502
0.94750, 6.75178
0.94800, 6.75639
0.94850, 6.76585
0.94900, 6.78258
0.94950, 6.79207
0.95000, 6.79052
0.95050, 6.79481
0.95100, 6.80315
0.95150, 6.80435
0.95200, 6.80303
0.95250, 6.80334
0.95300, 6.80230
0.95350, 6.80304
0.95400, 6.81051
0.95450, 6.81676
0.95500, 6.81645
0.95550, 6.81512
0.95600, 6.81564
0.95650, 6.81712
0.95700, 6.81424
0.95750, 6.80599
0.95800, 6.80161
0.95850, 6.80297
0.95900, 6.80491
0.95950, 6.80176
0.96000, 6.79331
0.96050, 6.79002
0.96100, 6.79088
0.96150, 6.78576
0.96200, 6.77610
0.96250, 6.76760
0.96300, 6.76554
0.96350, 6.76607
0.96400, 6.75949
0.96450, 6.75237
0.96500, 6.75223
0.96550, 6.75349
0.96600, 6.75320
0.96650, 6.75282
0.96700, 6.75322
0.96750, 6.75382
0.96800, 6.75156
0.96850, 6.75154
0.96900, 6.76494
0.96950, 6.77913
0.97000, 6.77976
0.97050, 6.77787
0.97100, 6.77842
0.97150, 6.77596
0.97200, 6.77910
0.97250, 6.79510
0.97300, 6.80565
0.97350, 6.80400
0.97400, 6.80255
0.97450, 6.80324
0.97500, 6.80315
0.97550, 6.80353
0.97600, 6.80376
0.97650, 6.79983
0.97700, 6.79022
0.97750, 6.77576
0.97800, 6.76002
0.97850, 6.74515
0.97900, 6.73049
0.97950, 6.71535
0.98000, 6.69978
0.98050, 6.68644
0.98100, 6.67868
0.98150, 6.67895
0.98200, 6.67805
0.98250, 6.66443
0.98300, 6.64880
0.98350, 6.64121
0.98400, 6.64054
0.98450, 6.64047
0.98500, 6.63415
0.98550, 6.62557
0.98600, 6.61834
0.98650, 6.61008
0.98700, 6.60304
0.98750, 6.60181
0.98800, 6.60294
0.98850, 6.60290
0.98900, 6.60267
0.98950, 6.60274
0.99000, 6.60277
0.99050, 6.60275
0.99100, 6.60275
0.99150, 6.60275
0.99200, 6.60275
0.99250, 6.60275
0.99300, 6.60275
0.99350, 6.60274
0.99400, 6.60278
0.99450, 6.60278
0.99500, 6.60255
0.99550, 6.60289
0.99600, 6.60350
0.99650, 6.60103
0.99700, 6.60123
0.99750, 6.61561
0.99800, 6.62855
0.99850, 6.62682
0.99900, 6.63343
0.99950, 6.65047
1.00000, 6.65476
1.00050, 6.65303
1.00100, 6.65965
1.00150, 6.66974
1.00200, 6.67703
1.00250, 6.67850
1.00300, 6.67798
1.00350, 6.67914
1.00400, 6.67525
1.00450, 6.66685
1.00500, 6.66464
1.00550, 6.66531
1.00600, 6.65993
1.00650, 6.64713
1.00700, 6.63144
1.00750, 6.62199
1.00800, 6.61497
1.00850, 6.60166
1.00900, 6.58342
1.00950, 6.56762
1.01000, 6.56510
1.01050, 6.56513
1.01100, 6.55107
1.01150, 6.53641
1.01200, 6.52984
1.01250, 6.52178
1.01300, 6.51509
1.01350, 6.51676
1.01400, 6.51164
1.01450, 6.49483
1.01500, 6.48724
1.01550, 6.48986
1.01600, 6.49042
1.01650, 6.49008
1.01700, 6.49055
1.01750, 6.48806
1.01800, 6.48930
1.01850, 6.50425
1.01900, 6.51656
1.01950, 6.51554
1.02000, 6.51730
1.02050, 6.52648
1.02100, 6.53597
1.02150, 6.54044
1.02200, 6.53971
1.02250, 6.54264
1.02300, 6.55131
1.02350, 6.56073
1.02400, 6.56547
1.02450, 6.56469
1.02500, 6.56778
1.02550, 6.57630
1.02600, 6.58404
1.02650, 6.59159
1.02700, 6.59989
1.02750, 6.60381
1.02800, 6.60299
1.02850, 6.60238
1.02900, 6.60283
1.02950, 6.60315
1.03000, 6.60199
1.03050, 6.60194
1.03100, 6.60853
1.03150, 6.61575
1.03200, 6.61626
1.03250, 6.61482
1.03300, 6.61502
1.03350, 6.61620
1.03400, 6.61498
1.03450, 6.60838
1.03500, 6.59867
1.03550, 6.59098
1.03600, 6.59116
1.03650, 6.58982
1.03700, 6.57578
1.03750, 6.55971
1.03800, 6.54559
1.03850, 6.52367
1.03900, 6.50211
1.03950, 6.49362
1.04000, 6.48676
1.04050, 6.47158
1.04100, 6.44926
1.04150, 6.42736
1.04200, 6.41277
1.04250, 6.39573
1.04300, 6.37230
1.04350, 6.35358
1.04400, 6.34003
1.04450, 6.32543
1.04500, 6.31009
1.04550, 6.29518
1.04600, 6.28023
1.04650, 6.26529
1.04700, 6.25063
1.04750, 6.23507
1.04800, 6.21949
1.04850, 6.20888
1.04900, 6.20236
1.04950, 6.19512
1.05000, 6.18755
1.05050, 6.18032
1.05100, 6.17161
1.05150, 6.16458
1.05200, 6.16448
1.05250, 6.16328
1.05300, 6.15527
1.05350, 6.14939
1.05400, 6.15090
1.05450, 6.15881
1.05500, 6.16468
1.05550, 6.16393
1.05600, 6.16675
1.05650, 6.17532
1.05700, 6.18302
1.05750, 6.19066
1.05800, 6.19920
1.05850, 6.20225
1.05900, 6.20147
1.05950, 6.20655
1.06000, 6.21549
1.06050, 6.22312
1.06100, 6.23004
1.06150, 6.23756
1.06200, 6.24621
1.06250, 6.25228
1.06300, 6.25268
1.06350, 6.25166
1.06400, 6.25183
1.06450, 6.25218
1.06500, 6.25188
1.06550, 6.25123
1.06600, 6.25334
1.06650, 6.26109
1.06700, 6.27551
1.06750, 6.29008
1.06800, 6.29793
1.06850, 6.30518
1.06900, 6.31328
1.06950, 6.31462
1.07000, 6.31466
1.07050, 6.32226
1.07100, 6.32821
1.07150, 6.32752
1.07200, 6.32726
1.07250, 6.32713
1.07300, 6.32471
1.07350, 6.33068
1.07400, 6.34704
1.07450, 6.35780
1.07500, 6.36438
1.07550, 6.37790
1.07600, 6.39438
1.07650, 6.40921
1.07700, 6.42397
1.07750, 6.43897
1.07800, 6.45356
1.07850, 6.46928
1.07900, 6.48508
1.07950, 6.49451
1.08000, 6.50157
1.08050, 6.51589
1.08100, 6.53034
1.08150, 6.53791
1.08200, 6.54297
1.08250, 6.55121
1.08300, 6.56621
1.08350, 6.57983
1.08400, 6.58671
1.08450, 6.59616
1.08500, 6.61248
1.08550, 6.63358
1.08600, 6.65721
1.08650, 6.68047
1.08700, 6.69897
1.08750, 6.71313
1.08800, 6.72767
1.08850, 6.74287
1.08900, 6.75774
1.08950, 6.77298
1.09000, 6.78794
1.09050, 6.80127
1.09100, 6.81838
1.09150, 6.84204
1.09200, 6.85985
1.09250, 6.87366
1.09300, 6.90105
1.09350, 6.93081
1.09400, 6.94664
1.09450, 6.95958
1.09500, 6.97513
1.09550, 6.98635
1.09600, 6.99132
1.09650, 6.99171
1.09700, 6.99091
1.09750, 6.99098
1.09800, 6.99167
1.09850, 6.99106
1.09900, 6.98904
1.09950, 6.99465
1.10000, 7.00393
1.10050, 6.99484
1.10100, 6.97847
1.10150, 6.97731
1.10200, 6.97758
1.10250, 6.96928
1.10300, 6.96084
1.10350, 6.95366
1.10400, 6.94523
1.10450, 6.94017
1.10500, 6.94054
1.10550, 6.94140
1.10600, 6.94106
1.10650, 6.94058
1.10700, 6.94151
1.10750, 6.94229
1.10800, 6.93653
1.10850, 6.92877
1.10900, 6.92850
1.10950, 6.92742
1.11000, 6.91941
1.11050, 6.91240
1.11100, 6.90461
1.11150, 6.88878
1.11200, 6.87695
1.11250, 6.87743
1.11300, 6.87812
1.11350, 6.87795
1.11400, 6.88494
1.11450, 6.89163
1.11500, 6.89136
1.11550, 6.89140
1.11600, 6.89146
1.11650, 6.88463
1.11700, 6.87769
1.11750, 6.87755
1.11800, 6.87875
1.11850, 6.87847
1.11900, 6.87822
1.11950, 6.87844
1.12000, 6.87868
1.12050, 6.87777
1.12100, 6.87777
1.12150, 6.88334
1.12200, 6.89190
1.12250, 6.89936
1.12300, 6.90692
1.12350, 6.91449
1.12400, 6.92033
1.12450, 6.92975
1.12500, 6.94603
1.12550, 6.95605
1.12600, 6.95471
1.12650, 6.95084
1.12700, 6.95418
1.12750, 6.96915
1.12800, 6.98285
1.12850, 6.98943
1.12900, 6.99646
1.12950, 7.00390
1.13000, 7.00971
1.13050, 7.02186
1.13100, 7.03829
1.13150, 7.04179
1.13200, 7.04132
1.13250, 7.05496
1.13300, 7.07067
1.13350, 7.07786
1.13400, 7.07951
1.13450, 7.07887
1.13500, 7.07832
1.13550, 7.07942
1.13600, 7.08016
1.13650, 7.07390
1.13700, 7.06645
1.13750, 7.06758
1.13800, 7.06359
1.13850, 7.04741
1.13900, 7.03510
1.13950, 7.02917
1.14000, 7.02184
1.14050, 7.01463
1.14100, 7.00803
1.14150, 6.99535
1.14200, 6.97986
1.14250, 6.97105
1.14300, 6.96428
1.14350, 6.95581
1.14400, 6.95331
1.14450, 6.95393
1.14500, 6.94726
1.14550, 6.94025
1.14600, 6.94027
1.14650, 6.94124
1.14700, 6.94098
1.14750, 6.94184
1.14800, 6.94037
1.14850, 6.93331
1.14900, 6.92373
1.14950, 6.91657
1.15000, 6.91604
1.15050, 6.91547
1.15100, 6.90822
1.15150, 6.89979
1.15200, 6.89257
1.15250, 6.88415
1.15300, 6.87800
1.15350, 6.87765
1.15400, 6.87867
1.15450, 6.87848
1.15500, 6.87822
1.15550, 6.87843
1.15600, 6.87878
1.15650, 6.87769
1.15700, 6.87740
1.15750, 6.88396
1.15800, 6.89112
1.15850, 6.89097
1.15900, 6.89233
1.15950, 6.90042
1.16000, 6.91061
1.16050, 6.91599
1.16100, 6.91391
1.16150, 6.92035
1.16200, 6.93731
1.16250, 6.94271
1.16300, 6.94104
1.16350, 6.94817
1.16400, 6.95478
1.16450, 6.95417
1.16500, 6.95323
1.16550, 6.95356
1.16600, 6.95326
1.16650, 6.95404
1.16700, 6.95479
1.16750, 6.94888
1.16800, 6.94122
1.16850, 6.94130
1.16900, 6.93957
1.16950, 6.93097
1.17000, 6.92789
1.17050, 6.92868
1.17100, 6.92249
1.17150, 6.91428
1.17200, 6.90779
1.17250, 6.89509
1.17300, 6.87961
1.17350, 6.87188
1.17400, 6.86310
1.17450, 6.84704
1.17500, 6.83634
1.17550, 6.82970
1.17600, 6.81484
1.17650, 6.80164
1.17700, 6.79640
1.17750, 6.77938
1.17800, 6.75545
1.17850, 6.75075
1.17900, 6.75270
1.17950, 6.74466
1.18000, 6.73901
1.18050, 6.74023
1.18100, 6.74098
1.18150, 6.74052
1.18200, 6.74049
1.18250, 6.74060
1.18300, 6.74058
1.18350, 6.74056
1.18400, 6.74057
1.18450, 6.74058
1.18500, 6.74055
1.18550, 6.74055
1.18600, 6.74066
1.18650, 6.74053
1.18700, 6.74016
1.18750, 6.74130
1.18800, 6.74164
1.18850, 6.73471
1.18900, 6.72793
1.18950, 6.72948
1.19000, 6.72401
1.19050, 6.70742
1.19100, 6.69632
1.19150, 6.69026
1.19200, 6.68173
1.19250, 6.67747
1.19300, 6.67849
1.19350, 6.67361
1.19400, 6.66540
1.19450, 6.66333
1.19500, 6.66708
1.19550, 6.67457
1.19600, 6.68445
1.19650, 6.69043
