-1.8290, -0.43071
-1.8280, -0.44533
-1.8270, -0.45974
-1.8260, -0.47383
-1.8250, -0.48748
-1.8240, -0.50059
-1.8230, -0.51299
-1.8220, -0.52393
-1.8210, -0.53212
-1.8200, -0.53629
-1.8190, -0.53517
-1.8180, -0.52746
-1.8170, -0.51191
-1.8160, -0.48852
-1.8150, -0.45950
-1.8140, -0.42728
-1.8130, -0.39429
-1.8120, -0.36298
-1.8110, -0.33578
-1.8100, -0.31459
-1.8090, -0.29908
-1.8080, -0.28838
-1.8070, -0.28158
-1.8060, -0.27781
-1.8050, -0.27616
-1.8040, -0.27580
-1.8030, -0.27640
-1.8020, -0.27791
-1.8010, -0.28031
-1.8000, -0.28358
-1.7990, -0.28769
-1.7980, -0.29260
-1.7970, -0.29752
-1.7960, -0.30066
-1.7950, -0.30018
-1.7940, -0.29421
-1.7930, -0.28092
-1.7920, -0.25843
-1.7910, -0.22584
-1.7900, -0.18512
-1.7890, -0.13876
-1.7880, -0.089297
-1.7870, -0.039239
-1.7860, 0.0088969
-1.7850, 0.052740
-1.7840, 0.091036
-1.7830, 0.12305
-1.7820, 0.14805
-1.7810, 0.16531
-1.7800, 0.17408
-1.7790, 0.17371
-1.7780, 0.16506
-1.7770, 0.15055
-1.7760, 0.13271
-1.7750, 0.11405
-1.7740, 0.097087
-1.7730, 0.084326
-1.7720, 0.077467
-1.7710, 0.076328
-1.7700, 0.080458
-1.7690, 0.089407
-1.7680, 0.10273
-1.7670, 0.11996
-1.7660, 0.14057
-1.7650, 0.16341
-1.7640, 0.18714
-1.7630, 0.21043
-1.7620, 0.23194
-1.7610, 0.25033
-1.7600, 0.26431
-1.7590, 0.27349
-1.7580, 0.27816
-1.7570, 0.27865
-1.7560, 0.27528
-1.7550, 0.26836
-1.7540, 0.25822
-1.7530, 0.24542
-1.7520, 0.23097
-1.7510, 0.21591
-1.7500, 0.20128
-1.7490, 0.18813
-1.7480, 0.17749
-1.7470, 0.17041
-1.7460, 0.16787
-1.7450, 0.17085
-1.7440, 0.18032
-1.7430, 0.19726
-1.7420, 0.22265
-1.7410, 0.25714
-1.7400, 0.29785
-1.7390, 0.33973
-1.7380, 0.37770
-1.7370, 0.40667
-1.7360, 0.42157
-1.7350, 0.41740
-1.7340, 0.39381
-1.7330, 0.35666
-1.7320, 0.31226
-1.7310, 0.26690
-1.7300, 0.22691
-1.7290, 0.19859
-1.7280, 0.18601
-1.7270, 0.18637
-1.7260, 0.19547
-1.7250, 0.20914
-1.7240, 0.22322
-1.7230, 0.23353
-1.7220, 0.23635
-1.7210, 0.23146
-1.7200, 0.22031
-1.7190, 0.20435
-1.7180, 0.18502
-1.7170, 0.16377
-1.7160, 0.14205
-1.7150, 0.12096
-1.7140, 0.10130
-1.7130, 0.083843
-1.7120, 0.069356
-1.7110, 0.058613
-1.7100, 0.052386
-1.7090, 0.051342
-1.7080, 0.055902
-1.7070, 0.066452
-1.7060, 0.083378
-1.7050, 0.10707
-1.7040, 0.13790
-1.7030, 0.17586
-1.7020, 0.21853
-1.7010, 0.26268
-1.7000, 0.30506
-1.6990, 0.34244
-1.6980, 0.37158
-1.6970, 0.38941
-1.6960, 0.39577
-1.6950, 0.39286
-1.6940, 0.38293
-1.6930, 0.36823
-1.6920, 0.35102
-1.6910, 0.33354
-1.6900, 0.31709
-1.6890, 0.30127
-1.6880, 0.28551
-1.6870, 0.26925
-1.6860, 0.25191
-1.6850, 0.23294
-1.6840, 0.21194
-1.6830, 0.18933
-1.6820, 0.16574
-1.6810, 0.14179
-1.6800, 0.11809
-1.6790, 0.095275
-1.6780, 0.073963
-1.6770, 0.054781
-1.6760, 0.038354
-1.6750, 0.025310
-1.6740, 0.016275
-1.6730, 0.011875
-1.6720, 0.012710
-1.6710, 0.018169
-1.6700, 0.025984
-1.6690, 0.033771
-1.6680, 0.039143
-1.6670, 0.039714
-1.6660, 0.033100
-1.6650, 0.018218
-1.6640, -0.0019117
-1.6630, -0.023461
-1.6620, -0.042604
-1.6610, -0.055512
-1.6600, -0.058360
-1.6590, -0.048118
-1.6580, -0.028057
-1.6570, -0.0044326
-1.6560, 0.016479
-1.6550, 0.028403
-1.6540, 0.025065
-1.6530, 0.00044910
-1.6520, -0.044879
-1.6510, -0.10341
-1.6500, -0.16729
-1.6490, -0.22868
-1.6480, -0.27975
-1.6470, -0.31265
-1.6460, -0.32365
-1.6450, -0.31872
-1.6440, -0.30523
-1.6430, -0.29053
-1.6420, -0.28199
-1.6410, -0.28699
-1.6400, -0.31140
-1.6390, -0.35256
-1.6380, -0.40476
-1.6370, -0.46227
-1.6360, -0.51936
-1.6350, -0.57032
-1.6340, -0.60972
-1.6330, -0.63708
-1.6320, -0.65592
-1.6310, -0.66991
-1.6300, -0.68269
-1.6290, -0.69792
-1.6280, -0.71922
-1.6270, -0.74784
-1.6260, -0.78073
-1.6250, -0.81439
-1.6240, -0.84534
-1.6230, -0.87008
-1.6220, -0.88510
-1.6210, -0.88795
-1.6200, -0.88046
-1.6190, -0.86566
-1.6180, -0.84658
-1.6170, -0.82623
-1.6160, -0.80763
-1.6150, -0.79359
-1.6140, -0.78451
-1.6130, -0.77928
-1.6120, -0.77677
-1.6110, -0.77587
-1.6100, -0.77543
-1.6090, -0.77435
-1.6080, -0.77202
-1.6070, -0.76855
-1.6060, -0.76413
-1.6050, -0.75892
-1.6040, -0.75309
-1.6030, -0.74680
-1.6020, -0.74026
-1.6010, -0.73371
-1.6000, -0.72743
-1.5990, -0.72170
-1.5980, -0.71678
-1.5970, -0.71294
-1.5960, -0.71028
-1.5950, -0.70731
-1.5940, -0.70183
-1.5930, -0.69163
-1.5920, -0.67448
-1.5910, -0.64818
-1.5900, -0.61063
-1.5890, -0.56279
-1.5880, -0.50887
-1.5870, -0.45326
-1.5860, -0.40032
-1.5850, -0.35443
-1.5840, -0.31996
-1.5830, -0.29908
-1.5820, -0.28869
-1.5810, -0.28492
-1.5800, -0.28391
-1.5790, -0.28179
-1.5780, -0.27470
-1.5770, -0.25929
-1.5760, -0.23532
-1.5750, -0.20363
-1.5740, -0.16510
-1.5730, -0.12058
-1.5720, -0.070938
-1.5710, -0.017154
-1.5700, 0.037713
-1.5690, 0.088899
-1.5680, 0.13159
-1.5670, 0.16097
-1.5660, 0.17223
-1.5650, 0.16061
-1.5640, 0.12601
-1.5630, 0.076850
-1.5620, 0.022448
-1.5610, -0.027882
-1.5600, -0.064824
-1.5590, -0.079062
-1.5580, -0.064413
-1.5570, -0.028249
-1.5560, 0.018392
-1.5550, 0.064471
-1.5540, 0.098949
-1.5530, 0.11079
-1.5520, 0.090064
-1.5510, 0.039517
-1.5500, -0.030093
-1.5490, -0.10788
-1.5480, -0.18295
-1.5470, -0.24443
-1.5460, -0.28156
-1.5450, -0.29048
-1.5440, -0.27691
-1.5430, -0.24725
-1.5420, -0.20792
-1.5410, -0.16534
-1.5400, -0.12594
-1.5390, -0.094816
-1.5380, -0.072852
-1.5370, -0.060089
-1.5360, -0.056561
-1.5350, -0.062307
-1.5340, -0.077362
-1.5330, -0.10151
-1.5320, -0.13243
-1.5310, -0.16681
-1.5300, -0.20133
-1.5290, -0.23265
-1.5280, -0.25744
-1.5270, -0.27248
-1.5260, -0.27691
-1.5250, -0.27246
-1.5240, -0.26097
-1.5230, -0.24429
-1.5220, -0.22427
-1.5210, -0.20276
-1.5200, -0.18143
-1.5190, -0.16155
-1.5180, -0.14431
-1.5170, -0.13091
-1.5160, -0.12254
-1.5150, -0.12041
-1.5140, -0.12521
-1.5130, -0.13461
-1.5120, -0.14519
-1.5110, -0.15355
-1.5100, -0.15625
-1.5090, -0.14988
-1.5080, -0.13129
-1.5070, -0.10197
-1.5060, -0.067285
-1.5050, -0.032693
-1.5040, -0.0036663
-1.5030, 0.014328
-1.5020, 0.015858
-1.5010, -0.00079468
-1.5000, -0.030532
-1.4990, -0.067523
-1.4980, -0.10594
-1.4970, -0.13995
-1.4960, -0.16372
-1.4950, -0.17286
-1.4940, -0.16924
-1.4930, -0.15648
-1.4920, -0.13816
-1.4910, -0.11788
-1.4900, -0.099240
-1.4890, -0.085507
-1.4880, -0.076121
-1.4870, -0.068074
-1.4860, -0.058321
-1.4850, -0.043814
-1.4840, -0.021507
-1.4830, 0.011586
-1.4820, 0.055524
-1.4810, 0.10625
-1.4800, 0.15940
-1.4790, 0.21060
-1.4780, 0.25549
-1.4770, 0.28969
-1.4760, 0.31046
-1.4750, 0.32027
-1.4740, 0.32269
-1.4730, 0.32126
-1.4720, 0.31953
-1.4710, 0.32107
-1.4700, 0.32890
-1.4690, 0.34179
-1.4680, 0.35643
-1.4670, 0.36950
-1.4660, 0.37767
-1.4650, 0.37761
-1.4640, 0.36610
-1.4630, 0.34294
-1.4620, 0.31117
-1.4610, 0.27400
-1.4600, 0.23464
-1.4590, 0.19631
-1.4580, 0.16221
-1.4570, 0.13448
-1.4560, 0.11267
-1.4550, 0.095937
-1.4540, 0.083424
-1.4530, 0.074288
-1.4520, 0.067684
-1.4510, 0.062646
-1.4500, 0.057516
-1.4490, 0.050377
-1.4480, 0.039310
-1.4470, 0.022397
-1.4460, -0.0022781
-1.4450, -0.036461
-1.4440, -0.078945
-1.4430, -0.12604
-1.4420, -0.17398
-1.4410, -0.21901
-1.4400, -0.25736
-1.4390, -0.28528
-1.4380, -0.30118
-1.4370, -0.30742
-1.4360, -0.30682
-1.4350, -0.30217
-1.4340, -0.29628
-1.4330, -0.29195
-1.4320, -0.29121
-1.4310, -0.29260
-1.4300, -0.29370
-1.4290, -0.29210
-1.4280, -0.28538
-1.4270, -0.27113
-1.4260, -0.24725
-1.4250, -0.21540
-1.4240, -0.17967
-1.4230, -0.14419
-1.4220, -0.11309
-1.4210, -0.090478
-1.4200, -0.080432
-1.4190, -0.083846
-1.4180, -0.097121
-1.4170, -0.11632
-1.4160, -0.13749
-1.4150, -0.15670
-1.4140, -0.17000
-1.4130, -0.17478
-1.4120, -0.17283
-1.4110, -0.16683
-1.4100, -0.15946
-1.4090, -0.15340
-1.4080, -0.15135
-1.4070, -0.15548
-1.4060, -0.16387
-1.4050, -0.17257
-1.4040, -0.17759
-1.4030, -0.17497
-1.4020, -0.16074
-1.4010, -0.13108
-1.4000, -0.086610
-1.3990, -0.032799
-1.3980, 0.024634
-1.3970, 0.079969
-1.3960, 0.12749
-1.3950, 0.16148
-1.3940, 0.17934
-1.3930, 0.18615
-1.3920, 0.18816
-1.3910, 0.19159
-1.3900, 0.20270
-1.3890, 0.22773
-1.3880, 0.27149
-1.3870, 0.33024
-1.3860, 0.39702
-1.3850, 0.46484
-1.3840, 0.52676
-1.3830, 0.57579
-1.3820, 0.60537
-1.3810, 0.61582
-1.3800, 0.61334
-1.3790, 0.60430
-1.3780, 0.59505
-1.3770, 0.59198
-1.3760, 0.60141
-1.3750, 0.62583
-1.3740, 0.66052
-1.3730, 0.69994
-1.3720, 0.73859
-1.3710, 0.77092
-1.3700, 0.79144
-1.3690, 0.79592
-1.3680, 0.78610
-1.3670, 0.76535
-1.3660, 0.73703
-1.3650, 0.70454
-1.3640, 0.67123
-1.3630, 0.64034
-1.3620, 0.61337
-1.3610, 0.59069
-1.3600, 0.57265
-1.3590, 0.55962
-1.3580, 0.55193
-1.3570, 0.54993
-1.3560, 0.55324
-1.3550, 0.56046
-1.3540, 0.57010
-1.3530, 0.58067
-1.3520, 0.59070
-1.3510, 0.59869
-1.3500, 0.60361
-1.3490, 0.60594
-1.3480, 0.60646
-1.3470, 0.60597
-1.3460, 0.60524
-1.3450, 0.60506
-1.3440, 0.60609
-1.3430, 0.60791
-1.3420, 0.60953
-1.3410, 0.60999
-1.3400, 0.60830
-1.3390, 0.60350
-1.3380, 0.59467
-1.3370, 0.58291
-1.3360, 0.57153
-1.3350, 0.56395
-1.3340, 0.56358
-1.3330, 0.57387
-1.3320, 0.59821
-1.3310, 0.63741
-1.3300, 0.68574
-1.3290, 0.73648
-1.3280, 0.78289
-1.3270, 0.81824
-1.3260, 0.83581
-1.3250, 0.83048
-1.3240, 0.80702
-1.3230, 0.77393
-1.3220, 0.73974
-1.3210, 0.71296
-1.3200, 0.70209
-1.3190, 0.71519
-1.3180, 0.75214
-1.3170, 0.80578
-1.3160, 0.86875
-1.3150, 0.93370
-1.3140, 0.99326
-1.3130, 1.0401
-1.3120, 1.0702
-1.3110, 1.0862
-1.3100, 1.0911
-1.3090, 1.0881
-1.3080, 1.0805
-1.3070, 1.0713
-1.3060, 1.0633
-1.3050, 1.0564
-1.3040, 1.0499
-1.3030, 1.0432
-1.3020, 1.0356
-1.3010, 1.0263
-1.3000, 1.0148
-1.2990, 1.0011
-1.2980, 0.98563
-1.2970, 0.96895
-1.2960, 0.95152
-1.2950, 0.93385
-1.2940, 0.91642
-1.2930, 0.89948
-1.2920, 0.88293
-1.2910, 0.86665
-1.2900, 0.85051
-1.2890, 0.83438
-1.2880, 0.81816
-1.2870, 0.80169
-1.2860, 0.78484
-1.2850, 0.76744
-1.2840, 0.74935
-1.2830, 0.73042
-1.2820, 0.71048
-1.2810, 0.68944
-1.2800, 0.66772
-1.2790, 0.64598
-1.2780, 0.62487
-1.2770, 0.60505
-1.2760, 0.58720
-1.2750, 0.57198
-1.2740, 0.56008
-1.2730, 0.55223
-1.2720, 0.54915
-1.2710, 0.55159
-1.2700, 0.56027
-1.2690, 0.57592
-1.2680, 0.59826
-1.2670, 0.62448
-1.2660, 0.65137
-1.2650, 0.67572
-1.2640, 0.69433
-1.2630, 0.70398
-1.2620, 0.70221
-1.2610, 0.69113
-1.2600, 0.67458
-1.2590, 0.65642
-1.2580, 0.64052
-1.2570, 0.63072
-1.2560, 0.63062
-1.2550, 0.63908
-1.2540, 0.65084
-1.2530, 0.66053
-1.2520, 0.66278
-1.2510, 0.65219
-1.2500, 0.62344
-1.2490, 0.57519
-1.2480, 0.51382
-1.2470, 0.44657
-1.2460, 0.38068
-1.2450, 0.32340
-1.2440, 0.28196
-1.2430, 0.26162
-1.2420, 0.25846
-1.2410, 0.26596
-1.2400, 0.27762
-1.2390, 0.28689
-1.2380, 0.28728
-1.2370, 0.27277
-1.2360, 0.24362
-1.2350, 0.20427
-1.2340, 0.15923
-1.2330, 0.11299
-1.2320, 0.070082
-1.2310, 0.034957
-1.2300, 0.0098372
-1.2290, -0.0063524
-1.2280, -0.014949
-1.2270, -0.017289
-1.2260, -0.014711
-1.2250, -0.0085505
-1.2240, -0.00031750
-1.2230, 0.0078936
-1.2220, 0.013864
-1.2210, 0.015374
-1.2200, 0.010204
-1.2190, -0.0038630
-1.2180, -0.028602
-1.2170, -0.061950
-1.2160, -0.099891
-1.2150, -0.13839
-1.2140, -0.17342
-1.2130, -0.20094
-1.2120, -0.21703
-1.2110, -0.22091
-1.2100, -0.21536
-1.2090, -0.20334
-1.2080, -0.18783
-1.2070, -0.17179
-1.2060, -0.15819
-1.2050, -0.14869
-1.2040, -0.14167
-1.2030, -0.13496
-1.2020, -0.12641
-1.2010, -0.11386
-1.2000, -0.095167
-1.1990, -0.068592
-1.1980, -0.035059
-1.1970, 0.0034831
-1.1960, 0.045085
-1.1950, 0.087797
-1.1940, 0.12967
-1.1930, 0.16879
-1.1920, 0.20415
-1.1910, 0.23545
-1.1900, 0.26247
-1.1890, 0.28495
-1.1880, 0.30264
-1.1870, 0.31531
-1.1860, 0.32314
-1.1850, 0.32713
-1.1840, 0.32838
-1.1830, 0.32798
-1.1820, 0.32704
-1.1810, 0.32664
-1.1800, 0.32787
-1.1790, 0.33161
-1.1780, 0.33871
-1.1770, 0.35005
-1.1760, 0.36646
-1.1750, 0.38881
-1.1740, 0.41769
-1.1730, 0.45036
-1.1720, 0.48189
-1.1710, 0.50728
-1.1700, 0.52155
-1.1690, 0.51970
-1.1680, 0.49686
-1.1670, 0.45324
-1.1660, 0.39669
-1.1650, 0.33563
-1.1640, 0.27853
-1.1630, 0.23380
-1.1620, 0.20991
-1.1610, 0.21198
-1.1600, 0.23378
-1.1590, 0.26663
-1.1580, 0.30185
-1.1570, 0.33076
-1.1560, 0.34469
-1.1550, 0.33616
-1.1540, 0.30833
-1.1530, 0.26981
-1.1520, 0.22926
-1.1510, 0.19534
-1.1500, 0.17670
-1.1490, 0.18175
-1.1480, 0.21126
-1.1470, 0.25732
-1.1460, 0.31152
-1.1450, 0.36548
-1.1440, 0.41079
-1.1430, 0.43908
-1.1420, 0.44576
-1.1410, 0.43609
-1.1400, 0.41689
-1.1390, 0.39497
-1.1380, 0.37714
-1.1370, 0.37024
-1.1360, 0.37986
-1.1350, 0.40396
-1.1340, 0.43753
-1.1330, 0.47554
-1.1320, 0.51295
-1.1310, 0.54473
-1.1300, 0.56609
-1.1290, 0.57639
-1.1280, 0.57870
-1.1270, 0.57621
-1.1260, 0.57212
-1.1250, 0.56960
-1.1240, 0.57184
-1.1230, 0.57991
-1.1220, 0.59078
-1.1210, 0.60097
-1.1200, 0.60697
-1.1190, 0.60529
-1.1180, 0.59243
-1.1170, 0.56600
-1.1160, 0.52870
-1.1150, 0.48474
-1.1140, 0.43834
-1.1130, 0.39370
-1.1120, 0.35503
-1.1110, 0.32619
-1.1100, 0.30673
-1.1090, 0.29325
-1.1080, 0.28229
-1.1070, 0.27039
-1.1060, 0.25411
-1.1050, 0.23004
-1.1040, 0.19735
-1.1030, 0.15910
-1.1020, 0.11863
-1.1010, 0.079324
-1.1000, 0.044533
-1.0990, 0.017623
-1.0980, 0.00096891
-1.0970, -0.0064861
-1.0960, -0.0065451
-1.0950, -0.0010114
-1.0940, 0.0083115
-1.0930, 0.019621
-1.0920, 0.031289
-1.0910, 0.043251
-1.0900, 0.056252
-1.0890, 0.071046
-1.0880, 0.088384
-1.0870, 0.10902
-1.0860, 0.13367
-1.0850, 0.16181
-1.0840, 0.19155
-1.0830, 0.22087
-1.0820, 0.24779
-1.0810, 0.27032
-1.0800, 0.28645
-1.0790, 0.29494
-1.0780, 0.29639
-1.0770, 0.29177
-1.0760, 0.28199
-1.0750, 0.26800
-1.0740, 0.25073
-1.0730, 0.23109
-1.0720, 0.20984
-1.0710, 0.18766
-1.0700, 0.16525
-1.0690, 0.14328
-1.0680, 0.12245
-1.0670, 0.10341
-1.0660, 0.086090
-1.0650, 0.069772
-1.0640, 0.053722
-1.0630, 0.037205
-1.0620, 0.019487
-1.0610, -0.00016434
-1.0600, -0.021855
-1.0590, -0.044464
-1.0580, -0.066723
-1.0570, -0.087367
-1.0560, -0.10513
-1.0550, -0.11874
-1.0540, -0.12735
-1.0530, -0.13202
-1.0520, -0.13439
-1.0510, -0.13610
-1.0500, -0.13880
-1.0490, -0.14412
-1.0480, -0.15353
-1.0470, -0.16627
-1.0460, -0.18005
-1.0450, -0.19256
-1.0440, -0.20149
-1.0430, -0.20451
-1.0420, -0.19935
-1.0410, -0.18571
-1.0400, -0.16629
-1.0390, -0.14406
-1.0380, -0.12197
-1.0370, -0.10296
-1.0360, -0.089986
-1.0350, -0.084739
-1.0340, -0.084420
-1.0330, -0.085250
-1.0320, -0.083450
-1.0310, -0.075241
-1.0300, -0.056844
-1.0290, -0.025019
-1.0280, 0.018648
-1.0270, 0.070038
-1.0260, 0.12501
-1.0250, 0.17941
-1.0240, 0.22911
-1.0230, 0.27005
-1.0220, 0.30081
-1.0210, 0.32310
-1.0200, 0.33877
-1.0190, 0.34968
-1.0180, 0.35769
-1.0170, 0.36466
-1.0160, 0.37226
-1.0150, 0.38162
-1.0140, 0.39378
-1.0130, 0.40982
-1.0120, 0.43076
-1.0110, 0.45768
-1.0100, 0.49115
-1.0090, 0.52871
-1.0080, 0.56669
-1.0070, 0.60141
-1.0060, 0.62918
-1.0050, 0.64634
-1.0040, 0.64943
-1.0030, 0.63935
-1.0020, 0.62088
-1.0010, 0.59898
-1.0000, 0.57856
-0.99900, 0.56457
-0.99800, 0.56192
-0.99700, 0.57252
-0.99600, 0.59229
-0.99500, 0.61643
-0.99400, 0.64016
-0.99300, 0.65868
-0.99200, 0.66720
-0.99100, 0.66217
-0.99000, 0.64598
-0.98900, 0.62279
-0.98800, 0.59679
-0.98700, 0.57214
-0.98600, 0.55300
-0.98500, 0.54324
-0.98400, 0.54285
-0.98300, 0.54913
-0.98200, 0.55930
-0.98100, 0.57062
-0.98000, 0.58031
-0.97900, 0.58565
-0.97800, 0.58565
-0.97700, 0.58199
-0.97600, 0.57654
-0.97500, 0.57122
-0.97400, 0.56791
-0.97300, 0.56850
-0.97200, 0.57428
-0.97100, 0.58430
-0.97000, 0.59713
-0.96900, 0.61134
-0.96800, 0.62550
-0.96700, 0.63817
-0.96600, 0.64820
-0.96500, 0.65672
-0.96400, 0.66614
-0.96300, 0.67886
-0.96200, 0.69729
-0.96100, 0.72383
-0.96000, 0.76080
-0.95900, 0.80799
-0.95800, 0.86223
-0.95700, 0.92014
-0.95600, 0.97838
-0.95500, 1.0336
-0.95400, 1.0824
-0.95300, 1.1225
-0.95200, 1.1538
-0.95100, 1.1771
-0.95000, 1.1927
-0.94900, 1.2013
-0.94800, 1.2035
-0.94700, 1.1996
-0.94600, 1.1899
-0.94500, 1.1747
-0.94400, 1.1541
-0.94300, 1.1283
-0.94200, 1.0973
-0.94100, 1.0615
-0.94000, 1.0224
-0.93900, 0.98290
-0.93800, 0.94577
-0.93700, 0.91390
-0.93600, 0.89013
-0.93500, 0.87733
-0.93400, 0.87627
-0.93300, 0.88361
-0.93200, 0.89550
-0.93100, 0.90810
-0.93000, 0.91755
-0.92900, 0.92001
-0.92800, 0.91255
-0.92700, 0.89660
-0.92600, 0.87496
-0.92500, 0.85040
-0.92400, 0.82569
-0.92300, 0.80361
-0.92200, 0.78674
-0.92100, 0.77487
-0.92000, 0.76587
-0.91900, 0.75758
-0.91800, 0.74783
-0.91700, 0.73445
-0.91600, 0.71531
-0.91500, 0.69031
-0.91400, 0.66251
-0.91300, 0.63524
-0.91200, 0.61182
-0.91100, 0.59559
-0.91000, 0.58986
-0.90900, 0.59656
-0.90800, 0.61253
-0.90700, 0.63347
-0.90600, 0.65508
-0.90500, 0.67307
-0.90400, 0.68313
-0.90300, 0.68156
-0.90200, 0.66996
-0.90100, 0.65281
-0.90000, 0.63460
-0.89900, 0.61984
-0.89800, 0.61302
-0.89700, 0.61851
-0.89600, 0.63646
-0.89500, 0.66198
-0.89400, 0.68992
-0.89300, 0.71512
-0.89200, 0.73240
-0.89100, 0.73660
-0.89000, 0.72504
-0.88900, 0.70159
-0.88800, 0.67128
-0.88700, 0.63909
-0.88600, 0.61004
-0.88500, 0.58912
-0.88400, 0.58038
-0.88300, 0.58142
-0.88200, 0.58726
-0.88100, 0.59291
-0.88000, 0.59335
-0.87900, 0.58359
-0.87800, 0.55889
-0.87700, 0.51990
-0.87600, 0.47213
-0.87500, 0.42132
-0.87400, 0.37319
-0.87300, 0.33345
-0.87200, 0.30780
-0.87100, 0.29872
-0.87000, 0.30213
-0.86900, 0.31314
-0.86800, 0.32689
-0.86700, 0.33848
-0.86600, 0.34304
-0.86500, 0.33690
-0.86400, 0.32238
-0.86300, 0.30360
-0.86200, 0.28469
-0.86100, 0.26977
-0.86000, 0.26298
-0.85900, 0.26809
-0.85800, 0.28419
-0.85700, 0.30706
-0.85600, 0.33240
-0.85500, 0.35593
-0.85400, 0.37334
-0.85300, 0.38040
-0.85200, 0.37566
-0.85100, 0.36206
-0.85000, 0.34292
-0.84900, 0.32156
-0.84800, 0.30128
-0.84700, 0.28539
-0.84600, 0.27635
-0.84500, 0.27340
-0.84400, 0.27507
-0.84300, 0.27988
-0.84200, 0.28636
-0.84100, 0.29303
-0.84000, 0.29852
-0.83900, 0.30234
-0.83800, 0.30450
-0.83700, 0.30501
-0.83600, 0.30388
-0.83500, 0.30111
-0.83400, 0.29672
-0.83300, 0.29091
-0.83200, 0.28408
-0.83100, 0.27667
-0.83000, 0.26911
-0.82900, 0.26182
-0.82800, 0.25522
-0.82700, 0.24968
-0.82600, 0.24539
-0.82500, 0.24250
-0.82400, 0.24117
-0.82300, 0.24155
-0.82200, 0.24381
-0.82100, 0.24817
-0.82000, 0.25532
-0.81900, 0.26618
-0.81800, 0.28163
-0.81700, 0.30259
-0.81600, 0.32994
-0.81500, 0.36447
-0.81400, 0.40484
-0.81300, 0.44767
-0.81200, 0.48955
-0.81100, 0.52703
-0.81000, 0.55670
-0.80900, 0.57512
-0.80800, 0.58037
-0.80700, 0.57359
-0.80600, 0.55629
-0.80500, 0.52998
-0.80400, 0.49618
-0.80300, 0.45640
-0.80200, 0.41239
-0.80100, 0.36706
-0.80000, 0.32371
-0.79900, 0.28561
-0.79800, 0.25603
-0.79700, 0.23826
-0.79600, 0.23523
-0.79500, 0.24532
-0.79400, 0.26362
-0.79300, 0.28519
-0.79200, 0.30505
-0.79100, 0.31825
-0.79000, 0.31987
-0.78900, 0.30864
-0.78800, 0.28896
-0.78700, 0.26574
-0.78600, 0.24389
-0.78500, 0.22831
-0.78400, 0.22392
-0.78300, 0.23412
-0.78200, 0.25682
-0.78100, 0.28867
-0.78000, 0.32630
-0.77900, 0.36637
-0.77800, 0.40550
-0.77700, 0.44052
-0.77600, 0.46978
-0.77500, 0.49250
-0.77400, 0.50792
-0.77300, 0.51525
-0.77200, 0.51374
-0.77100, 0.50265
-0.77000, 0.48306
-0.76900, 0.45821
-0.76800, 0.43145
-0.76700, 0.40616
-0.76600, 0.38570
-0.76500, 0.37344
-0.76400, 0.37099
-0.76300, 0.37522
-0.76200, 0.38218
-0.76100, 0.38791
-0.76000, 0.38847
-0.75900, 0.37989
-0.75800, 0.35897
-0.75700, 0.32767
-0.75600, 0.29005
-0.75500, 0.25019
-0.75400, 0.21218
-0.75300, 0.18011
-0.75200, 0.15791
-0.75100, 0.14647
-0.75000, 0.14383
-0.74900, 0.14793
-0.74800, 0.15670
-0.74700, 0.16807
-0.74600, 0.17999
-0.74500, 0.19102
-0.74400, 0.20105
-0.74300, 0.21013
-0.74200, 0.21830
-0.74100, 0.22561
-0.74000, 0.23211
-0.73900, 0.23794
-0.73800, 0.24381
-0.73700, 0.25054
-0.73600, 0.25901
-0.73500, 0.27005
-0.73400, 0.28452
-0.73300, 0.30314
-0.73200, 0.32470
-0.73100, 0.34668
-0.73000, 0.36648
-0.72900, 0.38152
-0.72800, 0.38922
-0.72700, 0.38705
-0.72600, 0.37502
-0.72500, 0.35724
-0.72400, 0.33818
-0.72300, 0.32230
-0.72200, 0.31406
-0.72100, 0.31794
-0.72000, 0.33667
-0.71900, 0.36661
-0.71800, 0.40263
-0.71700, 0.43959
-0.71600, 0.47236
-0.71500, 0.49581
-0.71400, 0.50550
-0.71300, 0.50381
-0.71200, 0.49684
-0.71100, 0.49075
-0.71000, 0.49169
-0.70900, 0.50583
-0.70800, 0.53913
-0.70700, 0.59164
-0.70600, 0.65617
-0.70500, 0.72505
-0.70400, 0.79066
-0.70300, 0.84533
-0.70200, 0.88142
-0.70100, 0.89483
-0.70000, 0.89126
-0.69900, 0.87810
-0.69800, 0.86273
-0.69700, 0.85256
-0.69600, 0.85497
-0.69500, 0.87614
-0.69400, 0.91375
-0.69300, 0.96195
-0.69200, 1.0149
-0.69100, 1.0666
-0.69000, 1.1113
-0.68900, 1.1434
-0.68800, 1.1616
-0.68700, 1.1690
-0.68600, 1.1690
-0.68500, 1.1648
-0.68400, 1.1597
-0.68300, 1.1570
-0.68200, 1.1582
-0.68100, 1.1614
-0.68000, 1.1645
-0.67900, 1.1649
-0.67800, 1.1606
-0.67700, 1.1491
-0.67600, 1.1287
-0.67500, 1.1012
-0.67400, 1.0692
-0.67300, 1.0355
-0.67200, 1.0027
-0.67100, 0.97353
-0.67000, 0.95061
-0.66900, 0.93447
-0.66800, 0.92424
-0.66700, 0.91901
-0.66600, 0.91786
-0.66500, 0.91988
-0.66400, 0.92417
-0.66300, 0.92974
-0.66200, 0.93551
-0.66100, 0.94039
-0.66000, 0.94329
-0.65900, 0.94312
-0.65800, 0.93878
-0.65700, 0.92964
-0.65600, 0.91678
-0.65500, 0.90171
-0.65400, 0.88591
-0.65300, 0.87087
-0.65200, 0.85810
-0.65100, 0.84896
-0.65000, 0.84361
-0.64900, 0.84153
-0.64800, 0.84221
-0.64700, 0.84512
-0.64600, 0.84974
-0.64500, 0.85554
-0.64400, 0.86186
-0.64300, 0.86786
-0.64200, 0.87269
-0.64100, 0.87550
-0.64000, 0.87544
-0.63900, 0.87166
-0.63800, 0.86412
-0.63700, 0.85510
-0.63600, 0.84723
-0.63500, 0.84319
-0.63400, 0.84564
-0.63300, 0.85721
-0.63200, 0.87997
-0.63100, 0.91164
-0.63000, 0.94813
-0.62900, 0.98533
-0.62800, 1.0191
-0.62700, 1.0455
-0.62600, 1.0604
-0.62500, 1.0638
-0.62400, 1.0596
-0.62300, 1.0516
-0.62200, 1.0437
-0.62100, 1.0397
-0.62000, 1.0435
-0.61900, 1.0565
-0.61800, 1.0753
-0.61700, 1.0954
-0.61600, 1.1126
-0.61500, 1.1228
-0.61400, 1.1215
-0.61300, 1.1056
-0.61200, 1.0777
-0.61100, 1.0417
-0.61000, 1.0021
-0.60900, 0.96299
-0.60800, 0.92859
-0.60700, 0.90283
-0.60600, 0.88550
-0.60500, 0.87336
-0.60400, 0.86308
-0.60300, 0.85135
-0.60200, 0.83483
-0.60100, 0.81025
-0.60000, 0.77643
-0.59900, 0.73559
-0.59800, 0.69029
-0.59700, 0.64307
-0.59600, 0.59648
-0.59500, 0.55307
-0.59400, 0.51481
-0.59300, 0.48149
-0.59200, 0.45239
-0.59100, 0.42678
-0.59000, 0.40393
-0.58900, 0.38311
-0.58800, 0.36357
-0.58700, 0.34432
-0.58600, 0.32423
-0.58500, 0.30216
-0.58400, 0.27698
-0.58300, 0.24756
-0.58200, 0.21282
-0.58100, 0.17342
-0.58000, 0.13217
-0.57900, 0.092027
-0.57800, 0.055957
-0.57700, 0.026914
-0.57600, 0.0078535
-0.57500, 0.00023150
-0.57400, 0.0012411
-0.57300, 0.0073235
-0.57200, 0.014920
-0.57100, 0.020472
-0.57000, 0.020420
-0.56900, 0.011848
-0.56800, -0.0036494
-0.56700, -0.022533
-0.56600, -0.041258
-0.56500, -0.056280
-0.56400, -0.064054
-0.56300, -0.061197
-0.56200, -0.047843
-0.56100, -0.027502
-0.56000, -0.0038266
-0.55900, 0.019534
-0.55800, 0.038930
-0.55700, 0.050723
-0.55600, 0.053425
-0.55500, 0.050158
-0.55400, 0.044639
-0.55300, 0.040586
-0.55200, 0.041717
-0.55100, 0.051750
-0.55000, 0.073517
-0.54900, 0.10526
-0.54800, 0.14374
-0.54700, 0.18572
-0.54600, 0.22795
-0.54500, 0.26719
-0.54400, 0.30037
-0.54300, 0.32676
-0.54200, 0.34740
-0.54100, 0.36336
-0.54000, 0.37569
-0.53900, 0.38547
-0.53800, 0.39377
-0.53700, 0.40138
-0.53600, 0.40861
-0.53500, 0.41577
-0.53400, 0.42314
-0.53300, 0.43102
-0.53200, 0.43969
-0.53100, 0.44916
-0.53000, 0.45837
-0.52900, 0.46600
-0.52800, 0.47071
-0.52700, 0.47118
-0.52600, 0.46609
-0.52500, 0.45442
-0.52400, 0.43809
-0.52300, 0.42075
-0.52200, 0.40603
-0.52100, 0.39759
-0.52000, 0.39908
-0.51900, 0.41404
-0.51800, 0.44234
-0.51700, 0.47923
-0.51600, 0.51966
-0.51500, 0.55856
-0.51400, 0.59089
-0.51300, 0.61159
-0.51200, 0.61764
-0.51100, 0.61182
-0.51000, 0.59793
-0.50900, 0.57979
-0.50800, 0.56122
-0.50700, 0.54602
-0.50600, 0.53762
-0.50500, 0.53659
-0.50400, 0.54228
-0.50300, 0.55401
-0.50200, 0.57113
-0.50100, 0.59298
-0.50000, 0.61886
-0.49900, 0.64754
-0.49800, 0.67722
-0.49700, 0.70609
-0.49600, 0.73233
-0.49500, 0.75414
-0.49400, 0.76970
-0.49300, 0.77804
-0.49200, 0.77996
-0.49100, 0.77652
-0.49000, 0.76876
-0.48900, 0.75772
-0.48800, 0.74446
-0.48700, 0.73022
-0.48600, 0.71736
-0.48500, 0.70857
-0.48400, 0.70655
-0.48300, 0.71400
-0.48200, 0.73362
-0.48100, 0.76779
-0.48000, 0.81423
-0.47900, 0.86716
-0.47800, 0.92072
-0.47700, 0.96906
-0.47600, 1.0063
-0.47500, 1.0267
-0.47400, 1.0288
-0.47300, 1.0185
-0.47200, 1.0024
-0.47100, 0.98699
-0.47000, 0.97897
-0.46900, 0.98484
-0.46800, 1.0088
-0.46700, 1.0458
-0.46600, 1.0886
-0.46500, 1.1299
-0.46400, 1.1623
-0.46300, 1.1785
-0.46200, 1.1722
-0.46100, 1.1452
-0.46000, 1.1045
-0.45900, 1.0568
-0.45800, 1.0091
-0.45700, 0.96833
-0.45600, 0.94112
-0.45500, 0.92924
-0.45400, 0.92803
-0.45300, 0.93239
-0.45200, 0.93725
-0.45100, 0.93752
-0.45000, 0.92811
-0.44900, 0.90656
-0.44800, 0.87799
-0.44700, 0.84888
-0.44600, 0.82571
-0.44500, 0.81499
-0.44400, 0.82318
-0.44300, 0.85551
-0.44200, 0.90796
-0.44100, 0.97249
-0.44000, 1.0410
-0.43900, 1.1055
-0.43800, 1.1578
-0.43700, 1.1903
-0.43600, 1.2014
-0.43500, 1.1959
-0.43400, 1.1790
-0.43300, 1.1556
-0.43200, 1.1308
-0.43100, 1.1098
-0.43000, 1.0948
-0.42900, 1.0827
-0.42800, 1.0694
-0.42700, 1.0510
-0.42600, 1.0233
-0.42500, 0.98246
-0.42400, 0.92544
-0.42300, 0.85528
-0.42200, 0.77688
-0.42100, 0.69519
-0.42000, 0.61511
-0.41900, 0.54158
-0.41800, 0.47922
-0.41700, 0.42839
-0.41600, 0.38620
-0.41500, 0.34967
-0.41400, 0.31582
-0.41300, 0.28167
-0.41200, 0.24429
-0.41100, 0.20300
-0.41000, 0.16087
-0.40900, 0.12138
-0.40800, 0.087952
-0.40700, 0.064055
-0.40600, 0.053134
-0.40500, 0.057438
-0.40400, 0.074469
-0.40300, 0.10057
-0.40200, 0.13207
-0.40100, 0.16530
-0.40000, 0.19662
-0.39900, 0.22264
-0.39800, 0.24285
-0.39700, 0.25843
-0.39600, 0.27058
-0.39500, 0.28050
-0.39400, 0.28938
-0.39300, 0.29839
-0.39200, 0.30784
-0.39100, 0.31688
-0.39000, 0.32463
-0.38900, 0.33019
-0.38800, 0.33264
-0.38700, 0.33109
-0.38600, 0.32526
-0.38500, 0.31665
-0.38400, 0.30709
-0.38300, 0.29842
-0.38200, 0.29248
-0.38100, 0.29111
-0.38000, 0.29575
-0.37900, 0.30515
-0.37800, 0.31682
-0.37700, 0.32826
-0.37600, 0.33697
-0.37500, 0.34048
-0.37400, 0.33644
-0.37300, 0.32577
-0.37200, 0.31269
-0.37100, 0.30153
-0.37000, 0.29662
-0.36900, 0.30232
-0.36800, 0.32293
-0.36700, 0.35969
-0.36600, 0.40698
-0.36500, 0.45826
-0.36400, 0.50699
-0.36300, 0.54664
-0.36200, 0.57068
-0.36100, 0.57433
-0.36000, 0.56245
-0.35900, 0.54304
-0.35800, 0.52415
-0.35700, 0.51380
-0.35600, 0.52001
-0.35500, 0.55020
-0.35400, 0.60247
-0.35300, 0.66781
-0.35200, 0.73706
-0.35100, 0.80102
-0.35000, 0.85052
-0.34900, 0.87645
-0.34800, 0.87630
-0.34700, 0.85863
-0.34600, 0.83307
-0.34500, 0.80924
-0.34400, 0.79679
-0.34300, 0.80533
-0.34200, 0.84146
-0.34100, 0.89969
-0.34000, 0.97149
-0.33900, 1.0483
-0.33800, 1.1218
-0.33700, 1.1832
-0.33600, 1.2249
-0.33500, 1.2464
-0.33400, 1.2516
-0.33300, 1.2444
-0.33200, 1.2289
-0.33100, 1.2088
-0.33000, 1.1882
-0.32900, 1.1690
-0.32800, 1.1503
-0.32700, 1.1315
-0.32600, 1.1115
-0.32500, 1.0896
-0.32400, 1.0649
-0.32300, 1.0369
-0.32200, 1.0068
-0.32100, 0.97581
-0.32000, 0.94530
-0.31900, 0.91657
-0.31800, 0.89093
-0.31700, 0.86961
-0.31600, 0.85316
-0.31500, 0.84185
-0.31400, 0.83593
-0.31300, 0.83566
-0.31200, 0.84129
-0.31100, 0.85298
-0.31000, 0.86873
-0.30900, 0.88437
-0.30800, 0.89562
-0.30700, 0.89821
-0.30600, 0.88787
-0.30500, 0.86035
-0.30400, 0.81470
-0.30300, 0.75737
-0.30200, 0.69582
-0.30100, 0.63750
-0.30000, 0.58986
-0.29900, 0.56036
-0.29800, 0.55461
-0.29700, 0.56815
-0.29600, 0.59313
-0.29500, 0.62172
-0.29400, 0.64604
-0.29300, 0.65827
-0.29200, 0.65115
-0.29100, 0.62645
-0.29000, 0.59294
-0.28900, 0.55955
-0.28800, 0.53522
-0.28700, 0.52889
-0.28600, 0.54940
-0.28500, 0.59899
-0.28400, 0.66859
-0.28300, 0.74803
-0.28200, 0.82715
-0.28100, 0.89578
-0.28000, 0.94376
-0.27900, 0.96353
-0.27800, 0.95809
-0.27700, 0.93310
-0.27600, 0.89421
-0.27500, 0.84707
-0.27400, 0.79733
-0.27300, 0.75035
-0.27200, 0.70830
-0.27100, 0.67150
-0.27000, 0.64023
-0.26900, 0.61477
-0.26800, 0.59540
-0.26700, 0.58240
-0.26600, 0.57564
-0.26500, 0.57449
-0.26400, 0.57828
-0.26300, 0.58635
-0.26200, 0.59802
-0.26100, 0.61262
-0.26000, 0.62929
-0.25900, 0.64654
-0.25800, 0.66280
-0.25700, 0.67647
-0.25600, 0.68596
-0.25500, 0.68970
-0.25400, 0.68635
-0.25300, 0.67654
-0.25200, 0.66178
-0.25100, 0.64358
-0.25000, 0.62346
-0.24900, 0.60294
-0.24800, 0.58348
-0.24700, 0.56551
-0.24600, 0.54842
-0.24500, 0.53152
-0.24400, 0.51416
-0.24300, 0.49566
-0.24200, 0.47536
-0.24100, 0.45282
-0.24000, 0.42815
-0.23900, 0.40153
-0.23800, 0.37315
-0.23700, 0.34319
-0.23600, 0.31183
-0.23500, 0.27930
-0.23400, 0.24614
-0.23300, 0.21296
-0.23200, 0.18040
-0.23100, 0.14908
-0.23000, 0.11962
-0.22900, 0.092580
-0.22800, 0.067377
-0.22700, 0.042539
-0.22600, 0.016576
-0.22500, -0.012007
-0.22400, -0.044701
-0.22300, -0.082981
-0.22200, -0.12684
-0.22100, -0.17370
-0.22000, -0.22077
-0.21900, -0.26521
-0.21800, -0.30421
-0.21700, -0.33496
-0.21600, -0.35562
-0.21500, -0.36835
-0.21400, -0.37635
-0.21300, -0.38279
-0.21200, -0.39087
-0.21100, -0.40377
-0.21000, -0.42427
-0.20900, -0.45089
-0.20800, -0.47961
-0.20700, -0.50636
-0.20600, -0.52708
-0.20500, -0.53771
-0.20400, -0.53427
-0.20300, -0.51620
-0.20200, -0.48748
-0.20100, -0.45239
-0.20000, -0.41521
-0.19900, -0.38022
-0.19800, -0.35171
-0.19700, -0.33264
-0.19600, -0.32196
-0.19500, -0.31784
-0.19400, -0.31849
-0.19300, -0.32207
-0.19200, -0.32680
-0.19100, -0.33099
-0.19000, -0.33416
-0.18900, -0.33632
-0.18800, -0.33752
-0.18700, -0.33777
-0.18600, -0.33712
-0.18500, -0.33560
-0.18400, -0.33338
-0.18300, -0.33075
-0.18200, -0.32803
-0.18100, -0.32553
-0.18000, -0.32355
-0.17900, -0.32239
-0.17800, -0.32213
-0.17700, -0.32221
-0.17600, -0.32204
-0.17500, -0.32099
-0.17400, -0.31847
-0.17300, -0.31385
-0.17200, -0.30683
-0.17100, -0.29873
-0.17000, -0.29147
-0.16900, -0.28695
-0.16800, -0.28706
-0.16700, -0.29372
-0.16600, -0.30866
-0.16500, -0.33095
-0.16400, -0.35761
-0.16300, -0.38556
-0.16200, -0.41175
-0.16100, -0.43312
-0.16000, -0.44663
-0.15900, -0.45106
-0.15800, -0.44842
-0.15700, -0.44099
-0.15600, -0.43109
-0.15500, -0.42102
-0.15400, -0.41307
-0.15300, -0.40899
-0.15200, -0.40818
-0.15100, -0.40947
-0.15000, -0.41165
-0.14900, -0.41353
-0.14800, -0.41393
-0.14700, -0.41178
-0.14600, -0.40739
-0.14500, -0.40188
-0.14400, -0.39640
-0.14300, -0.39208
-0.14200, -0.39006
-0.14100, -0.39146
-0.14000, -0.39634
-0.13900, -0.40337
-0.13800, -0.41111
-0.13700, -0.41813
-0.13600, -0.42300
-0.13500, -0.42429
-0.13400, -0.42101
-0.13300, -0.41363
-0.13200, -0.40283
-0.13100, -0.38936
-0.13000, -0.37390
-0.12900, -0.35719
-0.12800, -0.33983
-0.12700, -0.32170
-0.12600, -0.30232
-0.12500, -0.28120
-0.12400, -0.25787
-0.12300, -0.23185
-0.12200, -0.20271
-0.12100, -0.17113
-0.12000, -0.13894
-0.11900, -0.10803
-0.11800, -0.080288
-0.11700, -0.057593
-0.11600, -0.041830
-0.11500, -0.033938
-0.11400, -0.032679
-0.11300, -0.036509
-0.11200, -0.043883
-0.11100, -0.053258
-0.11000, -0.063090
-0.10900, -0.071957
-0.10800, -0.079127
-0.10700, -0.084108
-0.10600, -0.086410
-0.10500, -0.085541
-0.10400, -0.081009
-0.10300, -0.072386
-0.10200, -0.060219
-0.10100, -0.045833
-0.10000, -0.030576
-0.099000, -0.015794
-0.098000, -0.0028351
-0.097000, 0.0069643
-0.096000, 0.013135
-0.095000, 0.016733
-0.094000, 0.018968
-0.093000, 0.021050
-0.092000, 0.024189
-0.091000, 0.029596
-0.090000, 0.038016
-0.089000, 0.048259
-0.088000, 0.058630
-0.087000, 0.067437
-0.086000, 0.072984
-0.085000, 0.073577
-0.084000, 0.067661
-0.083000, 0.055165
-0.082000, 0.036928
-0.081000, 0.013805
-0.080000, -0.013351
-0.079000, -0.043686
-0.078000, -0.076350
-0.077000, -0.11056
-0.076000, -0.14565
-0.075000, -0.18095
-0.074000, -0.21578
-0.073000, -0.24948
-0.072000, -0.28138
-0.071000, -0.31100
-0.070000, -0.33849
-0.069000, -0.36411
-0.068000, -0.38810
-0.067000, -0.41074
-0.066000, -0.43227
-0.065000, -0.45288
-0.064000, -0.47222
-0.063000, -0.48969
-0.062000, -0.50469
-0.061000, -0.51659
-0.060000, -0.52481
-0.059000, -0.52875
-0.058000, -0.52831
-0.057000, -0.52390
-0.056000, -0.51594
-0.055000, -0.50486
-0.054000, -0.49110
-0.053000, -0.47508
-0.052000, -0.45729
-0.051000, -0.43837
-0.050000, -0.41901
-0.049000, -0.39986
-0.048000, -0.38158
-0.047000, -0.36486
-0.046000, -0.35020
-0.045000, -0.33720
-0.044000, -0.32516
-0.043000, -0.31335
-0.042000, -0.30109
-0.041000, -0.28764
-0.040000, -0.27235
-0.039000, -0.25548
-0.038000, -0.23800
-0.037000, -0.22089
-0.036000, -0.20516
-0.035000, -0.19180
-0.034000, -0.18178
-0.033000, -0.17561
-0.032000, -0.17287
-0.031000, -0.17308
-0.030000, -0.17574
-0.029000, -0.18035
-0.028000, -0.18643
-0.027000, -0.19329
-0.026000, -0.19948
-0.025000, -0.20331
-0.024000, -0.20312
-0.023000, -0.19725
-0.022000, -0.18402
-0.021000, -0.16218
-0.020000, -0.13491
-0.019000, -0.10819
-0.018000, -0.088008
-0.017000, -0.080380
-0.016000, -0.091303
-0.015000, -0.12665
-0.014000, -0.18637
-0.013000, -0.26241
-0.012000, -0.34610
-0.011000, -0.42879
-0.010000, -0.50185
-0.0090000, -0.55660
-0.0080000, -0.58777
-0.0070000, -0.60060
-0.0060000, -0.60240
-0.0050000, -0.60048
-0.0040000, -0.60215
-0.0030000, -0.61472
-0.0020000, -0.64435
-0.0010000, -0.68837
-1.0925e-13, -0.73986
0.0010000, -0.79192
0.0020000, -0.83763
0.0030000, -0.87007
0.0040000, -0.88253
0.0050000, -0.87348
0.0060000, -0.84683
0.0070000, -0.80676
0.0080000, -0.75744
0.0090000, -0.70304
0.010000, -0.64772
0.011000, -0.59431
0.012000, -0.54241
0.013000, -0.49118
0.014000, -0.43978
0.015000, -0.38735
0.016000, -0.33305
0.017000, -0.27603
0.018000, -0.21549
0.019000, -0.15060
0.020000, -0.080552
0.021000, -0.0045415
0.022000, 0.078246
0.023000, 0.16845
0.024000, 0.26396
0.025000, 0.36041
0.026000, 0.45338
0.027000, 0.53845
0.028000, 0.61119
0.029000, 0.66722
0.030000, 0.70517
0.031000, 0.72906
0.032000, 0.74348
0.033000, 0.75304
0.034000, 0.76234
0.035000, 0.77595
0.036000, 0.79714
0.037000, 0.82346
0.038000, 0.85092
0.039000, 0.87557
0.040000, 0.89341
0.041000, 0.90048
0.042000, 0.89294
0.043000, 0.86845
0.044000, 0.82559
0.045000, 0.76297
0.046000, 0.67920
0.047000, 0.57287
0.048000, 0.44269
0.049000, 0.29167
0.050000, 0.12871
0.051000, -0.036824
0.052000, -0.19559
0.053000, -0.33825
0.054000, -0.45544
0.055000, -0.54151
0.056000, -0.60252
0.057000, -0.64682
0.058000, -0.68279
0.059000, -0.71879
0.060000, -0.76318
0.061000, -0.82309
0.062000, -0.89571
0.063000, -0.97350
0.064000, -1.0489
0.065000, -1.1143
0.066000, -1.1622
0.067000, -1.1853
0.068000, -1.1833
0.069000, -1.1631
0.070000, -1.1323
0.071000, -1.0983
0.072000, -1.0685
0.073000, -1.0504
0.074000, -1.0479
0.075000, -1.0566
0.076000, -1.0710
0.077000, -1.0857
0.078000, -1.0950
0.079000, -1.0935
0.080000, -1.0766
0.081000, -1.0454
0.082000, -1.0031
0.083000, -0.95267
0.084000, -0.89736
0.085000, -0.84028
0.086000, -0.78442
0.087000, -0.73067
0.088000, -0.67816
0.089000, -0.62599
0.090000, -0.57322
0.091000, -0.51895
0.092000, -0.46226
0.093000, -0.40251
0.094000, -0.33950
0.095000, -0.27311
0.096000, -0.20320
0.097000, -0.12965
0.098000, -0.052317
0.099000, 0.028376
0.10000, 0.10963
0.10100, 0.18799
0.10200, 0.26003
0.10300, 0.32230
0.10400, 0.37135
0.10500, 0.40408
0.10600, 0.42107
0.10700, 0.42527
0.10800, 0.41966
0.10900, 0.40720
0.11000, 0.39087
0.11100, 0.37361
0.11200, 0.35683
0.11300, 0.33979
0.11400, 0.32159
0.11500, 0.30134
0.11600, 0.27814
0.11700, 0.25111
0.11800, 0.21941
0.11900, 0.18246
0.12000, 0.13968
0.12100, 0.090521
0.12200, 0.034432
0.12300, -0.029148
0.12400, -0.10050
0.12500, -0.17773
0.12600, -0.25789
0.12700, -0.33800
0.12800, -0.41512
0.12900, -0.48627
0.13000, -0.54863
0.13100, -0.60242
0.13200, -0.65118
0.13300, -0.69861
0.13400, -0.74842
0.13500, -0.80428
0.13600, -0.86991
0.13700, -0.94680
0.13800, -1.0312
0.13900, -1.1186
0.14000, -1.2045
0.14100, -1.2843
0.14200, -1.3536
0.14300, -1.4086
0.14400, -1.4504
0.14500, -1.4818
0.14600, -1.5056
0.14700, -1.5247
0.14800, -1.5420
0.14900, -1.5600
0.15000, -1.5786
0.15100, -1.5953
0.15200, -1.6076
0.15300, -1.6130
0.15400, -1.6088
0.15500, -1.5926
0.15600, -1.5635
0.15700, -1.5236
0.15800, -1.4756
0.15900, -1.4220
0.16000, -1.3652
0.16100, -1.3078
0.16200, -1.2518
0.16300, -1.1958
0.16400, -1.1379
0.16500, -1.0761
0.16600, -1.0085
0.16700, -0.93291
0.16800, -0.84776
0.16900, -0.75441
0.17000, -0.65620
0.17100, -0.55653
0.17200, -0.45881
0.17300, -0.36643
0.17400, -0.28275
0.17500, -0.20931
0.17600, -0.14510
0.17700, -0.088919
0.17800, -0.039562
0.17900, 0.0041698
0.18000, 0.043476
0.18100, 0.078883
0.18200, 0.10872
0.18300, 0.13088
0.18400, 0.14324
0.18500, 0.14370
0.18600, 0.13013
0.18700, 0.10092
0.18800, 0.058326
0.18900, 0.0065197
0.19000, -0.050314
0.19100, -0.10799
0.19200, -0.16233
0.19300, -0.20928
0.19400, -0.24825
0.19500, -0.28245
0.19600, -0.31523
0.19700, -0.34999
0.19800, -0.39008
0.19900, -0.43889
0.20000, -0.49807
0.20100, -0.56511
0.20200, -0.63689
0.20300, -0.71028
0.20400, -0.78216
0.20500, -0.84940
0.20600, -0.90923
0.20700, -0.96104
0.20800, -1.0050
0.20900, -1.0414
0.21000, -1.0702
0.21100, -1.0918
0.21200, -1.1063
0.21300, -1.1135
0.21400, -1.1128
0.21500, -1.1037
0.21600, -1.0857
0.21700, -1.0583
0.21800, -1.0208
0.21900, -0.97361
0.22000, -0.91833
0.22100, -0.85680
0.22200, -0.79084
0.22300, -0.72227
0.22400, -0.65292
0.22500, -0.58407
0.22600, -0.51472
0.22700, -0.44318
0.22800, -0.36779
0.22900, -0.28690
0.23000, -0.19883
0.23100, -0.10223
0.23200, 0.00062552
0.23300, 0.10516
0.23400, 0.20672
0.23500, 0.30070
0.23600, 0.38245
0.23700, 0.44741
0.23800, 0.49425
0.23900, 0.52625
0.24000, 0.54703
0.24100, 0.56021
0.24200, 0.56940
0.24300, 0.57823
0.24400, 0.58923
0.24500, 0.60140
0.24600, 0.61299
0.24700, 0.62229
0.24800, 0.62754
0.24900, 0.62702
0.25000, 0.61916
0.25100, 0.60364
0.25200, 0.58081
0.25300, 0.55100
0.25400, 0.51454
0.25500, 0.47178
0.25600, 0.42308
0.25700, 0.36949
0.25800, 0.31287
0.25900, 0.25509
0.26000, 0.19803
0.26100, 0.14356
0.26200, 0.093565
0.26300, 0.048587
0.26400, 0.0059059
0.26500, -0.037693
0.26600, -0.085422
0.26700, -0.14050
0.26800, -0.20613
0.26900, -0.28458
0.27000, -0.37231
0.27100, -0.46366
0.27200, -0.55294
0.27300, -0.63447
0.27400, -0.70258
0.27500, -0.75189
0.27600, -0.78211
0.27700, -0.79732
0.27800, -0.80170
0.27900, -0.79944
0.28000, -0.79473
0.28100, -0.79175
0.28200, -0.79258
0.28300, -0.79544
0.28400, -0.79810
0.28500, -0.79836
0.28600, -0.79399
0.28700, -0.78279
0.28800, -0.76318
0.28900, -0.73647
0.29000, -0.70478
0.29100, -0.67022
0.29200, -0.63490
0.29300, -0.60093
0.29400, -0.57027
0.29500, -0.54292
0.29600, -0.51763
0.29700, -0.49314
0.29800, -0.46818
0.29900, -0.44147
0.30000, -0.41177
0.30100, -0.37867
0.30200, -0.34300
0.30300, -0.30568
0.30400, -0.26763
0.30500, -0.22976
0.30600, -0.19300
0.30700, -0.15776
0.30800, -0.12276
0.30900, -0.086401
0.31000, -0.047056
0.31100, -0.0031109
0.31200, 0.047049
0.31300, 0.10466
0.31400, 0.16776
0.31500, 0.23280
0.31600, 0.29623
0.31700, 0.35448
0.31800, 0.40400
0.31900, 0.44132
0.32000, 0.46582
0.32100, 0.47994
0.32200, 0.48631
0.32300, 0.48757
0.32400, 0.48632
0.32500, 0.48519
0.32600, 0.48548
0.32700, 0.48515
0.32800, 0.48171
0.32900, 0.47261
0.33000, 0.45534
0.33100, 0.42739
0.33200, 0.38681
0.33300, 0.33529
0.33400, 0.27587
0.33500, 0.21157
0.33600, 0.14543
0.33700, 0.080498
0.33800, 0.019676
0.33900, -0.036307
0.34000, -0.088593
0.34100, -0.13838
0.34200, -0.18687
0.34300, -0.23526
0.34400, -0.28474
0.34500, -0.33573
0.34600, -0.38712
0.34700, -0.43769
0.34800, -0.48617
0.34900, -0.53133
0.35000, -0.57191
0.35100, -0.60691
0.35200, -0.63648
0.35300, -0.66106
0.35400, -0.68110
0.35500, -0.69705
0.35600, -0.70936
0.35700, -0.71844
0.35800, -0.72427
0.35900, -0.72650
0.36000, -0.72481
0.36100, -0.71886
0.36200, -0.70831
0.36300, -0.69286
0.36400, -0.67298
0.36500, -0.65033
0.36600, -0.62667
0.36700, -0.60374
0.36800, -0.58329
0.36900, -0.56707
0.37000, -0.55582
0.37100, -0.54687
0.37200, -0.53687
0.37300, -0.52244
0.37400, -0.50022
0.37500, -0.46685
0.37600, -0.41950
0.37700, -0.35999
0.37800, -0.29244
0.37900, -0.22102
0.38000, -0.14988
0.38100, -0.083166
0.38200, -0.024924
0.38300, 0.024090
0.38400, 0.066769
0.38500, 0.10620
0.38600, 0.14547
0.38700, 0.18767
0.38800, 0.23587
0.38900, 0.29173
0.39000, 0.35331
0.39100, 0.41810
0.39200, 0.48360
0.39300, 0.54731
0.39400, 0.60674
0.39500, 0.65961
0.39600, 0.70513
0.39700, 0.74305
0.39800, 0.77314
0.39900, 0.79515
0.40000, 0.80885
0.40100, 0.81404
0.40200, 0.81142
0.40300, 0.80244
0.40400, 0.78860
0.40500, 0.77137
0.40600, 0.75224
0.40700, 0.73269
0.40800, 0.71365
0.40900, 0.69501
0.41000, 0.67654
0.41100, 0.65801
0.41200, 0.63918
0.41300, 0.61984
0.41400, 0.59972
0.41500, 0.57839
0.41600, 0.55538
0.41700, 0.53024
0.41800, 0.50249
0.41900, 0.47167
0.42000, 0.43733
0.42100, 0.39935
0.42200, 0.35779
0.42300, 0.31274
0.42400, 0.26427
0.42500, 0.21247
0.42600, 0.15741
0.42700, 0.099869
0.42800, 0.041570
0.42900, -0.015673
0.43000, -0.070049
0.43100, -0.11975
0.43200, -0.16295
0.43300, -0.19828
0.43400, -0.22578
0.43500, -0.24577
0.43600, -0.25862
0.43700, -0.26467
0.43800, -0.26425
0.43900, -0.25779
0.44000, -0.24631
0.44100, -0.23115
0.44200, -0.21364
0.44300, -0.19513
0.44400, -0.17695
0.44500, -0.16042
0.44600, -0.14599
0.44700, -0.13317
0.44800, -0.12140
0.44900, -0.11013
0.45000, -0.098813
0.45100, -0.086902
0.45200, -0.074180
0.45300, -0.061283
0.45400, -0.048980
0.45500, -0.038041
0.45600, -0.029233
0.45700, -0.023327
0.45800, -0.020797
0.45900, -0.020291
0.46000, -0.019755
0.46100, -0.017132
0.46200, -0.010364
0.46300, 0.0026037
0.46400, 0.023724
0.46500, 0.053036
0.46600, 0.088921
0.46700, 0.12970
0.46800, 0.17370
0.46900, 0.21924
0.47000, 0.26466
0.47100, 0.30857
0.47200, 0.35022
0.47300, 0.38888
0.47400, 0.42386
0.47500, 0.45444
0.47600, 0.47991
0.47700, 0.49976
0.47800, 0.51435
0.47900, 0.52428
0.48000, 0.53017
0.48100, 0.53262
0.48200, 0.53226
0.48300, 0.52959
0.48400, 0.52399
0.48500, 0.51407
0.48600, 0.49843
0.48700, 0.47566
0.48800, 0.44437
0.48900, 0.40317
0.49000, 0.35240
0.49100, 0.29486
0.49200, 0.23357
0.49300, 0.17156
0.49400, 0.11184
0.49500, 0.057419
0.49600, 0.010396
0.49700, -0.030334
0.49800, -0.066549
0.49900, -0.10003
0.50000, -0.13257
0.50100, -0.16593
0.50200, -0.20163
0.50300, -0.23887
0.50400, -0.27564
0.50500, -0.30991
0.50600, -0.33969
0.50700, -0.36296
0.50800, -0.37773
0.50900, -0.38300
0.51000, -0.37887
0.51100, -0.36549
0.51200, -0.34303
0.51300, -0.31163
0.51400, -0.27147
0.51500, -0.22329
0.51600, -0.16938
0.51700, -0.11229
0.51800, -0.054522
0.51900, 0.0013732
0.52000, 0.052871
0.52100, 0.098016
0.52200, 0.13850
0.52300, 0.17741
0.52400, 0.21787
0.52500, 0.26297
0.52600, 0.31582
0.52700, 0.37931
0.52800, 0.45241
0.52900, 0.53065
0.53000, 0.60944
0.53100, 0.68419
0.53200, 0.75030
0.53300, 0.80322
0.53400, 0.84102
0.53500, 0.86695
0.53600, 0.88484
0.53700, 0.89854
0.53800, 0.91187
0.53900, 0.92868
0.54000, 0.95192
0.54100, 0.98046
0.54200, 1.0120
0.54300, 1.0441
0.54400, 1.0746
0.54500, 1.1010
0.54600, 1.1212
0.54700, 1.1337
0.54800, 1.1377
0.54900, 1.1324
0.55000, 1.1170
0.55100, 1.0908
0.55200, 1.0530
0.55300, 1.0042
0.55400, 0.94759
0.55500, 0.88627
0.55600, 0.82347
0.55700, 0.76236
0.55800, 0.70616
0.55900, 0.65711
0.56000, 0.61425
0.56100, 0.57589
0.56200, 0.54037
0.56300, 0.50601
0.56400, 0.47113
0.56500, 0.43419
0.56600, 0.39481
0.56700, 0.35323
0.56800, 0.30968
0.56900, 0.26438
0.57000, 0.21759
0.57100, 0.16955
0.57200, 0.12122
0.57300, 0.074381
0.57400, 0.030830
0.57500, -0.0076177
0.57600, -0.039150
0.57700, -0.061960
0.57800, -0.075433
0.57900, -0.082054
0.58000, -0.084806
0.58100, -0.086670
0.58200, -0.090630
0.58300, -0.099666
0.58400, -0.11623
0.58500, -0.13941
0.58600, -0.16696
0.58700, -0.19662
0.58800, -0.22616
0.58900, -0.25333
0.59000, -0.27590
0.59100, -0.29235
0.59200, -0.30170
0.59300, -0.30301
0.59400, -0.29534
0.59500, -0.27776
0.59600, -0.24933
0.59700, -0.21018
0.59800, -0.16253
0.59900, -0.10883
0.60000, -0.051552
0.60100, 0.0068506
0.60200, 0.063917
0.60300, 0.11755
0.60400, 0.16735
0.60500, 0.21341
0.60600, 0.25585
0.60700, 0.29476
0.60800, 0.33025
0.60900, 0.36248
0.61000, 0.39236
0.61100, 0.42131
0.61200, 0.45077
0.61300, 0.48217
0.61400, 0.51695
0.61500, 0.55651
0.61600, 0.60074
0.61700, 0.64724
0.61800, 0.69341
0.61900, 0.73667
0.62000, 0.77443
0.62100, 0.80410
0.62200, 0.82381
0.62300, 0.83422
0.62400, 0.83656
0.62500, 0.83204
0.62600, 0.82188
0.62700, 0.80730
0.62800, 0.78946
0.62900, 0.76912
0.63000, 0.74676
0.63100, 0.72290
0.63200, 0.69804
0.63300, 0.67269
0.63400, 0.64731
0.63500, 0.62123
0.63600, 0.59248
0.63700, 0.55899
0.63800, 0.51871
0.63900, 0.46958
0.64000, 0.40954
0.64100, 0.33800
0.64200, 0.25818
0.64300, 0.17392
0.64400, 0.089054
0.64500, 0.0074272
0.64600, -0.067122
0.64700, -0.13131
0.64800, -0.18542
0.64900, -0.23118
0.65000, -0.27029
0.65100, -0.30448
0.65200, -0.33546
0.65300, -0.36489
0.65400, -0.39320
0.65500, -0.41975
0.65600, -0.44384
0.65700, -0.46481
0.65800, -0.48195
0.65900, -0.49459
0.66000, -0.50236
0.66100, -0.50553
0.66200, -0.50444
0.66300, -0.49942
0.66400, -0.49081
0.66500, -0.47897
0.66600, -0.46426
0.66700, -0.44730
0.66800, -0.42877
0.66900, -0.40934
0.67000, -0.38969
0.67100, -0.37048
0.67200, -0.35230
0.67300, -0.33445
0.67400, -0.31534
0.67500, -0.29338
0.67600, -0.26698
0.67700, -0.23453
0.67800, -0.19447
0.67900, -0.14668
0.68000, -0.093259
0.68100, -0.036487
0.68200, 0.021352
0.68300, 0.077978
0.68400, 0.13111
0.68500, 0.17910
0.68600, 0.22260
0.68700, 0.26275
0.68800, 0.30071
0.68900, 0.33761
0.69000, 0.37460
0.69100, 0.41266
0.69200, 0.45129
0.69300, 0.48917
0.69400, 0.52500
0.69500, 0.55746
0.69600, 0.58525
0.69700, 0.60708
0.69800, 0.62278
0.69900, 0.63345
0.70000, 0.64026
0.70100, 0.64437
0.70200, 0.64697
0.70300, 0.64922
0.70400, 0.65186
0.70500, 0.65444
0.70600, 0.65632
0.70700, 0.65688
0.70800, 0.65547
0.70900, 0.65146
0.71000, 0.64446
0.71100, 0.63568
0.71200, 0.62694
0.71300, 0.62009
0.71400, 0.61697
0.71500, 0.61941
0.71600, 0.62913
0.71700, 0.64519
0.71800, 0.66428
0.71900, 0.68300
0.72000, 0.69795
0.72100, 0.70573
0.72200, 0.70296
0.72300, 0.68834
0.72400, 0.66476
0.72500, 0.63560
0.72600, 0.60424
0.72700, 0.57407
0.72800, 0.54847
0.72900, 0.52986
0.73000, 0.51595
0.73100, 0.50307
0.73200, 0.48752
0.73300, 0.46561
0.73400, 0.43366
0.73500, 0.38831
0.73600, 0.33060
0.73700, 0.26458
0.73800, 0.19442
0.73900, 0.12423
0.74000, 0.058158
0.74100, 0.00031050
0.74200, -0.047031
0.74300, -0.084384
0.74400, -0.11250
0.74500, -0.13214
0.74600, -0.14406
0.74700, -0.14900
0.74800, -0.14788
0.74900, -0.14218
0.75000, -0.13350
0.75100, -0.12344
0.75200, -0.11359
0.75300, -0.10557
0.75400, -0.10068
0.75500, -0.097456
0.75600, -0.092991
0.75700, -0.084353
0.75800, -0.068608
0.75900, -0.042828
0.76000, -0.0041568
0.76100, 0.047801
0.76200, 0.11053
0.76300, 0.18137
0.76400, 0.25763
0.76500, 0.33663
0.76600, 0.41570
0.76700, 0.49308
0.76800, 0.56949
0.76900, 0.64604
0.77000, 0.72384
0.77100, 0.80402
0.77200, 0.88770
0.77300, 0.97549
0.77400, 1.0648
0.77500, 1.1515
0.77600, 1.2319
0.77700, 1.3018
0.77800, 1.3573
0.77900, 1.3947
0.78000, 1.4141
0.78100, 1.4191
0.78200, 1.4135
0.78300, 1.4012
0.78400, 1.3860
0.78500, 1.3716
0.78600, 1.3593
0.78700, 1.3453
0.78800, 1.3251
0.78900, 1.2943
0.79000, 1.2484
0.79100, 1.1830
0.79200, 1.0952
0.79300, 0.98940
0.79400, 0.87258
0.79500, 0.75153
0.79600, 0.63309
0.79700, 0.52409
0.79800, 0.43088
0.79900, 0.35334
0.80000, 0.28680
0.80100, 0.22651
0.80200, 0.16770
0.80300, 0.10561
0.80400, 0.035552
0.80500, -0.043851
0.80600, -0.12878
0.80700, -0.21499
0.80800, -0.29821
0.80900, -0.37419
0.81000, -0.43867
0.81100, -0.48853
0.81200, -0.52476
0.81300, -0.54928
0.81400, -0.56402
0.81500, -0.57090
0.81600, -0.57184
0.81700, -0.56860
0.81800, -0.56131
0.81900, -0.54924
0.82000, -0.53167
0.82100, -0.50784
0.82200, -0.47703
0.82300, -0.43851
0.82400, -0.39188
0.82500, -0.33718
0.82600, -0.27445
0.82700, -0.20373
0.82800, -0.12506
0.82900, -0.038496
0.83000, 0.055205
0.83100, 0.15334
0.83200, 0.25288
0.83300, 0.35079
0.83400, 0.44405
0.83500, 0.52963
0.83600, 0.60491
0.83700, 0.67012
0.83800, 0.72661
0.83900, 0.77574
0.84000, 0.81889
0.84100, 0.85743
0.84200, 0.89267
0.84300, 0.92503
0.84400, 0.95405
0.84500, 0.97927
0.84600, 1.0002
0.84700, 1.0164
0.84800, 1.0274
0.84900, 1.0328
0.85000, 1.0325
0.85100, 1.0265
0.85200, 1.0145
0.85300, 0.99669
0.85400, 0.97280
0.85500, 0.94279
0.85600, 0.90661
0.85700, 0.86416
0.85800, 0.81540
0.85900, 0.76025
0.86000, 0.69864
0.86100, 0.63061
0.86200, 0.55754
0.86300, 0.48176
0.86400, 0.40565
0.86500, 0.33157
0.86600, 0.26186
0.86700, 0.19887
0.86800, 0.14305
0.86900, 0.091891
0.87000, 0.042640
0.87100, -0.0074593
0.87200, -0.061163
0.87300, -0.12123
0.87400, -0.18926
0.87500, -0.26270
0.87600, -0.33802
0.87700, -0.41166
0.87800, -0.48012
0.87900, -0.53985
0.88000, -0.58768
0.88100, -0.62377
0.88200, -0.65011
0.88300, -0.66869
0.88400, -0.68152
0.88500, -0.69059
0.88600, -0.69785
0.88700, -0.70373
0.88800, -0.70679
0.88900, -0.70546
0.89000, -0.69821
0.89100, -0.68349
0.89200, -0.65974
0.89300, -0.62599
0.89400, -0.58281
0.89500, -0.53103
0.89600, -0.47150
0.89700, -0.40505
0.89800, -0.33252
0.89900, -0.25472
0.90000, -0.17227
0.90100, -0.085694
0.90200, 0.0044759
0.90300, 0.097707
0.90400, 0.19347
0.90500, 0.29119
0.90600, 0.38947
0.90700, 0.48614
0.90800, 0.57901
0.90900, 0.66589
0.91000, 0.74457
0.91100, 0.81288
0.91200, 0.86977
0.91300, 0.91659
0.91400, 0.95498
0.91500, 0.98659
0.91600, 1.0131
0.91700, 1.0360
0.91800, 1.0567
0.91900, 1.0744
0.92000, 1.0876
0.92100, 1.0951
0.92200, 1.0953
0.92300, 1.0869
0.92400, 1.0688
0.92500, 1.0421
0.92600, 1.0100
0.92700, 0.97573
0.92800, 0.94231
0.92900, 0.91293
0.93000, 0.89069
0.93100, 0.87690
0.93200, 0.86998
0.93300, 0.86810
0.93400, 0.86942
0.93500, 0.87211
0.93600, 0.87434
0.93700, 0.87461
0.93800, 0.87265
0.93900, 0.86850
0.94000, 0.86218
0.94100, 0.85370
0.94200, 0.84309
0.94300, 0.83036
0.94400, 0.81544
0.94500, 0.79820
0.94600, 0.77851
0.94700, 0.75623
0.94800, 0.73124
0.94900, 0.70343
0.95000, 0.67308
0.95100, 0.64100
0.95200, 0.60800
0.95300, 0.57491
0.95400, 0.54256
0.95500, 0.51176
0.95600, 0.48316
0.95700, 0.45681
0.95800, 0.43269
0.95900, 0.41077
0.96000, 0.39103
0.96100, 0.37345
0.96200, 0.35807
0.96300, 0.34549
0.96400, 0.33651
0.96500, 0.33196
0.96600, 0.33264
0.96700, 0.33937
0.96800, 0.35291
0.96900, 0.37294
0.97000, 0.39810
0.97100, 0.42703
0.97200, 0.45832
0.97300, 0.49061
0.97400, 0.52249
0.97500, 0.55319
0.97600, 0.58309
0.97700, 0.61278
0.97800, 0.64280
0.97900, 0.67372
0.98000, 0.70611
0.98100, 0.74028
0.98200, 0.77532
0.98300, 0.80992
0.98400, 0.84278
0.98500, 0.87258
0.98600, 0.89804
0.98700, 0.91787
0.98800, 0.93127
0.98900, 0.93779
0.99000, 0.93695
0.99100, 0.92830
0.99200, 0.91140
0.99300, 0.88578
0.99400, 0.85183
0.99500, 0.81121
0.99600, 0.76572
0.99700, 0.71715
0.99800, 0.66729
0.99900, 0.61793
1.0000, 0.57054
1.0010, 0.52533
1.0020, 0.48223
1.0030, 0.44116
1.0040, 0.40206
1.0050, 0.36484
1.0060, 0.32946
1.0070, 0.29602
1.0080, 0.26469
1.0090, 0.23566
1.0100, 0.20913
1.0110, 0.18528
1.0120, 0.16425
1.0130, 0.14515
1.0140, 0.12575
1.0150, 0.10374
1.0160, 0.076810
1.0170, 0.042668
1.0180, -0.00099485
1.0190, -0.055141
1.0200, -0.11698
1.0210, -0.18308
1.0220, -0.24999
1.0230, -0.31427
1.0240, -0.37249
1.0250, -0.42158
1.0260, -0.46106
1.0270, -0.49155
1.0280, -0.51369
1.0290, -0.52808
1.0300, -0.53537
1.0310, -0.53620
1.0320, -0.53198
1.0330, -0.52481
1.0340, -0.51681
1.0350, -0.51012
1.0360, -0.50687
1.0370, -0.50916
1.0380, -0.51697
1.0390, -0.52574
1.0400, -0.53031
1.0410, -0.52553
1.0420, -0.50628
1.0430, -0.46739
1.0440, -0.40498
1.0450, -0.32157
1.0460, -0.22170
1.0470, -0.10994
1.0480, 0.0091796
1.0490, 0.13109
1.0500, 0.25146
1.0510, 0.36897
1.0520, 0.48454
1.0530, 0.59911
1.0540, 0.71364
1.0550, 0.82909
1.0560, 0.94638
1.0570, 1.0644
1.0580, 1.1787
1.0590, 1.2845
1.0600, 1.3771
1.0610, 1.4518
1.0620, 1.5039
1.0630, 1.5305
1.0640, 1.5364
1.0650, 1.5280
1.0660, 1.5118
1.0670, 1.4942
1.0680, 1.4818
1.0690, 1.4801
1.0700, 1.4877
1.0710, 1.4989
1.0720, 1.5081
1.0730, 1.5093
1.0740, 1.4971
1.0750, 1.4659
1.0760, 1.4142
1.0770, 1.3464
1.0780, 1.2669
1.0790, 1.1802
1.0800, 1.0906
1.0810, 1.0028
1.0820, 0.91999
1.0830, 0.84235
1.0840, 0.76944
1.0850, 0.70082
1.0860, 0.63606
1.0870, 0.57471
1.0880, 0.51615
1.0890, 0.45842
1.0900, 0.39901
1.0910, 0.33540
1.0920, 0.26505
1.0930, 0.18545
1.0940, 0.094276
1.0950, -0.0065242
1.0960, -0.11090
1.0970, -0.21265
1.0980, -0.30555
1.0990, -0.38339
1.1000, -0.43999
1.1010, -0.47241
1.1020, -0.48472
1.1030, -0.48189
1.1040, -0.46888
1.1050, -0.45065
1.1060, -0.43216
1.1070, -0.41723
1.1080, -0.40379
1.1090, -0.38782
1.1100, -0.36536
1.1110, -0.33241
1.1120, -0.28498
1.1130, -0.21942
1.1140, -0.13697
1.1150, -0.042481
1.1160, 0.059133
1.1170, 0.16294
1.1180, 0.26401
1.1190, 0.35747
1.1200, 0.44125
1.1210, 0.51793
1.1220, 0.59048
1.1230, 0.66192
1.1240, 0.73521
1.1250, 0.81335
1.1260, 0.89797
1.1270, 0.98541
1.1280, 1.0708
1.1290, 1.1492
1.1300, 1.2157
1.1310, 1.2654
1.1320, 1.2941
1.1330, 1.3033
1.1340, 1.2978
1.1350, 1.2827
1.1360, 1.2629
1.1370, 1.2433
1.1380, 1.2289
1.1390, 1.2217
1.1400, 1.2206
1.1410, 1.2241
1.1420, 1.2308
1.1430, 1.2392
1.1440, 1.2479
1.1450, 1.2559
1.1460, 1.2636
1.1470, 1.2720
1.1480, 1.2816
1.1490, 1.2932
1.1500, 1.3076
1.1510, 1.3253
1.1520, 1.3466
1.1530, 1.3712
1.1540, 1.3989
1.1550, 1.4297
1.1560, 1.4632
1.1570, 1.4995
1.1580, 1.5364
1.1590, 1.5708
1.1600, 1.5990
1.1610, 1.6176
1.1620, 1.6232
1.1630, 1.6122
1.1640, 1.5835
1.1650, 1.5403
1.1660, 1.4865
1.1670, 1.4263
1.1680, 1.3634
1.1690, 1.3020
1.1700, 1.2452
1.1710, 1.1937
1.1720, 1.1466
1.1730, 1.1034
1.1740, 1.0635
1.1750, 1.0262
1.1760, 0.99096
1.1770, 0.95673
1.1780, 0.92227
1.1790, 0.88630
1.1800, 0.84756
1.1810, 0.80480
1.1820, 0.75677
1.1830, 0.70384
1.1840, 0.64903
1.1850, 0.59559
1.1860, 0.54678
1.1870, 0.50588
1.1880, 0.47614
1.1890, 0.45979
1.1900, 0.45513
1.1910, 0.45948
1.1920, 0.47015
1.1930, 0.48446
1.1940, 0.49975
1.1950, 0.51353
1.1960, 0.52538
1.1970, 0.53605
1.1980, 0.54630
1.1990, 0.55689
1.2000, 0.56859
1.2010, 0.58214
1.2020, 0.59728
1.2030, 0.61255
1.2040, 0.62636
1.2050, 0.63717
1.2060, 0.64340
1.2070, 0.64349
1.2080, 0.63633
1.2090, 0.62209
1.2100, 0.60120
1.2110, 0.57406
1.2120, 0.54109
1.2130, 0.50270
1.2140, 0.45947
1.2150, 0.41326
1.2160, 0.36644
1.2170, 0.32141
1.2180, 0.28056
1.2190, 0.24627
1.2200, 0.22085
1.2210, 0.20422
1.2220, 0.19405
1.2230, 0.18791
1.2240, 0.18335
1.2250, 0.17794
1.2260, 0.16925
1.2270, 0.15632
1.2280, 0.14137
1.2290, 0.12706
1.2300, 0.11603
1.2310, 0.11093
1.2320, 0.11441
1.2330, 0.12849
1.2340, 0.15189
1.2350, 0.18223
1.2360, 0.21713
1.2370, 0.25421
1.2380, 0.29111
1.2390, 0.32549
1.2400, 0.35595
1.2410, 0.38174
1.2420, 0.40214
1.2430, 0.41642
1.2440, 0.42386
1.2450, 0.42376
1.2460, 0.41692
1.2470, 0.40666
1.2480, 0.39655
1.2490, 0.39014
1.2500, 0.39098
1.2510, 0.40265
1.2520, 0.42750
1.2530, 0.46317
1.2540, 0.50618
1.2550, 0.55303
1.2560, 0.60020
1.2570, 0.64421
1.2580, 0.68182
1.2590, 0.71233
1.2600, 0.73656
1.2610, 0.75535
1.2620, 0.76951
1.2630, 0.77989
1.2640, 0.78728
1.2650, 0.79182
1.2660, 0.79274
1.2670, 0.78923
1.2680, 0.78048
1.2690, 0.76568
1.2700, 0.74401
1.2710, 0.71532
1.2720, 0.68140
1.2730, 0.64439
1.2740, 0.60644
1.2750, 0.56970
1.2760, 0.53629
1.2770, 0.50799
1.2780, 0.48381
1.2790, 0.46155
1.2800, 0.43901
1.2810, 0.41398
1.2820, 0.38426
1.2830, 0.34776
1.2840, 0.30533
1.2850, 0.26065
1.2860, 0.21756
1.2870, 0.17988
1.2880, 0.15143
1.2890, 0.13602
1.2900, 0.13533
1.2910, 0.14633
1.2920, 0.16538
1.2930, 0.18882
1.2940, 0.21300
1.2950, 0.23426
1.2960, 0.24951
1.2970, 0.25859
1.2980, 0.26234
1.2990, 0.26158
1.3000, 0.25714
1.3010, 0.24985
1.3020, 0.24057
1.3030, 0.23045
1.3040, 0.22087
1.3050, 0.21322
1.3060, 0.20889
1.3070, 0.20928
1.3080, 0.21577
1.3090, 0.22879
1.3100, 0.24724
1.3110, 0.26985
1.3120, 0.29535
1.3130, 0.32247
1.3140, 0.34995
1.3150, 0.37700
1.3160, 0.40472
1.3170, 0.43468
1.3180, 0.46846
1.3190, 0.50763
1.3200, 0.55377
1.3210, 0.60810
1.3220, 0.66836
1.3230, 0.73023
1.3240, 0.78937
1.3250, 0.84144
1.3260, 0.88209
1.3270, 0.90705
1.3280, 0.91472
1.3290, 0.90694
1.3300, 0.88579
1.3310, 0.85333
1.3320, 0.81164
1.3330, 0.76279
1.3340, 0.70848
1.3350, 0.64931
1.3360, 0.58568
1.3370, 0.51797
1.3380, 0.44660
1.3390, 0.37195
1.3400, 0.29450
1.3410, 0.21534
1.3420, 0.13582
1.3430, 0.057297
1.3440, -0.018868
1.3450, -0.091321
1.3460, -0.15872
1.3470, -0.22017
1.3480, -0.27519
1.3490, -0.32332
1.3500, -0.36410
1.3510, -0.39708
1.3520, -0.42181
1.3530, -0.43781
1.3540, -0.44461
1.3550, -0.44174
1.3560, -0.42873
1.3570, -0.40509
1.3580, -0.37035
1.3590, -0.32432
1.3600, -0.26824
1.3610, -0.20389
1.3620, -0.13302
1.3630, -0.057386
1.3640, 0.021248
1.3650, 0.10111
1.3660, 0.18016
1.3670, 0.25617
1.3680, 0.32691
1.3690, 0.39014
1.3700, 0.44362
1.3710, 0.48514
1.3720, 0.51403
1.3730, 0.53225
1.3740, 0.54205
1.3750, 0.54564
1.3760, 0.54524
1.3770, 0.54308
1.3780, 0.54088
1.3790, 0.53827
1.3800, 0.53440
1.3810, 0.52838
1.3820, 0.51936
1.3830, 0.50646
1.3840, 0.48893
1.3850, 0.46740
1.3860, 0.44327
1.3870, 0.41796
1.3880, 0.39289
1.3890, 0.36947
1.3900, 0.34908
1.3910, 0.33141
1.3920, 0.31393
1.3930, 0.29396
1.3940, 0.26885
1.3950, 0.23592
1.3960, 0.19250
1.3970, 0.13750
1.3980, 0.074617
1.3990, 0.0084053
1.4000, -0.056568
1.4010, -0.11574
1.4020, -0.16454
1.4030, -0.19928
1.4040, -0.22270
1.4050, -0.24047
1.4060, -0.25826
1.4070, -0.28173
1.4080, -0.31658
1.4090, -0.36823
1.4100, -0.43678
1.4110, -0.51694
1.4120, -0.60318
1.4130, -0.68997
1.4140, -0.77176
1.4150, -0.84306
1.4160, -0.90065
1.4170, -0.94657
1.4180, -0.98359
1.4190, -1.0145
1.4200, -1.0419
1.4210, -1.0688
1.4220, -1.0972
1.4230, -1.1269
1.4240, -1.1564
1.4250, -1.1844
1.4260, -1.2097
1.4270, -1.2308
1.4280, -1.2465
1.4290, -1.2563
1.4300, -1.2605
1.4310, -1.2592
1.4320, -1.2528
1.4330, -1.2413
1.4340, -1.2250
1.4350, -1.2040
1.4360, -1.1780
1.4370, -1.1465
1.4380, -1.1094
1.4390, -1.0662
1.4400, -1.0167
1.4410, -0.96087
1.4420, -0.90078
1.4430, -0.83880
1.4440, -0.77732
1.4450, -0.71876
1.4460, -0.66550
1.4470, -0.61970
1.4480, -0.58069
1.4490, -0.54612
1.4500, -0.51363
1.4510, -0.48088
1.4520, -0.44548
1.4530, -0.40513
1.4540, -0.35922
1.4550, -0.30945
1.4560, -0.25763
1.4570, -0.20560
1.4580, -0.15518
1.4590, -0.10823
1.4600, -0.066215
1.4610, -0.029646
1.4620, 0.0011804
1.4630, 0.025961
1.4640, 0.044394
1.4650, 0.056178
1.4660, 0.061178
1.4670, 0.060524
1.4680, 0.055926
1.4690, 0.049092
1.4700, 0.041735
1.4710, 0.035564
1.4720, 0.032209
1.4730, 0.031392
1.4740, 0.030893
1.4750, 0.028405
1.4760, 0.021621
1.4770, 0.0082342
1.4780, -0.014056
1.4790, -0.045978
1.4800, -0.084686
1.4810, -0.12684
1.4820, -0.16911
1.4830, -0.20815
1.4840, -0.24062
1.4850, -0.26386
1.4860, -0.27898
1.4870, -0.28837
1.4880, -0.29443
1.4890, -0.29956
1.4900, -0.30615
1.4910, -0.31645
1.4920, -0.33020
1.4930, -0.34521
1.4940, -0.35925
1.4950, -0.37007
1.4960, -0.37542
1.4970, -0.37307
1.4980, -0.36223
1.4990, -0.34456
1.5000, -0.32197
1.5010, -0.29637
1.5020, -0.26967
1.5030, -0.24377
1.5040, -0.22017
1.5050, -0.19862
1.5060, -0.17842
1.5070, -0.15888
1.5080, -0.13930
1.5090, -0.11898
1.5100, -0.097294
1.5110, -0.074109
1.5120, -0.049632
1.5130, -0.024069
1.5140, 0.0023751
1.5150, 0.029493
1.5160, 0.057067
1.5170, 0.084381
1.5180, 0.11006
1.5190, 0.13267
1.5200, 0.15080
1.5210, 0.16302
1.5220, 0.16791
1.5230, 0.16468
1.5240, 0.15449
1.5250, 0.13887
1.5260, 0.11935
1.5270, 0.097470
1.5280, 0.074749
1.5290, 0.052571
1.5300, 0.031160
1.5310, 0.010211
1.5320, -0.010585
1.5330, -0.031536
1.5340, -0.052952
1.5350, -0.075112
1.5360, -0.097632
1.5370, -0.11944
1.5380, -0.13943
1.5390, -0.15651
1.5400, -0.16957
1.5410, -0.17751
1.5420, -0.17982
1.5430, -0.17738
1.5440, -0.17125
1.5450, -0.16247
1.5460, -0.15212
1.5470, -0.14125
1.5480, -0.13069
1.5490, -0.11995
1.5500, -0.10812
1.5510, -0.094265
1.5520, -0.077453
1.5530, -0.056759
1.5540, -0.031348
1.5550, -0.0018744
1.5560, 0.029830
1.5570, 0.061899
1.5580, 0.092468
1.5590, 0.11967
1.5600, 0.14166
1.5610, 0.15748
1.5620, 0.16781
1.5630, 0.17345
1.5640, 0.17524
1.5650, 0.17398
1.5660, 0.17051
1.5670, 0.16566
1.5680, 0.16036
1.5690, 0.15556
1.5700, 0.15221
1.5710, 0.15127
1.5720, 0.15368
1.5730, 0.16024
1.5740, 0.16993
1.5750, 0.18063
1.5760, 0.19022
1.5770, 0.19657
1.5780, 0.19757
1.5790, 0.19112
1.5800, 0.17720
1.5810, 0.15851
1.5820, 0.13796
1.5830, 0.11845
1.5840, 0.10287
1.5850, 0.094140
1.5860, 0.093993
1.5870, 0.10060
1.5880, 0.11143
1.5890, 0.12396
1.5900, 0.13567
1.5910, 0.14404
1.5920, 0.14684
1.5930, 0.14411
1.5940, 0.13694
1.5950, 0.12643
1.5960, 0.11368
1.5970, 0.099800
1.5980, 0.085850
1.5990, 0.072110
1.6000, 0.058039
1.6010, 0.043061
1.6020, 0.026595
1.6030, 0.0080641
1.6040, -0.013109
1.6050, -0.037019
1.6060, -0.062643
1.6070, -0.088799
1.6080, -0.11430
1.6090, -0.13798
1.6100, -0.15864
1.6110, -0.17533
1.6120, -0.18839
1.6130, -0.19861
1.6140, -0.20679
1.6150, -0.21370
1.6160, -0.22014
1.6170, -0.22686
1.6180, -0.23377
1.6190, -0.24016
1.6200, -0.24529
1.6210, -0.24843
1.6220, -0.24882
1.6230, -0.24575
1.6240, -0.23892
1.6250, -0.22884
1.6260, -0.21611
1.6270, -0.20132
1.6280, -0.18507
1.6290, -0.16794
1.6300, -0.15050
1.6310, -0.13321
1.6320, -0.11653
1.6330, -0.10088
1.6340, -0.086714
1.6350, -0.074461
1.6360, -0.064509
1.6370, -0.056666
1.6380, -0.050380
1.6390, -0.045095
1.6400, -0.040255
1.6410, -0.035304
1.6420, -0.029684
1.6430, -0.022865
1.6440, -0.014345
1.6450, -0.0036260
1.6460, 0.0097909
1.6470, 0.026404
1.6480, 0.046712
1.6490, 0.070927
1.6500, 0.098376
1.6510, 0.12821
1.6520, 0.15958
1.6530, 0.19163
1.6540, 0.22353
1.6550, 0.25447
1.6560, 0.28411
1.6570, 0.31232
1.6580, 0.33896
1.6590, 0.36389
1.6600, 0.38699
1.6610, 0.40810
1.6620, 0.42719
1.6630, 0.44426
1.6640, 0.45935
1.6650, 0.47246
1.6660, 0.48363
1.6670, 0.49287
1.6680, 0.50021
1.6690, 0.50566
1.6700, 0.50924
1.6710, 0.51097
1.6720, 0.51086
1.6730, 0.50893
1.6740, 0.50524
1.6750, 0.50012
1.6760, 0.49399
1.6770, 0.48726
1.6780, 0.48037
1.6790, 0.47373
1.6800, 0.46776
1.6810, 0.46292
1.6820, 0.45971
1.6830, 0.45863
1.6840, 0.46017
1.6850, 0.46482
1.6860, 0.47307
1.6870, 0.48485
1.6880, 0.49907
1.6890, 0.51455
1.6900, 0.53011
1.6910, 0.54454
1.6920, 0.55668
1.6930, 0.56557
1.6940, 0.57136
1.6950, 0.57445
1.6960, 0.57527
1.6970, 0.57422
1.6980, 0.57172
1.6990, 0.56817
1.7000, 0.56379
1.7010, 0.55870
1.7020, 0.55302
1.7030, 0.54687
1.7040, 0.54035
1.7050, 0.53359
1.7060, 0.52678
1.7070, 0.52018
1.7080, 0.51407
1.7090, 0.50874
1.7100, 0.50445
1.7110, 0.50150
1.7120, 0.49987
1.7130, 0.49863
1.7140, 0.49670
1.7150, 0.49297
1.7160, 0.48633
1.7170, 0.47570
1.7180, 0.46015
1.7190, 0.44027
1.7200, 0.41735
1.7210, 0.39270
1.7220, 0.36759
1.7230, 0.34334
1.7240, 0.32121
1.7250, 0.30168
1.7260, 0.28442
1.7270, 0.26905
1.7280, 0.25518
1.7290, 0.24245
1.7300, 0.23047
1.7310, 0.21942
1.7320, 0.21077
1.7330, 0.20621
1.7340, 0.20739
1.7350, 0.21597
1.7360, 0.23364
1.7370, 0.26142
1.7380, 0.29666
1.7390, 0.33536
1.7400, 0.37355
1.7410, 0.40724
1.7420, 0.43244
1.7430, 0.44544
1.7440, 0.44674
1.7450, 0.44031
1.7460, 0.43025
1.7470, 0.42063
1.7480, 0.41552
1.7490, 0.41898
1.7500, 0.43275
1.7510, 0.45443
1.7520, 0.48117
1.7530, 0.51012
1.7540, 0.53844
1.7550, 0.56327
1.7560, 0.58244
1.7570, 0.59665
1.7580, 0.60738
1.7590, 0.61609
1.7600, 0.62425
1.7610, 0.63334
1.7620, 0.64475
1.7630, 0.65893
1.7640, 0.67577
1.7650, 0.69513
1.7660, 0.71689
1.7670, 0.74091
1.7680, 0.76706
1.7690, 0.79468
1.7700, 0.82242
1.7710, 0.84888
1.7720, 0.87265
1.7730, 0.89233
1.7740, 0.90652
1.7750, 0.91461
1.7760, 0.91862
1.7770, 0.92105
1.7780, 0.92440
1.7790, 0.93120
1.7800, 0.94396
1.7810, 0.96473
1.7820, 0.99192
1.7830, 1.0222
1.7840, 1.0522
1.7850, 1.0786
1.7860, 1.0980
1.7870, 1.1073
1.7880, 1.1059
1.7890, 1.0967
1.7900, 1.0825
1.7910, 1.0661
1.7920, 1.0503
1.7930, 1.0382
1.7940, 1.0312
1.7950, 1.0285
1.7960, 1.0286
1.7970, 1.0301
1.7980, 1.0315
1.7990, 1.0315
1.8000, 1.0288
1.8010, 1.0237
1.8020, 1.0169
1.8030, 1.0093
1.8040, 1.0015
1.8050, 0.99430
1.8060, 0.98844
1.8070, 0.98413
1.8080, 0.98113
1.8090, 0.97923
1.8100, 0.97821
1.8110, 0.97782
1.8120, 0.97784
1.8130, 0.97821
1.8140, 0.97912
1.8150, 0.98080
1.8160, 0.98349
1.8170, 0.98742
1.8180, 0.99282
1.8190, 0.99966
1.8200, 1.0068
1.8210, 1.0127
1.8220, 1.0161
1.8230, 1.0153
1.8240, 1.0089
1.8250, 0.99574
1.8260, 0.97620
1.8270, 0.95200
1.8280, 0.92484
1.8290, 0.89642
1.8300, 0.86845
1.8310, 0.84260
1.8320, 0.81970
1.8330, 0.79940
1.8340, 0.78125
1.8350, 0.76481
1.8360, 0.74963
1.8370, 0.73528
1.8380, 0.72128
1.8390, 0.70711
1.8400, 0.69222
1.8410, 0.67607
1.8420, 0.65812
1.8430, 0.63781
1.8440, 0.61485
1.8450, 0.59080
1.8460, 0.56815
1.8470, 0.54940
1.8480, 0.53705
1.8490, 0.53357
1.8500, 0.54138
1.8510, 0.56028
1.8520, 0.58724
1.8530, 0.61914
1.8540, 0.65283
1.8550, 0.68516
1.8560, 0.71299
1.8570, 0.73406
1.8580, 0.74819
1.8590, 0.75553
1.8600, 0.75624
1.8610, 0.75045
1.8620, 0.73832
1.8630, 0.72009
1.8640, 0.69659
1.8650, 0.66884
1.8660, 0.63789
1.8670, 0.60477
1.8680, 0.57051
1.8690, 0.53614
1.8700, 0.50235
1.8710, 0.46959
1.8720, 0.43828
1.8730, 0.40886
1.8740, 0.38175
1.8750, 0.35739
1.8760, 0.33561
1.8770, 0.31517
1.8780, 0.29472
1.8790, 0.27290
1.8800, 0.24835
1.8810, 0.21972
1.8820, 0.18617
1.8830, 0.14912
1.8840, 0.11060
1.8850, 0.072674
1.8860, 0.037365
1.8870, 0.0067191
1.8880, -0.017386
1.8890, -0.034964
1.8900, -0.047241
1.8910, -0.055463
1.8920, -0.060876
1.8930, -0.064726
1.8940, -0.068247
1.8950, -0.072120
1.8960, -0.076240
1.8970, -0.080448
1.8980, -0.084582
1.8990, -0.088479
1.9000, -0.091979
1.9010, -0.094972
1.9020, -0.097519
1.9030, -0.099716
1.9040, -0.10166
1.9050, -0.10344
1.9060, -0.10516
1.9070, -0.10683
1.9080, -0.10787
1.9090, -0.10739
1.9100, -0.10448
1.9110, -0.098262
1.9120, -0.087835
1.9130, -0.072345
1.9140, -0.051953
1.9150, -0.027932
1.9160, -0.0016084
1.9170, 0.025689
1.9180, 0.052634
1.9190, 0.077899
1.9200, 0.10043
1.9210, 0.11982
1.9220, 0.13576
1.9230, 0.14797
1.9240, 0.15613
1.9250, 0.15994
1.9260, 0.15937
1.9270, 0.15587
1.9280, 0.15150
1.9290, 0.14830
1.9300, 0.14832
1.9310, 0.15360
1.9320, 0.16607
1.9330, 0.18588
1.9340, 0.21163
1.9350, 0.24188
1.9360, 0.27521
1.9370, 0.31018
1.9380, 0.34536
1.9390, 0.37881
1.9400, 0.40776
1.9410, 0.42931
1.9420, 0.44055
1.9430, 0.43861
1.9440, 0.42058
1.9450, 0.38499
1.9460, 0.33663
1.9470, 0.28204
1.9480, 0.22775
1.9490, 0.18029
1.9500, 0.14620
1.9510, 0.13141
1.9520, 0.13476
1.9530, 0.15047
1.9540, 0.17271
1.9550, 0.19564
1.9560, 0.21343
1.9570, 0.22031
1.9580, 0.21434
1.9590, 0.19905
1.9600, 0.17837
1.9610, 0.15624
1.9620, 0.13658
1.9630, 0.12333
1.9640, 0.11972
1.9650, 0.12661
1.9660, 0.14436
1.9670, 0.17337
1.9680, 0.21401
1.9690, 0.26665
1.9700, 0.33130
1.9710, 0.40484
1.9720, 0.48262
1.9730, 0.55996
1.9740, 0.63219
1.9750, 0.69465
1.9760, 0.74278
1.9770, 0.77553
1.9780, 0.79564
1.9790, 0.80606
1.9800, 0.80974
1.9810, 0.80962
1.9820, 0.80865
1.9830, 0.80876
1.9840, 0.80939
1.9850, 0.80959
1.9860, 0.80842
1.9870, 0.80493
1.9880, 0.79818
1.9890, 0.78728
1.9900, 0.77179
1.9910, 0.75140
1.9920, 0.72580
1.9930, 0.69468
1.9940, 0.65775
1.9950, 0.61482
1.9960, 0.56772
1.9970, 0.52005
1.9980, 0.47543
1.9990, 0.43748
2.0000, 0.40984
