0.00000, 0.38736
0.00100, 0.41696
0.00200, 0.43825
0.00300, 0.44292
0.00400, 0.42509
0.00500, 0.39640
0.00600, 0.37607
0.00700, 0.38157
0.00800, 0.40627
0.00900, 0.42609
0.01000, 0.41717
0.01100, 0.37641
0.01200, 0.32532
0.01300, 0.28671
0.01400, 0.26995
0.01500, 0.25809
0.01600, 0.23107
0.01700, 0.17667
0.01800, 0.10894
0.01900, 0.04748
0.02000, 0.00805
0.02100, -0.01633
0.02200, -0.04101
0.02300, -0.07964
0.02400, -0.12699
0.02500, -0.16604
0.02600, -0.18028
0.02700, -0.16871
0.02800, -0.14618
0.02900, -0.12819
0.03000, -0.12418
0.03100, -0.13349
0.03200, -0.15450
0.03300, -0.18358
0.03400, -0.21150
0.03500, -0.22804
0.03600, -0.22522
0.03700, -0.20646
0.03800, -0.17868
0.03900, -0.14868
0.04000, -0.12215
0.04100, -0.10416
0.04200, -0.09940
0.04300, -0.10515
0.04400, -0.11220
0.04500, -0.11121
0.04600, -0.09729
0.04700, -0.07194
0.04800, -0.03717
0.04900, 0.00069
0.05000, 0.02482
0.05100, 0.01691
0.05200, -0.03142
0.05300, -0.08668
0.05400, -0.10445
0.05500, -0.04800
0.05600, 0.06167
0.05700, 0.17738
0.05800, 0.25435
0.05900, 0.28451
0.06000, 0.28746
0.06100, 0.28323
0.06200, 0.28126
0.06300, 0.27801
0.06400, 0.26913
0.06500, 0.25397
0.06600, 0.23945
0.06700, 0.23341
0.06800, 0.23936
0.06900, 0.24554
0.07000, 0.23683
0.07100, 0.20120
0.07200, 0.14607
0.07300, 0.08633
0.07400, 0.03565
0.07500, -0.00626
0.07600, -0.04881
0.07700, -0.10117
0.07800, -0.16218
0.07900, -0.21973
0.08000, -0.26125
0.08100, -0.28104
0.08200, -0.28543
0.08300, -0.28192
0.08400, -0.27781
0.08500, -0.27964
0.08600, -0.29381
0.08700, -0.32476
0.08800, -0.36657
0.08900, -0.40993
0.09000, -0.44504
0.09100, -0.45706
0.09200, -0.42841
0.09300, -0.34307
0.09400, -0.21655
0.09500, -0.09324
0.09600, -0.01792
0.09700, 0.00110
0.09800, 0.01012
0.09900, 0.05989
0.10000, 0.17517
0.10100, 0.31526
0.10200, 0.42934
0.10300, 0.47886
0.10400, 0.47914
0.10500, 0.46035
0.10600, 0.45036
0.10700, 0.45936
0.10800, 0.48913
0.10900, 0.54071
0.11000, 0.60436
0.11100, 0.66188
0.11200, 0.69519
0.11300, 0.69939
0.11400, 0.68662
0.11500, 0.67008
0.11600, 0.65792
0.11700, 0.64740
0.11800, 0.63441
0.11900, 0.61646
0.12000, 0.59719
0.12100, 0.58165
0.12200, 0.57411
0.12300, 0.57379
0.12400, 0.57787
0.12500, 0.58422
0.12600, 0.59898
0.12700, 0.63396
0.12800, 0.70043
0.12900, 0.79289
0.13000, 0.88725
0.13100, 0.95856
0.13200, 0.99469
0.13300, 1.00688
0.13400, 1.00885
0.13500, 1.01173
0.13600, 1.01848
0.13700, 1.03050
0.13800, 1.04791
0.13900, 1.06388
0.14000, 1.06919
0.14100, 1.05607
0.14200, 1.03097
0.14300, 1.00864
0.14400, 1.00326
0.14500, 1.01550
0.14600, 1.03318
0.14700, 1.04373
0.14800, 1.04344
0.14900, 1.04238
0.15000, 1.05183
0.15100, 1.07696
0.15200, 1.10681
0.15300, 1.12781
0.15400, 1.13011
0.15500, 1.12102
0.15600, 1.11279
0.15700, 1.11612
0.15800, 1.12882
0.15900, 1.14234
0.16000, 1.14874
0.16100, 1.15102
0.16200, 1.16115
0.16300, 1.19089
0.16400, 1.23350
0.16500, 1.25741
0.16600, 1.22937
0.16700, 1.13939
0.16800, 1.02940
0.16900, 0.94836
0.17000, 0.93072
0.17100, 0.95477
0.17200, 0.98519
0.17300, 0.99146
0.17400, 0.97601
0.17500, 0.95513
0.17600, 0.94409
0.17700, 0.94377
0.17800, 0.94493
0.17900, 0.93829
0.18000, 0.91888
0.18100, 0.88673
0.18200, 0.84219
0.18300, 0.78945
0.18400, 0.74012
0.18500, 0.70660
0.18600, 0.69551
0.18700, 0.69458
0.18800, 0.68768
0.18900, 0.66264
0.19000, 0.63008
0.19100, 0.60873
0.19200, 0.61494
0.19300, 0.63950
0.19400, 0.65776
0.19500, 0.64568
0.19600, 0.59701
0.19700, 0.52318
0.19800, 0.43638
0.19900, 0.34806
0.20000, 0.26851
0.20100, 0.20789
0.20200, 0.17091
0.20300, 0.14723
0.20400, 0.12393
0.20500, 0.09149
0.20600, 0.05676
0.20700, 0.03154
0.20800, 0.02514
0.20900, 0.02525
0.21000, 0.00842
0.21100, -0.04717
0.21200, -0.13256
0.21300, -0.21257
0.21400, -0.25170
0.21500, -0.23975
0.21600, -0.20177
0.21700, -0.16546
0.21800, -0.14745
0.21900, -0.13856
0.22000, -0.12596
0.22100, -0.10059
0.22200, -0.06866
0.22300, -0.04028
0.22400, -0.02444
0.22500, -0.02207
0.22600, -0.03052
0.22700, -0.04684
0.22800, -0.06343
0.22900, -0.06927
0.23000, -0.05370
0.23100, -0.01892
0.23200, 0.01737
0.23300, 0.03666
0.23400, 0.03081
0.23500, 0.01239
0.23600, -0.00361
0.23700, -0.00809
0.23800, -0.01221
0.23900, -0.03144
0.24000, -0.07817
0.24100, -0.14620
0.24200, -0.22238
0.24300, -0.29438
0.24400, -0.35907
0.24500, -0.41911
0.24600, -0.47707
0.24700, -0.53097
0.24800, -0.57410
0.24900, -0.59968
0.25000, -0.61152
0.25100, -0.63144
0.25200, -0.68300
0.25300, -0.77535
0.25400, -0.87609
0.25500, -0.94541
0.25600, -0.95320
0.25700, -0.91860
0.25800, -0.87626
0.25900, -0.85795
0.26000, -0.86878
0.26100, -0.89951
0.26200, -0.94082
0.26300, -0.98450
0.26400, -1.02332
0.26500, -1.05010
0.26600, -1.05912
0.26700, -1.04674
0.26800, -1.00949
0.26900, -0.95019
0.27000, -0.88697
0.27100, -0.84023
0.27200, -0.82502
0.27300, -0.83342
0.27400, -0.85142
0.27500, -0.86393
0.27600, -0.84729
0.27700, -0.77398
0.27800, -0.61958
0.27900, -0.40615
0.28000, -0.19127
0.28100, -0.03243
0.28200, 0.04908
0.28300, 0.07723
0.28400, 0.07884
0.28500, 0.07787
0.28600, 0.09239
0.28700, 0.13971
0.28800, 0.22845
0.28900, 0.33610
0.29000, 0.43318
0.29100, 0.49555
0.29200, 0.53285
0.29300, 0.56788
0.29400, 0.62139
0.29500, 0.68903
0.29600, 0.74997
0.29700, 0.78380
0.29800, 0.78774
0.29900, 0.77805
0.30000, 0.77182
0.30100, 0.77850
0.30200, 0.79393
0.30300, 0.81253
0.30400, 0.82797
0.30500, 0.83147
0.30600, 0.81384
0.30700, 0.76903
0.30800, 0.70776
0.30900, 0.64629
0.31000, 0.59938
0.31100, 0.56725
0.31200, 0.54190
0.31300, 0.51539
0.31400, 0.48250
0.31500, 0.44052
0.31600, 0.38686
0.31700, 0.32096
0.31800, 0.24532
0.31900, 0.16272
0.32000, 0.07813
0.32100, 0.00213
0.32200, -0.05381
0.32300, -0.08348
0.32400, -0.10405
0.32500, -0.13922
0.32600, -0.20907
0.32700, -0.30481
0.32800, -0.40377
0.32900, -0.48419
0.33000, -0.53999
0.33100, -0.57756
0.33200, -0.60377
0.33300, -0.62976
0.33400, -0.67232
0.33500, -0.74853
0.33600, -0.86211
0.33700, -0.98781
0.33800, -1.09658
0.33900, -1.16694
0.34000, -1.20578
0.34100, -1.22665
0.34200, -1.24279
0.34300, -1.26551
0.34400, -1.30532
0.34500, -1.37153
0.34600, -1.45830
0.34700, -1.54945
0.34800, -1.62897
0.34900, -1.69222
0.35000, -1.74729
0.35100, -1.80285
0.35200, -1.85979
0.35300, -1.90461
0.35400, -1.92226
0.35500, -1.90663
0.35600, -1.87990
0.35700, -1.86979
0.35800, -1.89512
0.35900, -1.92494
0.36000, -1.91109
0.36100, -1.81319
0.36200, -1.67040
0.36300, -1.56857
0.36400, -1.58958
0.36500, -1.71740
0.36600, -1.84153
0.36700, -1.84889
0.36800, -1.70723
0.36900, -1.51228
0.37000, -1.37100
0.37100, -1.34346
0.37200, -1.36450
0.37300, -1.34826
0.37400, -1.23154
0.37500, -1.05691
0.37600, -0.89780
0.37700, -0.81903
0.37800, -0.81314
0.37900, -0.83641
0.38000, -0.84635
0.38100, -0.82557
0.38200, -0.77753
0.38300, -0.70628
0.38400, -0.61508
0.38500, -0.50616
0.38600, -0.38168
0.38700, -0.24992
0.38800, -0.13301
0.38900, -0.05500
0.39000, -0.03032
0.39100, -0.03565
0.39200, -0.03839
0.39300, -0.01042
0.39400, 0.04531
0.39500, 0.11256
0.39600, 0.17581
0.39700, 0.22983
0.39800, 0.27676
0.39900, 0.31867
0.40000, 0.35216
0.40100, 0.36738
0.40200, 0.35424
0.40300, 0.31657
0.40400, 0.28506
0.40500, 0.29350
0.40600, 0.36125
0.40700, 0.45998
0.40800, 0.55155
0.40900, 0.60442
0.41000, 0.62577
0.41100, 0.63675
0.41200, 0.65679
0.41300, 0.68635
0.41400, 0.71430
0.41500, 0.72962
0.41600, 0.72741
0.41700, 0.70898
0.41800, 0.67596
0.41900, 0.63567
0.42000, 0.60471
0.42100, 0.60057
0.42200, 0.62634
0.42300, 0.64496
0.42400, 0.61243
0.42500, 0.49707
0.42600, 0.32765
0.42700, 0.15138
0.42800, 0.01136
0.42900, -0.08606
0.43000, -0.15377
0.43100, -0.20464
0.43200, -0.24907
0.43300, -0.29521
0.43400, -0.35109
0.43500, -0.41935
0.43600, -0.49510
0.43700, -0.57288
0.43800, -0.64861
0.43900, -0.72154
0.44000, -0.79140
0.44100, -0.85918
0.44200, -0.93111
0.44300, -1.01475
0.44400, -1.11503
0.44500, -1.21736
0.44600, -1.29846
0.44700, -1.33686
0.44800, -1.33723
0.44900, -1.32369
0.45000, -1.32031
0.45100, -1.33464
0.45200, -1.35417
0.45300, -1.36518
0.45400, -1.35751
0.45500, -1.32822
0.45600, -1.27520
0.45700, -1.19603
0.45800, -1.08704
0.45900, -0.94436
0.46000, -0.76809
0.46100, -0.58311
0.46200, -0.42359
0.46300, -0.32046
0.46400, -0.26692
0.46500, -0.23208
0.46600, -0.18542
0.46700, -0.11445
0.46800, -0.02554
0.46900, 0.07401
0.47000, 0.17777
0.47100, 0.28072
0.47200, 0.37798
0.47300, 0.46530
0.47400, 0.54036
0.47500, 0.60115
0.47600, 0.64616
0.47700, 0.67620
0.47800, 0.69288
0.47900, 0.69831
0.48000, 0.69963
0.48100, 0.70667
0.48200, 0.72893
0.48300, 0.76861
0.48400, 0.82131
0.48500, 0.88246
0.48600, 0.94787
0.48700, 1.01402
0.48800, 1.07742
0.48900, 1.13450
0.49000, 1.18143
0.49100, 1.21434
0.49200, 1.23273
0.49300, 1.25053
0.49400, 1.28558
0.49500, 1.35251
0.49600, 1.44128
0.49700, 1.53036
0.49800, 1.59955
0.49900, 1.64992
0.50000, 1.69897
0.50100, 1.76419
0.50200, 1.84599
0.50300, 1.92316
0.50400, 1.97317
0.50500, 1.98539
0.50600, 1.97427
0.50700, 1.95741
0.50800, 1.94568
0.50900, 1.92551
0.51000, 1.87776
0.51100, 1.78915
0.51200, 1.68384
0.51300, 1.60085
0.51400, 1.57484
0.51500, 1.58776
0.51600, 1.58645
0.51700, 1.51891
0.51800, 1.38090
0.51900, 1.22026
0.52000, 1.08714
0.52100, 1.00410
0.52200, 0.94408
0.52300, 0.87482
0.52400, 0.77326
0.52500, 0.64437
0.52600, 0.49848
0.52700, 0.34496
0.52800, 0.18810
0.52900, 0.03046
0.53000, -0.12485
0.53100, -0.26960
0.53200, -0.39261
0.53300, -0.48348
0.53400, -0.54778
0.53500, -0.60612
0.53600, -0.67948
0.53700, -0.77764
0.53800, -0.89307
0.53900, -1.01683
0.54000, -1.14140
0.54100, -1.26307
0.54200, -1.37875
0.54300, -1.48458
0.54400, -1.57321
0.54500, -1.63633
0.54600, -1.66736
0.54700, -1.67370
0.54800, -1.66957
0.54900, -1.66852
0.55000, -1.67265
0.55100, -1.67480
0.55200, -1.66768
0.55300, -1.64887
0.55400, -1.62240
0.55500, -1.59272
0.55600, -1.56267
0.55700, -1.53156
0.55800, -1.49820
0.55900, -1.46204
0.56000, -1.42490
0.56100, -1.38913
0.56200, -1.35717
0.56300, -1.33173
0.56400, -1.31567
0.56500, -1.31126
0.56600, -1.31316
0.56700, -1.31076
0.56800, -1.29361
0.56900, -1.25882
0.57000, -1.21213
0.57100, -1.15975
0.57200, -1.10698
0.57300, -1.05749
0.57400, -1.01475
0.57500, -0.98115
0.57600, -0.95555
0.57700, -0.93613
0.57800, -0.92070
0.57900, -0.90510
0.58000, -0.88446
0.58100, -0.85454
0.58200, -0.81766
0.58300, -0.78001
0.58400, -0.74757
0.58500, -0.72045
0.58600, -0.69300
0.58700, -0.65936
0.58800, -0.61254
0.58900, -0.54380
0.59000, -0.44427
0.59100, -0.31649
0.59200, -0.19397
0.59300, -0.11538
0.59400, -0.10774
0.59500, -0.14276
0.59600, -0.17579
0.59700, -0.16667
0.59800, -0.11379
0.59900, -0.03511
0.60000, 0.05112
0.60100, 0.12421
0.60200, 0.16141
0.60300, 0.14045
0.60400, 0.06207
0.60500, -0.04128
0.60600, -0.13489
0.60700, -0.19695
0.60800, -0.23521
0.60900, -0.26154
0.61000, -0.28560
0.61100, -0.30800
0.61200, -0.32716
0.61300, -0.34241
0.61400, -0.35993
0.61500, -0.38883
0.61600, -0.43696
0.61700, -0.49524
0.61800, -0.54228
0.61900, -0.55716
0.62000, -0.54124
0.62100, -0.52225
0.62200, -0.52930
0.62300, -0.57407
0.62400, -0.63408
0.62500, -0.68290
0.62600, -0.70213
0.62700, -0.70025
0.62800, -0.69137
0.62900, -0.68729
0.63000, -0.68617
0.63100, -0.68114
0.63200, -0.66592
0.63300, -0.64084
0.63400, -0.61032
0.63500, -0.57878
0.63600, -0.54949
0.63700, -0.52453
0.63800, -0.50589
0.63900, -0.49337
0.64000, -0.48303
0.64100, -0.47062
0.64200, -0.45414
0.64300, -0.43800
0.64400, -0.42776
0.64500, -0.42553
0.64600, -0.41629
0.64700, -0.37976
0.64800, -0.29880
0.64900, -0.18504
0.65000, -0.06533
0.65100, 0.03429
0.65200, 0.10508
0.65300, 0.15340
0.65400, 0.18628
0.65500, 0.21612
0.65600, 0.26312
0.65700, 0.34800
0.65800, 0.47908
0.65900, 0.63486
0.66000, 0.78945
0.66100, 0.92292
0.66200, 1.04029
0.66300, 1.15310
0.66400, 1.27049
0.66500, 1.38387
0.66600, 1.47660
0.66700, 1.53343
0.66800, 1.55942
0.66900, 1.57495
0.67000, 1.60054
0.67100, 1.64934
0.67200, 1.72542
0.67300, 1.83220
0.67400, 1.96220
0.67500, 2.08565
0.67600, 2.17005
0.67700, 2.19304
0.67800, 2.16780
0.67900, 2.11534
0.68000, 2.05501
0.68100, 1.99577
0.68200, 1.94260
0.68300, 1.90007
0.68400, 1.86786
0.68500, 1.84252
0.68600, 1.82061
0.68700, 1.80068
0.68800, 1.78338
0.68900, 1.76944
0.69000, 1.75705
0.69100, 1.74005
0.69200, 1.71182
0.69300, 1.66944
0.69400, 1.62093
0.69500, 1.57633
0.69600, 1.54296
0.69700, 1.51397
0.69800, 1.47790
0.69900, 1.42443
0.70000, 1.35409
0.70100, 1.27339
0.70200, 1.18868
0.70300, 1.10210
0.70400, 1.01198
0.70500, 0.91641
0.70600, 0.81137
0.70700, 0.68958
0.70800, 0.54351
0.70900, 0.37625
0.71000, 0.21753
0.71100, 0.10115
0.71200, 0.04970
0.71300, 0.03651
0.71400, 0.02147
0.71500, -0.03117
0.71600, -0.12267
0.71700, -0.23806
0.71800, -0.36212
0.71900, -0.47726
0.72000, -0.56403
0.72100, -0.60339
0.72200, -0.59398
0.72300, -0.55705
0.72400, -0.51536
0.72500, -0.48924
0.72600, -0.49395
0.72700, -0.54409
0.72800, -0.64442
0.72900, -0.76363
0.73000, -0.86205
0.73100, -0.90831
0.73200, -0.92503
0.73300, -0.95648
0.73400, -1.04262
0.73500, -1.16917
0.73600, -1.28536
0.73700, -1.34128
0.73800, -1.32961
0.73900, -1.29005
0.74000, -1.26450
0.74100, -1.27430
0.74200, -1.30327
0.74300, -1.33126
0.74400, -1.34470
0.74500, -1.35030
0.74600, -1.35875
0.74700, -1.37722
0.74800, -1.39394
0.74900, -1.39066
0.75000, -1.35141
0.75100, -1.28312
0.75200, -1.20589
0.75300, -1.13908
0.75400, -1.08254
0.75500, -1.01761
0.75600, -0.92514
0.75700, -0.80115
0.75800, -0.66525
0.75900, -0.53910
0.76000, -0.43822
0.76100, -0.36208
0.76200, -0.30753
0.76300, -0.27006
0.76400, -0.23881
0.76500, -0.20114
0.76600, -0.14588
0.76700, -0.07433
0.76800, 0.00609
0.76900, 0.08798
0.77000, 0.16490
0.77100, 0.23125
0.77200, 0.28151
0.77300, 0.31376
0.77400, 0.33095
0.77500, 0.33633
0.77600, 0.33431
0.77700, 0.33182
0.77800, 0.33616
0.77900, 0.35004
0.78000, 0.35862
0.78100, 0.34280
0.78200, 0.28758
0.78300, 0.20599
0.78400, 0.12280
0.78500, 0.06103
0.78600, 0.01995
0.78700, -0.01781
0.78800, -0.06972
0.78900, -0.14614
0.79000, -0.24924
0.79100, -0.38069
0.79200, -0.53380
0.79300, -0.68614
0.79400, -0.81347
0.79500, -0.89978
0.79600, -0.95575
0.79700, -0.99746
0.79800, -1.04003
0.79900, -1.09305
0.80000, -1.16417
0.80100, -1.25945
0.80200, -1.36830
0.80300, -1.47013
0.80400, -1.54486
0.80500, -1.58746
0.80600, -1.60779
0.80700, -1.61626
0.80800, -1.61962
0.80900, -1.61860
0.81000, -1.61337
0.81100, -1.60508
0.81200, -1.59752
0.81300, -1.59492
0.81400, -1.60020
0.81500, -1.61001
0.81600, -1.61912
0.81700, -1.62242
0.81800, -1.61586
0.81900, -1.59598
0.82000, -1.55973
0.82100, -1.51144
0.82200, -1.46171
0.82300, -1.42113
0.82400, -1.39109
0.82500, -1.36012
0.82600, -1.31582
0.82700, -1.25210
0.82800, -1.17748
0.82900, -1.10256
0.83000, -1.03311
0.83100, -0.95522
0.83200, -0.85006
0.83300, -0.70430
0.83400, -0.54453
0.83500, -0.41478
0.83600, -0.35559
0.83700, -0.35764
0.83800, -0.37514
0.83900, -0.36226
0.84000, -0.29918
0.84100, -0.19718
0.84200, -0.06939
0.84300, 0.07211
0.84400, 0.21721
0.84500, 0.35605
0.84600, 0.47806
0.84700, 0.57029
0.84800, 0.61926
0.84900, 0.61596
0.85000, 0.57811
0.85100, 0.53341
0.85200, 0.50808
0.85300, 0.51196
0.85400, 0.54456
0.85500, 0.60491
0.85600, 0.68384
0.85700, 0.76381
0.85800, 0.82704
0.85900, 0.86919
0.86000, 0.90873
0.86100, 0.96629
0.86200, 1.04608
0.86300, 1.10515
0.86400, 1.09210
0.86500, 0.97120
0.86600, 0.78546
0.86700, 0.60272
0.86800, 0.48549
0.86900, 0.44785
0.87000, 0.47788
0.87100, 0.56222
0.87200, 0.66576
0.87300, 0.73408
0.87400, 0.71296
0.87500, 0.59237
0.87600, 0.42637
0.87700, 0.27405
0.87800, 0.17388
0.87900, 0.11429
0.88000, 0.07622
0.88100, 0.04428
0.88200, 0.01869
0.88300, 0.00379
0.88400, 0.00224
0.88500, 0.00392
0.88600, -0.00713
0.88700, -0.04564
0.88800, -0.10763
0.88900, -0.17491
0.89000, -0.22932
0.89100, -0.26761
0.89200, -0.30510
0.89300, -0.35822
0.89400, -0.43124
0.89500, -0.50327
0.89600, -0.55035
0.89700, -0.55515
0.89800, -0.52415
0.89900, -0.46909
0.90000, -0.40172
0.90100, -0.33365
0.90200, -0.27640
0.90300, -0.24068
0.90400, -0.22702
0.90500, -0.22937
0.90600, -0.24131
0.90700, -0.25127
0.90800, -0.24209
0.90900, -0.19650
0.91000, -0.11217
0.91100, -0.01319
0.91200, 0.07367
0.91300, 0.13147
0.91400, 0.17281
0.91500, 0.21586
0.91600, 0.27465
0.91700, 0.34152
0.91800, 0.40169
0.91900, 0.44155
0.92000, 0.45922
0.92100, 0.45936
0.92200, 0.44704
0.92300, 0.43399
0.92400, 0.43807
0.92500, 0.47708
0.92600, 0.55091
0.92700, 0.63245
0.92800, 0.69232
0.92900, 0.71318
0.93000, 0.70828
0.93100, 0.69566
0.93200, 0.68965
0.93300, 0.68811
0.93400, 0.68431
0.93500, 0.67271
0.93600, 0.65706
0.93700, 0.64558
0.93800, 0.64556
0.93900, 0.64979
0.94000, 0.63946
0.94100, 0.59599
0.94200, 0.52059
0.94300, 0.44023
0.94400, 0.38354
0.94500, 0.36593
0.94600, 0.37424
0.94700, 0.39158
0.94800, 0.40362
0.94900, 0.40547
0.95000, 0.39446
0.95100, 0.36916
0.95200, 0.33629
0.95300, 0.30585
0.95400, 0.28732
0.95500, 0.28291
0.95600, 0.28994
0.95700, 0.30556
0.95800, 0.32562
0.95900, 0.34454
0.96000, 0.35670
0.96100, 0.36417
0.96200, 0.38312
0.96300, 0.43122
0.96400, 0.51516
0.96500, 0.60703
0.96600, 0.67209
0.96700, 0.68364
0.96800, 0.65926
0.96900, 0.63182
0.97000, 0.63114
0.97100, 0.65558
0.97200, 0.68515
0.97300, 0.70031
0.97400, 0.69624
0.97500, 0.68225
0.97600, 0.66813
0.97700, 0.65700
0.97800, 0.64151
0.97900, 0.61339
0.98000, 0.56978
0.98100, 0.52230
0.98200, 0.48496
0.98300, 0.46700
0.98400, 0.45572
0.98500, 0.43198
0.98600, 0.37888
0.98700, 0.29808
0.98800, 0.20051
0.98900, 0.09709
0.99000, -0.00239
0.99100, -0.08908
0.99200, -0.15439
0.99300, -0.19859
0.99400, -0.23402
0.99500, -0.27384
0.99600, -0.32663
0.99700, -0.39061
0.99800, -0.46258
0.99900, -0.53819
1.00000, -0.60853
1.00100, -0.66362
1.00200, -0.69488
1.00300, -0.70383
1.00400, -0.69626
1.00500, -0.67789
1.00600, -0.65353
1.00700, -0.62734
1.00800, -0.60321
1.00900, -0.57809
1.01000, -0.54076
1.01100, -0.47968
1.01200, -0.39610
1.01300, -0.31588
1.01400, -0.26768
1.01500, -0.26776
1.01600, -0.29153
1.01700, -0.30599
1.01800, -0.28238
1.01900, -0.21664
1.02000, -0.11359
1.02100, 0.02051
1.02200, 0.16409
1.02300, 0.28624
1.02400, 0.35712
1.02500, 0.37462
1.02600, 0.36442
1.02700, 0.35327
1.02800, 0.35904
1.02900, 0.38499
1.03000, 0.43297
1.03100, 0.49859
1.03200, 0.55995
1.03300, 0.59216
1.03400, 0.57745
1.03500, 0.53288
1.03600, 0.48611
1.03700, 0.46191
1.03800, 0.45928
1.03900, 0.46382
1.04000, 0.46163
1.04100, 0.44966
1.04200, 0.43430
1.04300, 0.42214
1.04400, 0.41706
1.04500, 0.41908
1.04600, 0.42793
1.04700, 0.44035
1.04800, 0.44606
1.04900, 0.43377
1.05000, 0.39673
1.05100, 0.34690
1.05200, 0.30101
1.05300, 0.27316
1.05400, 0.25824
1.05500, 0.24255
1.05600, 0.21334
1.05700, 0.17132
1.05800, 0.12716
1.05900, 0.09158
1.06000, 0.06883
1.06100, 0.05529
1.06200, 0.04688
1.06300, 0.04041
1.06400, 0.03443
1.06500, 0.02773
1.06600, 0.01912
1.06700, 0.00758
1.06800, -0.00788
1.06900, -0.02811
1.07000, -0.05323
1.07100, -0.08304
1.07200, -0.11715
1.07300, -0.15291
1.07400, -0.18618
1.07500, -0.21295
1.07600, -0.23199
1.07700, -0.24503
1.07800, -0.25392
1.07900, -0.26094
1.08000, -0.26910
1.08100, -0.28146
1.08200, -0.29884
1.08300, -0.31552
1.08400, -0.32456
1.08500, -0.32165
1.08600, -0.31576
1.08700, -0.32011
1.08800, -0.34693
1.08900, -0.39926
1.09000, -0.47512
1.09100, -0.57179
1.09200, -0.67351
1.09300, -0.75277
1.09400, -0.78208
1.09500, -0.75573
1.09600, -0.70004
1.09700, -0.64387
1.09800, -0.60735
1.09900, -0.58913
1.10000, -0.58456
1.10100, -0.58844
1.10200, -0.59309
1.10300, -0.59017
1.10400, -0.57156
1.10500, -0.53063
1.10600, -0.46147
1.10700, -0.35953
1.10800, -0.24064
1.10900, -0.13635
1.11000, -0.07778
1.11100, -0.06579
1.11200, -0.06295
1.11300, -0.02955
1.11400, 0.05239
1.11500, 0.15521
1.11600, 0.24549
1.11700, 0.29991
1.11800, 0.33164
1.11900, 0.36213
1.12000, 0.40932
1.12100, 0.46893
1.12200, 0.52788
1.12300, 0.57379
1.12400, 0.60276
1.12500, 0.61655
1.12600, 0.61709
1.12700, 0.60957
1.12800, 0.60262
1.12900, 0.60497
1.13000, 0.61736
1.13100, 0.62616
1.13200, 0.61624
1.13300, 0.58124
1.13400, 0.54138
1.13500, 0.52194
1.13600, 0.54162
1.13700, 0.58368
1.13800, 0.61959
1.13900, 0.62396
1.14000, 0.60209
1.14100, 0.57678
1.14200, 0.57004
1.14300, 0.58405
1.14400, 0.60244
1.14500, 0.60824
1.14600, 0.59002
1.14700, 0.54487
1.14800, 0.47063
1.14900, 0.37231
1.15000, 0.27350
1.15100, 0.20072
1.15200, 0.17238
1.15300, 0.17027
1.15400, 0.16592
1.15500, 0.13393
1.15600, 0.07393
1.15700, -0.00232
1.15800, -0.08344
1.15900, -0.16562
1.16000, -0.25113
1.16100, -0.34221
1.16200, -0.43356
1.16300, -0.50993
1.16400, -0.55541
1.16500, -0.56351
1.16600, -0.54828
1.16700, -0.52649
1.16800, -0.51055
1.16900, -0.49632
1.17000, -0.47575
1.17100, -0.44334
1.17200, -0.41083
1.17300, -0.39703
1.17400, -0.41857
1.17500, -0.46356
1.17600, -0.50042
1.17700, -0.49788
1.17800, -0.44415
1.17900, -0.34958
1.18000, -0.22572
1.18100, -0.08908
1.18200, 0.03466
1.18300, 0.11880
1.18400, 0.14892
1.18500, 0.14986
1.18600, 0.15425
1.18700, 0.18885
1.18800, 0.24731
1.18900, 0.31174
1.19000, 0.36542
1.19100, 0.40432
1.19200, 0.43190
1.19300, 0.45164
1.19400, 0.46553
1.19500, 0.47412
1.19600, 0.47793
1.19700, 0.47904
1.19800, 0.48208
1.19900, 0.49188
1.20000, 0.51209
1.20100, 0.54314
1.20200, 0.58491
1.20300, 0.63601
1.20400, 0.68896
1.20500, 0.73450
1.20600, 0.76412
1.20700, 0.77592
1.20800, 0.77130
1.20900, 0.75214
1.21000, 0.72748
1.21100, 0.71240
1.21200, 0.72176
1.21300, 0.75350
1.21400, 0.78236
1.21500, 0.78144
1.21600, 0.74058
1.21700, 0.68788
1.21800, 0.65679
1.21900, 0.66937
1.22000, 0.70246
1.22100, 0.72168
1.22200, 0.69772
1.22300, 0.63700
1.22400, 0.56135
1.22500, 0.49175
1.22600, 0.43682
1.22700, 0.39631
1.22800, 0.36945
1.22900, 0.34639
1.23000, 0.30651
1.23100, 0.22869
1.23200, 0.10879
1.23300, -0.02433
1.23400, -0.13797
1.23500, -0.21111
1.23600, -0.26178
1.23700, -0.31615
1.23800, -0.39547
1.23900, -0.49184
1.24000, -0.58669
1.24100, -0.66312
1.24200, -0.72227
1.24300, -0.77646
1.24400, -0.83759
1.24500, -0.90436
1.24600, -0.96209
1.24700, -0.99561
1.24800, -1.00041
1.24900, -0.98966
1.25000, -0.97823
1.25100, -0.97569
1.25200, -0.97671
1.25300, -0.97333
1.25400, -0.95967
1.25500, -0.94008
1.25600, -0.92211
1.25700, -0.91220
1.25800, -0.90710
1.25900, -0.89842
1.26000, -0.87819
1.26100, -0.84657
1.26200, -0.81085
1.26300, -0.77845
1.26400, -0.75283
1.26500, -0.73182
1.26600, -0.71280
1.26700, -0.69687
1.26800, -0.69403
1.26900, -0.71560
1.27000, -0.76773
1.27100, -0.83515
1.27200, -0.89701
1.27300, -0.93348
1.27400, -0.93240
1.27500, -0.88502
1.27600, -0.78452
1.27700, -0.65092
1.27800, -0.52444
1.27900, -0.44477
1.28000, -0.41734
1.28100, -0.40552
1.28200, -0.37020
1.28300, -0.29172
1.28400, -0.18999
1.28500, -0.08972
1.28600, -0.00952
1.28700, 0.05333
1.28800, 0.10623
1.28900, 0.15544
1.29000, 0.20008
1.29100, 0.23653
1.29200, 0.26196
1.29300, 0.28230
1.29400, 0.30915
1.29500, 0.35369
1.29600, 0.41351
1.29700, 0.47187
1.29800, 0.51144
1.29900, 0.52306
1.30000, 0.51177
1.30100, 0.48405
1.30200, 0.44414
1.30300, 0.38980
1.30400, 0.31757
1.30500, 0.22746
1.30600, 0.13738
1.30700, 0.07108
1.30800, 0.04953
1.30900, 0.06772
1.31000, 0.10627
1.31100, 0.14602
1.31200, 0.17435
1.31300, 0.18457
1.31400, 0.17037
1.31500, 0.13402
1.31600, 0.09052
1.31700, 0.05590
1.31800, 0.04393
1.31900, 0.06272
1.32000, 0.11949
1.32100, 0.21691
1.32200, 0.33774
1.32300, 0.45930
1.32400, 0.56083
1.32500, 0.63654
1.32600, 0.68768
1.32700, 0.71571
1.32800, 0.72466
1.32900, 0.72061
1.33000, 0.70965
1.33100, 0.69687
1.33200, 0.68604
1.33300, 0.68084
1.33400, 0.68355
1.33500, 0.69349
1.33600, 0.70959
1.33700, 0.72700
1.33800, 0.72694
1.33900, 0.68747
1.34000, 0.59227
1.34100, 0.46162
1.34200, 0.33048
1.34300, 0.23128
1.34400, 0.16540
1.34500, 0.11337
1.34600, 0.05587
1.34700, -0.01130
1.34800, -0.07567
1.34900, -0.12401
1.35000, -0.14941
1.35100, -0.15638
1.35200, -0.15069
1.35300, -0.13776
1.35400, -0.12204
1.35500, -0.10783
1.35600, -0.09868
1.35700, -0.09443
1.35800, -0.09360
1.35900, -0.09450
1.36000, -0.09298
1.36100, -0.08352
1.36200, -0.06111
1.36300, -0.03221
1.36400, -0.01411
1.36500, -0.02432
1.36600, -0.06741
1.36700, -0.12788
1.36800, -0.18850
1.36900, -0.23620
1.37000, -0.26880
1.37100, -0.28587
1.37200, -0.28919
1.37300, -0.29066
1.37400, -0.30511
1.37500, -0.34515
1.37600, -0.40541
1.37700, -0.47169
1.37800, -0.52998
1.37900, -0.57053
1.38000, -0.58703
1.38100, -0.57342
1.38200, -0.52820
1.38300, -0.45604
1.38400, -0.36204
1.38500, -0.25616
1.38600, -0.15915
1.38700, -0.09322
1.38800, -0.07318
1.38900, -0.08534
1.39000, -0.10919
1.39100, -0.12640
1.39200, -0.13356
1.39300, -0.13353
1.39400, -0.12892
1.39500, -0.11918
1.39600, -0.10154
1.39700, -0.07339
1.39800, -0.03875
1.39900, -0.00916
1.40000, 0.00344
1.40100, -0.00714
1.40200, -0.03618
1.40300, -0.07779
1.40400, -0.12477
1.40500, -0.16588
1.40600, -0.18905
1.40700, -0.18569
1.40800, -0.16730
1.40900, -0.15249
1.41000, -0.15841
1.41100, -0.18680
1.41200, -0.23019
1.41300, -0.28113
1.41400, -0.33571
1.41500, -0.39352
1.41600, -0.45433
1.41700, -0.51978
1.41800, -0.59455
1.41900, -0.68359
1.42000, -0.78523
1.42100, -0.87966
1.42200, -0.94401
1.42300, -0.96473
1.42400, -0.97296
1.42500, -1.01322
1.42600, -1.12306
1.42700, -1.27978
1.42800, -1.42981
1.42900, -1.52179
1.43000, -1.54754
1.43100, -1.53548
1.43200, -1.51482
1.43300, -1.49772
1.43400, -1.47266
1.43500, -1.42640
1.43600, -1.35437
1.43700, -1.27210
1.43800, -1.19799
1.43900, -1.14485
1.44000, -1.10303
1.44100, -1.05726
1.44200, -0.99352
1.44300, -0.90690
1.44400, -0.79648
1.44500, -0.66188
1.44600, -0.51008
1.44700, -0.35341
1.44800, -0.20422
1.44900, -0.07220
1.45000, 0.03620
1.45100, 0.11478
1.45200, 0.16730
1.45300, 0.21707
1.45400, 0.28976
1.45500, 0.39926
1.45600, 0.51968
1.45700, 0.61670
1.45800, 0.66287
1.45900, 0.67189
1.46000, 0.67275
1.46100, 0.69155
1.46200, 0.72235
1.46300, 0.73913
1.46400, 0.71642
1.46500, 0.64967
1.46600, 0.55577
1.46700, 0.45253
1.46800, 0.35318
1.46900, 0.26316
1.47000, 0.18717
1.47100, 0.12860
1.47200, 0.08706
1.47300, 0.06149
1.47400, 0.04785
1.47500, 0.02720
1.47600, -0.02406
1.47700, -0.12495
1.47800, -0.25251
1.47900, -0.36131
1.48000, -0.40798
1.48100, -0.39160
1.48200, -0.34869
1.48300, -0.31667
1.48400, -0.31186
1.48500, -0.32002
1.48600, -0.32457
1.48700, -0.31505
1.48800, -0.29592
1.48900, -0.27381
1.49000, -0.25278
1.49100, -0.22571
1.49200, -0.18260
1.49300, -0.11555
1.49400, -0.03280
1.49500, 0.05009
1.49600, 0.11806
1.49700, 0.16465
1.49800, 0.18992
1.49900, 0.19421
1.50000, 0.18254
1.50100, 0.16576
1.50200, 0.15505
1.50300, 0.15536
1.50400, 0.15884
1.50500, 0.15606
1.50600, 0.13773
1.50700, 0.09515
1.50800, 0.01974
1.50900, -0.09259
1.51000, -0.21770
1.51100, -0.32052
1.51200, -0.36895
1.51300, -0.36656
1.51400, -0.34013
1.51500, -0.31652
1.51600, -0.31425
1.51700, -0.34288
1.51800, -0.41139
1.51900, -0.51607
1.52000, -0.63076
1.52100, -0.72708
1.52200, -0.78639
1.52300, -0.81939
1.52400, -0.84226
1.52500, -0.86799
1.52600, -0.89282
1.52700, -0.90752
1.52800, -0.90416
1.52900, -0.88749
1.53000, -0.86932
1.53100, -0.86077
1.53200, -0.85802
1.53300, -0.84346
1.53400, -0.79924
1.53500, -0.72257
1.53600, -0.63341
1.53700, -0.55357
1.53800, -0.49911
1.53900, -0.47146
1.54000, -0.46979
1.54100, -0.48740
1.54200, -0.49171
1.54300, -0.44300
1.54400, -0.30856
1.54500, -0.11168
1.54600, 0.09772
1.54700, 0.27122
1.54800, 0.38708
1.54900, 0.44460
1.55000, 0.44426
1.55100, 0.40875
1.55200, 0.38955
1.55300, 0.43988
1.55400, 0.57996
1.55500, 0.75888
1.55600, 0.91650
1.55700, 1.00755
1.55800, 1.04213
1.55900, 1.04319
1.56000, 1.03217
1.56100, 1.02040
1.56200, 1.01507
1.56300, 1.02251
1.56400, 1.03801
1.56500, 1.04937
1.56600, 1.04450
1.56700, 1.01789
1.56800, 0.97142
1.56900, 0.90742
1.57000, 0.83524
1.57100, 0.77714
1.57200, 0.75675
1.57300, 0.78484
1.57400, 0.83183
1.57500, 0.86022
1.57600, 0.83972
1.57700, 0.77973
1.57800, 0.70324
1.57900, 0.63171
1.58000, 0.57049
1.58100, 0.51555
1.58200, 0.46255
1.58300, 0.40218
1.58400, 0.32038
1.58500, 0.20323
1.58600, 0.05592
1.58700, -0.08632
1.58800, -0.18565
1.58900, -0.22228
1.59000, -0.22431
1.59100, -0.22769
1.59200, -0.26118
1.59300, -0.32028
1.59400, -0.39085
1.59500, -0.46017
1.59600, -0.52762
1.59700, -0.59858
1.59800, -0.67796
1.59900, -0.76234
1.60000, -0.84144
1.60100, -0.90492
1.60200, -0.94918
1.60300, -0.97969
1.60400, -1.00256
1.60500, -1.02133
1.60600, -1.03376
1.60700, -1.03685
1.60800, -1.02950
1.60900, -1.01822
1.61000, -1.01134
1.61100, -1.01511
1.61200, -1.02138
1.61300, -1.01586
1.61400, -0.98570
1.61500, -0.93746
1.61600, -0.89142
1.61700, -0.86757
1.61800, -0.86741
1.61900, -0.87105
1.62000, -0.85746
1.62100, -0.81714
1.62200, -0.76260
1.62300, -0.70886
1.62400, -0.66442
1.62500, -0.61632
1.62600, -0.54721
1.62700, -0.44415
1.62800, -0.31955
1.62900, -0.19498
1.63000, -0.09022
1.63100, -0.00589
1.63200, 0.06900
1.63300, 0.14550
1.63400, 0.23102
1.63500, 0.32946
1.63600, 0.44441
1.63700, 0.57092
1.63800, 0.69001
1.63900, 0.78142
1.64000, 0.84084
1.64100, 0.90813
1.64200, 1.03075
1.64300, 1.23979
1.64400, 1.48667
1.64500, 1.69863
1.64600, 1.81151
1.64700, 1.83665
1.64800, 1.82461
1.64900, 1.82464
1.65000, 1.85630
1.65100, 1.91370
1.65200, 1.99004
1.65300, 2.07530
1.65400, 2.15489
1.65500, 2.21389
1.65600, 2.23533
1.65700, 2.19745
1.65800, 2.07781
1.65900, 1.86736
1.66000, 1.61179
1.66100, 1.37078
1.66200, 1.19640
1.66300, 1.08530
1.66400, 1.00959
1.66500, 0.94202
1.66600, 0.86590
1.66700, 0.77236
1.66800, 0.65289
1.66900, 0.50560
1.67000, 0.33660
1.67100, 0.15250
1.67200, -0.03268
1.67300, -0.19016
1.67400, -0.28940
1.67500, -0.31626
1.67600, -0.31303
1.67700, -0.33411
1.67800, -0.42223
1.67900, -0.54926
1.68000, -0.66039
1.68100, -0.70556
1.68200, -0.68901
1.68300, -0.64934
1.68400, -0.62464
1.68500, -0.62672
1.68600, -0.64006
1.68700, -0.64796
1.68800, -0.64005
1.68900, -0.61686
1.69000, -0.57998
1.69100, -0.53200
1.69200, -0.47837
1.69300, -0.42508
1.69400, -0.37714
1.69500, -0.33464
1.69600, -0.29613
1.69700, -0.26056
1.69800, -0.23096
1.69900, -0.21254
1.70000, -0.20995
1.70100, -0.21655
1.70200, -0.21556
1.70300, -0.19006
1.70400, -0.13323
1.70500, -0.05305
1.70600, 0.04130
1.70700, 0.13943
1.70800, 0.22796
1.70900, 0.29307
1.71000, 0.32555
1.71100, 0.33610
1.71200, 0.34072
1.71300, 0.35396
1.71400, 0.37895
1.71500, 0.41362
1.71600, 0.45584
1.71700, 0.50376
1.71800, 0.55573
1.71900, 0.61004
1.72000, 0.66294
1.72100, 0.70814
1.72200, 0.73919
1.72300, 0.75341
1.72400, 0.75594
1.72500, 0.75291
1.72600, 0.74968
1.72700, 0.74876
1.72800, 0.75205
1.72900, 0.76020
1.73000, 0.76617
1.73100, 0.75984
1.73200, 0.73250
1.73300, 0.69196
1.73400, 0.65699
1.73500, 0.64575
1.73600, 0.65539
1.73700, 0.66026
1.73800, 0.63377
1.73900, 0.56624
1.74000, 0.47815
1.74100, 0.39308
1.74200, 0.32913
1.74300, 0.28756
1.74400, 0.26648
1.74500, 0.26267
1.74600, 0.26570
1.74700, 0.26276
1.74800, 0.24265
1.74900, 0.20977
1.75000, 0.17736
1.75100, 0.15815
1.75200, 0.15231
1.75300, 0.14838
1.75400, 0.13456
1.75500, 0.10738
1.75600, 0.07602
1.75700, 0.05075
1.75800, 0.03889
1.75900, 0.04015
1.76000, 0.05305
1.76100, 0.07487
1.76200, 0.09737
1.76300, 0.11075
1.76400, 0.10725
1.76500, 0.09576
1.76600, 0.09314
1.76700, 0.11518
1.76800, 0.15938
1.76900, 0.20861
1.77000, 0.24557
1.77100, 0.26358
1.77200, 0.26985
1.77300, 0.27253
1.77400, 0.27564
1.77500, 0.27416
1.77600, 0.26188
1.77700, 0.23549
1.77800, 0.20253
1.77900, 0.17313
1.78000, 0.15608
1.78100, 0.15108
1.78200, 0.15413
1.78300, 0.16109
1.78400, 0.16643
1.78500, 0.16367
1.78600, 0.14653
1.78700, 0.11557
1.78800, 0.07906
1.78900, 0.04567
1.79000, 0.02013
1.79100, -0.00006
1.79200, -0.01821
1.79300, -0.03599
1.79400, -0.04990
1.79500, -0.05541
1.79600, -0.04927
1.79700, -0.03547
1.79800, -0.02054
1.79900, -0.01041
1.80000, -0.00496
1.80100, -0.00051
1.80200, 0.00666
1.80300, 0.01971
1.80400, 0.04123
1.80500, 0.07376
1.80600, 0.11600
1.80700, 0.16056
1.80800, 0.19953
1.80900, 0.22727
1.81000, 0.24436
1.81100, 0.25243
1.81200, 0.25452
1.81300, 0.26048
1.81400, 0.28217
1.81500, 0.32908
1.81600, 0.39083
1.81700, 0.44699
1.81800, 0.47842
1.81900, 0.48908
1.82000, 0.50224
1.82100, 0.54136
1.82200, 0.61312
1.82300, 0.70130
1.82400, 0.78801
1.82500, 0.86060
1.82600, 0.91834
1.82700, 0.96214
1.82800, 0.99322
1.82900, 1.01397
1.83000, 1.02710
1.83100, 1.03418
1.83200, 1.02895
1.83300, 1.00174
1.83400, 0.94443
1.83500, 0.86908
1.83600, 0.80234
1.83700, 0.77036
1.83800, 0.77515
1.83900, 0.79028
1.84000, 0.78781
1.84100, 0.75339
1.84200, 0.69902
1.84300, 0.63973
1.84400, 0.58640
1.84500, 0.53600
1.84600, 0.48265
1.84700, 0.42210
1.84800, 0.35995
1.84900, 0.30534
1.85000, 0.26623
1.85100, 0.23756
1.85200, 0.20625
1.85300, 0.15982
1.85400, 0.10301
1.85500, 0.05797
1.85600, 0.04735
1.85700, 0.07325
1.85800, 0.10373
1.85900, 0.10361
1.86000, 0.05429
1.86100, -0.01631
1.86200, -0.07214
1.86300, -0.08581
1.86400, -0.07261
1.86500, -0.06099
1.86600, -0.07637
1.86700, -0.11731
1.86800, -0.16821
1.86900, -0.21390
1.87000, -0.24869
1.87100, -0.27518
1.87200, -0.29628
1.87300, -0.31572
1.87400, -0.33847
1.87500, -0.36955
1.87600, -0.41070
1.87700, -0.45579
1.87800, -0.49752
1.87900, -0.53072
1.88000, -0.55890
1.88100, -0.58781
1.88200, -0.62260
1.88300, -0.66383
1.88400, -0.70998
1.88500, -0.75932
1.88600, -0.80727
1.88700, -0.84705
1.88800, -0.87206
1.88900, -0.88175
1.89000, -0.88302
1.89100, -0.88318
1.89200, -0.88039
1.89300, -0.85423
1.89400, -0.78205
1.89500, -0.65580
1.89600, -0.51843
1.89700, -0.42397
1.89800, -0.41520
1.89900, -0.46519
1.90000, -0.52046
1.90100, -0.53086
1.90200, -0.48533
1.90300, -0.39788
1.90400, -0.28301
1.90500, -0.15723
1.90600, -0.03915
1.90700, 0.05263
1.90800, 0.10917
1.90900, 0.13823
1.91000, 0.14929
1.91100, 0.15119
1.91200, 0.15103
1.91300, 0.15558
1.91400, 0.17037
1.91500, 0.19438
1.91600, 0.22449
1.91700, 0.25696
1.91800, 0.28191
1.91900, 0.28612
1.92000, 0.25719
1.92100, 0.19936
1.92200, 0.13190
1.92300, 0.07445
1.92400, 0.03589
1.92500, 0.00912
1.92600, -0.01427
1.92700, -0.03950
1.92800, -0.06394
1.92900, -0.08373
1.93000, -0.09624
1.93100, -0.10406
1.93200, -0.11120
1.93300, -0.12090
1.93400, -0.13033
1.93500, -0.13384
1.93600, -0.12626
1.93700, -0.11006
1.93800, -0.09368
1.93900, -0.08556
1.94000, -0.08900
1.94100, -0.10065
1.94200, -0.11675
1.94300, -0.13268
1.94400, -0.14208
1.94500, -0.13834
1.94600, -0.11852
1.94700, -0.09312
1.94800, -0.07569
1.94900, -0.07617
1.95000, -0.08123
1.95100, -0.06820
1.95200, -0.01658
1.95300, 0.06757
1.95400, 0.16046
1.95500, 0.23826
1.95600, 0.28591
1.95700, 0.29790
1.95800, 0.26941
1.95900, 0.21143
1.96000, 0.16361
1.96100, 0.16858
1.96200, 0.24855
1.96300, 0.36263
1.96400, 0.45785
1.96500, 0.49126
1.96600, 0.47422
1.96700, 0.43643
1.96800, 0.40541
1.96900, 0.38689
1.97000, 0.37416
1.97100, 0.36062
1.97200, 0.34548
1.97300, 0.33346
1.97400, 0.32951
1.97500, 0.33902
1.97600, 0.36807
1.97700, 0.42279
1.97800, 0.50135
1.97900, 0.58112
1.98000, 0.63614
1.98100, 0.65090
1.98200, 0.65738
1.98300, 0.70108
1.98400, 0.81909
1.98500, 0.97949
1.98600, 1.11660
1.98700, 1.16886
1.98800, 1.14575
1.98900, 1.11439
1.99000, 1.14243
1.99100, 1.24999
1.99200, 1.39414
1.99300, 1.52763
1.99400, 1.61826
1.99500, 1.66706
1.99600, 1.67957
1.99700, 1.66253
1.99800, 1.62752
1.99900, 1.58725
