-1.50000, -0.65193
-1.49900, -0.63632
-1.49800, -0.63281
-1.49700, -0.62798
-1.49600, -0.61339
-1.49500, -0.59487
-1.49400, -0.58077
-1.49300, -0.57606
-1.49200, -0.57874
-1.49100, -0.58597
-1.49000, -0.59497
-1.48900, -0.60304
-1.48800, -0.60758
-1.48700, -0.60816
-1.48600, -0.60677
-1.48500, -0.60530
-1.48400, -0.60148
-1.48300, -0.58959
-1.48200, -0.56461
-1.48100, -0.53063
-1.48000, -0.49732
-1.47900, -0.47326
-1.47800, -0.45791
-1.47700, -0.44663
-1.47600, -0.43574
-1.47500, -0.42672
-1.47400, -0.42272
-1.47300, -0.42593
-1.47200, -0.43494
-1.47100, -0.44749
-1.47000, -0.46192
-1.46900, -0.47811
-1.46800, -0.49621
-1.46700, -0.51502
-1.46600, -0.53077
-1.46500, -0.53946
-1.46400, -0.54052
-1.46300, -0.53827
-1.46200, -0.53712
-1.46100, -0.53519
-1.46000, -0.52383
-1.45900, -0.49488
-1.45800, -0.45243
-1.45700, -0.41018
-1.45600, -0.38088
-1.45500, -0.36493
-1.45400, -0.35551
-1.45300, -0.34656
-1.45200, -0.33779
-1.45100, -0.33134
-1.45000, -0.32886
-1.44900, -0.32937
-1.44800, -0.33113
-1.44700, -0.33255
-1.44600, -0.33264
-1.44500, -0.33052
-1.44400, -0.32544
-1.44300, -0.31685
-1.44200, -0.30426
-1.44100, -0.28830
-1.44000, -0.27162
-1.43900, -0.25707
-1.43800, -0.24652
-1.43700, -0.24052
-1.43600, -0.23928
-1.43500, -0.23783
-1.43400, -0.22598
-1.43300, -0.19423
-1.43200, -0.14561
-1.43100, -0.09248
-1.43000, -0.04659
-1.42900, -0.01226
-1.42800, 0.01030
-1.42700, 0.02166
-1.42600, 0.02742
-1.42500, 0.03518
-1.42400, 0.05118
-1.42300, 0.07559
-1.42200, 0.10681
-1.42100, 0.14217
-1.42000, 0.17541
-1.41900, 0.19958
-1.41800, 0.21139
-1.41700, 0.21625
-1.41600, 0.22070
-1.41500, 0.22825
-1.41400, 0.23709
-1.41300, 0.24491
-1.41200, 0.24905
-1.41100, 0.24646
-1.41000, 0.23433
-1.40900, 0.21582
-1.40800, 0.19966
-1.40700, 0.19400
-1.40600, 0.19645
-1.40500, 0.19731
-1.40400, 0.18795
-1.40300, 0.17045
-1.40200, 0.15236
-1.40100, 0.14007
-1.40000, 0.13290
-1.39900, 0.12749
-1.39800, 0.12103
-1.39700, 0.11300
-1.39600, 0.10351
-1.39500, 0.09325
-1.39400, 0.08487
-1.39300, 0.08133
-1.39200, 0.08292
-1.39100, 0.08414
-1.39000, 0.07872
-1.38900, 0.06456
-1.38800, 0.04611
-1.38700, 0.02841
-1.38600, 0.01568
-1.38500, 0.01121
-1.38400, 0.01796
-1.38300, 0.03393
-1.38200, 0.05274
-1.38100, 0.06819
-1.38000, 0.07778
-1.37900, 0.08150
-1.37800, 0.07941
-1.37700, 0.07204
-1.37600, 0.06017
-1.37500, 0.04478
-1.37400, 0.02808
-1.37300, 0.01273
-1.37200, 0.00189
-1.37100, 0.00086
-1.37000, 0.01544
-1.36900, 0.04676
-1.36800, 0.08271
-1.36700, 0.10888
-1.36600, 0.11886
-1.36500, 0.12258
-1.36400, 0.13183
-1.36300, 0.14996
-1.36200, 0.16758
-1.36100, 0.17450
-1.36000, 0.16844
-1.35900, 0.15591
-1.35800, 0.14368
-1.35700, 0.13468
-1.35600, 0.12869
-1.35500, 0.12540
-1.35400, 0.12471
-1.35300, 0.12665
-1.35200, 0.13079
-1.35100, 0.13318
-1.35000, 0.12833
-1.34900, 0.11274
-1.34800, 0.09357
-1.34700, 0.08139
-1.34600, 0.08341
-1.34500, 0.09429
-1.34400, 0.10579
-1.34300, 0.11297
-1.34200, 0.11962
-1.34100, 0.13095
-1.34000, 0.15013
-1.33900, 0.17638
-1.33800, 0.20853
-1.33700, 0.24569
-1.33600, 0.28740
-1.33500, 0.33311
-1.33400, 0.37843
-1.33300, 0.41498
-1.33200, 0.43467
-1.33100, 0.43733
-1.33000, 0.42897
-1.32900, 0.41545
-1.32800, 0.39962
-1.32700, 0.38258
-1.32600, 0.36541
-1.32500, 0.34908
-1.32400, 0.33452
-1.32300, 0.32263
-1.32200, 0.31437
-1.32100, 0.31067
-1.32000, 0.31140
-1.31900, 0.31267
-1.31800, 0.30979
-1.31700, 0.29946
-1.31600, 0.28182
-1.31500, 0.25759
-1.31400, 0.22979
-1.31300, 0.20571
-1.31200, 0.19288
-1.31100, 0.19219
-1.31000, 0.19559
-1.30900, 0.19483
-1.30800, 0.19050
-1.30700, 0.19198
-1.30600, 0.20811
-1.30500, 0.23518
-1.30400, 0.26021
-1.30300, 0.27145
-1.30200, 0.27033
-1.30100, 0.26543
-1.30000, 0.26411
-1.29900, 0.26539
-1.29800, 0.26501
-1.29700, 0.25972
-1.29600, 0.25092
-1.29500, 0.24131
-1.29400, 0.23287
-1.29300, 0.22524
-1.29200, 0.21759
-1.29100, 0.20948
-1.29000, 0.20141
-1.28900, 0.19404
-1.28800, 0.18919
-1.28700, 0.19069
-1.28600, 0.20243
-1.28500, 0.22441
-1.28400, 0.25167
-1.28300, 0.27907
-1.28200, 0.30403
-1.28100, 0.32632
-1.28000, 0.34582
-1.27900, 0.36253
-1.27800, 0.37648
-1.27700, 0.38773
-1.27600, 0.39624
-1.27500, 0.40189
-1.27400, 0.40464
-1.27300, 0.40472
-1.27200, 0.40248
-1.27100, 0.39799
-1.27000, 0.39028
-1.26900, 0.37811
-1.26800, 0.36151
-1.26700, 0.34443
-1.26600, 0.33152
-1.26500, 0.32435
-1.26400, 0.31782
-1.26300, 0.30603
-1.26200, 0.28809
-1.26100, 0.27110
-1.26000, 0.26267
-1.25900, 0.26338
-1.25800, 0.26558
-1.25700, 0.26157
-1.25600, 0.25165
-1.25500, 0.24317
-1.25400, 0.24310
-1.25300, 0.25118
-1.25200, 0.26246
-1.25100, 0.27237
-1.25000, 0.28021
-1.24900, 0.28708
-1.24800, 0.29402
-1.24700, 0.30174
-1.24600, 0.31078
-1.24500, 0.32106
-1.24400, 0.32984
-1.24300, 0.33375
-1.24200, 0.33055
-1.24100, 0.32118
-1.24000, 0.30714
-1.23900, 0.29041
-1.23800, 0.27399
-1.23700, 0.26093
-1.23600, 0.25218
-1.23500, 0.24554
-1.23400, 0.23862
-1.23300, 0.23058
-1.23200, 0.22236
-1.23100, 0.21490
-1.23000, 0.20775
-1.22900, 0.19930
-1.22800, 0.18830
-1.22700, 0.17768
-1.22600, 0.17296
-1.22500, 0.17842
-1.22400, 0.18912
-1.22300, 0.19601
-1.22200, 0.19217
-1.22100, 0.18188
-1.22000, 0.17305
-1.21900, 0.17014
-1.21800, 0.16496
-1.21700, 0.14644
-1.21600, 0.10958
-1.21500, 0.06535
-1.21400, 0.02726
-1.21300, 0.00351
-1.21200, -0.00790
-1.21100, -0.01008
-1.21000, -0.00532
-1.20900, 0.00530
-1.20800, 0.02072
-1.20700, 0.03833
-1.20600, 0.05389
-1.20500, 0.06328
-1.20400, 0.06528
-1.20300, 0.06091
-1.20200, 0.05187
-1.20100, 0.04602
-1.20000, 0.05471
-1.19900, 0.08715
-1.19800, 0.13731
-1.19700, 0.19278
-1.19600, 0.24261
-1.19500, 0.28291
-1.19400, 0.31192
-1.19300, 0.32978
-1.19200, 0.34311
-1.19100, 0.35991
-1.19000, 0.38268
-1.18900, 0.40031
-1.18800, 0.39973
-1.18700, 0.37766
-1.18600, 0.34828
-1.18500, 0.32733
-1.18400, 0.31955
-1.18300, 0.31506
-1.18200, 0.30347
-1.18100, 0.28458
-1.18000, 0.26827
-1.17900, 0.26414
-1.17800, 0.27202
-1.17700, 0.28461
-1.17600, 0.29510
-1.17500, 0.30264
-1.17400, 0.30957
-1.17300, 0.31728
-1.17200, 0.32051
-1.17100, 0.31145
-1.17000, 0.28516
-1.16900, 0.24974
-1.16800, 0.21695
-1.16700, 0.19511
-1.16600, 0.18153
-1.16500, 0.17132
-1.16400, 0.15995
-1.16300, 0.14364
-1.16200, 0.11879
-1.16100, 0.08794
-1.16000, 0.06394
-1.15900, 0.06033
-1.15800, 0.07980
-1.15700, 0.11153
-1.15600, 0.14408
-1.15500, 0.17112
-1.15400, 0.19103
-1.15300, 0.20243
-1.15200, 0.20494
-1.15100, 0.19887
-1.15000, 0.18493
-1.14900, 0.16729
-1.14800, 0.15183
-1.14700, 0.14305
-1.14600, 0.13723
-1.14500, 0.12759
-1.14400, 0.10997
-1.14300, 0.09126
-1.14200, 0.08119
-1.14100, 0.08533
-1.14000, 0.09664
-1.13900, 0.10573
-1.13800, 0.10573
-1.13700, 0.09511
-1.13600, 0.07309
-1.13500, 0.04172
-1.13400, 0.00759
-1.13300, -0.02239
-1.13200, -0.04374
-1.13100, -0.05479
-1.13000, -0.05428
-1.12900, -0.04544
-1.12800, -0.03543
-1.12700, -0.03090
-1.12600, -0.03168
-1.12500, -0.03313
-1.12400, -0.03139
-1.12300, -0.02915
-1.12200, -0.03220
-1.12100, -0.04482
-1.12000, -0.06280
-1.11900, -0.07901
-1.11800, -0.08751
-1.11700, -0.08698
-1.11600, -0.07725
-1.11500, -0.06001
-1.11400, -0.04220
-1.11300, -0.03163
-1.11200, -0.02940
-1.11100, -0.02311
-1.11000, 0.00108
-1.10900, 0.04634
-1.10800, 0.09996
-1.10700, 0.14812
-1.10600, 0.18163
-1.10500, 0.19643
-1.10400, 0.18922
-1.10300, 0.16503
-1.10200, 0.13565
-1.10100, 0.11193
-1.10000, 0.09181
-1.09900, 0.06540
-1.09800, 0.02453
-1.09700, -0.02591
-1.09600, -0.07521
-1.09500, -0.11456
-1.09400, -0.14516
-1.09300, -0.17138
-1.09200, -0.19661
-1.09100, -0.22061
-1.09000, -0.24231
-1.08900, -0.26088
-1.08800, -0.27611
-1.08700, -0.28792
-1.08600, -0.29671
-1.08500, -0.30384
-1.08400, -0.31076
-1.08300, -0.31832
-1.08200, -0.32656
-1.08100, -0.33541
-1.08000, -0.34420
-1.07900, -0.35166
-1.07800, -0.35647
-1.07700, -0.35786
-1.07600, -0.35542
-1.07500, -0.34899
-1.07400, -0.34029
-1.07300, -0.33218
-1.07200, -0.32730
-1.07100, -0.32667
-1.07000, -0.33065
-1.06900, -0.33896
-1.06800, -0.34822
-1.06700, -0.35413
-1.06600, -0.35315
-1.06500, -0.34443
-1.06400, -0.32767
-1.06300, -0.30409
-1.06200, -0.27865
-1.06100, -0.25678
-1.06000, -0.23863
-1.05900, -0.21491
-1.05800, -0.17565
-1.05700, -0.12267
-1.05600, -0.07332
-1.05500, -0.04534
-1.05400, -0.04180
-1.05300, -0.05140
-1.05200, -0.06276
-1.05100, -0.07134
-1.05000, -0.07759
-1.04900, -0.08190
-1.04800, -0.08327
-1.04700, -0.07994
-1.04600, -0.07097
-1.04500, -0.06081
-1.04400, -0.05599
-1.04300, -0.06099
-1.04200, -0.07117
-1.04100, -0.07931
-1.04000, -0.08196
-1.03900, -0.08762
-1.03800, -0.10711
-1.03700, -0.14457
-1.03600, -0.18878
-1.03500, -0.22647
-1.03400, -0.24995
-1.03300, -0.26079
-1.03200, -0.26152
-1.03100, -0.25501
-1.03000, -0.24461
-1.02900, -0.23365
-1.02800, -0.22433
-1.02700, -0.21785
-1.02600, -0.21518
-1.02500, -0.21543
-1.02400, -0.21636
-1.02300, -0.21607
-1.02200, -0.21529
-1.02100, -0.21612
-1.02000, -0.22036
-1.01900, -0.22820
-1.01800, -0.23920
-1.01700, -0.25201
-1.01600, -0.26155
-1.01500, -0.26170
-1.01400, -0.24944
-1.01300, -0.23072
-1.01200, -0.21315
-1.01100, -0.20169
-1.01000, -0.19550
-1.00900, -0.19303
-1.00800, -0.19278
-1.00700, -0.19336
-1.00600, -0.19349
-1.00500, -0.19568
-1.00400, -0.20677
-1.00300, -0.23293
-1.00200, -0.26275
-1.00100, -0.26968
-1.00000, -0.22961
-0.99900, -0.15272
-0.99800, -0.07117
-0.99700, -0.01397
-0.99600, 0.01737
-0.99500, 0.03429
-0.99400, 0.04667
-0.99300, 0.05547
-0.99200, 0.05860
-0.99100, 0.05478
-0.99000, 0.04580
-0.98900, 0.03419
-0.98800, 0.02135
-0.98700, 0.00546
-0.98600, -0.01579
-0.98500, -0.04192
-0.98400, -0.06674
-0.98300, -0.08348
-0.98200, -0.08880
-0.98100, -0.08446
-0.98000, -0.07256
-0.97900, -0.05339
-0.97800, -0.02520
-0.97700, 0.01346
-0.97600, 0.05728
-0.97500, 0.09550
-0.97400, 0.11820
-0.97300, 0.12632
-0.97200, 0.12735
-0.97100, 0.12800
-0.97000, 0.12881
-0.96900, 0.12762
-0.96800, 0.12192
-0.96700, 0.10767
-0.96600, 0.08037
-0.96500, 0.03898
-0.96400, -0.00480
-0.96300, -0.03640
-0.96200, -0.04690
-0.96100, -0.04196
-0.96000, -0.02958
-0.95900, -0.01692
-0.95800, -0.00960
-0.95700, -0.01295
-0.95600, -0.02740
-0.95500, -0.04657
-0.95400, -0.06372
-0.95300, -0.07494
-0.95200, -0.07928
-0.95100, -0.07613
-0.95000, -0.06766
-0.94900, -0.05824
-0.94800, -0.05167
-0.94700, -0.04592
-0.94600, -0.03567
-0.94500, -0.01714
-0.94400, 0.00277
-0.94300, 0.01273
-0.94200, 0.00459
-0.94100, -0.01476
-0.94000, -0.03396
-0.93900, -0.04495
-0.93800, -0.05090
-0.93700, -0.05736
-0.93600, -0.06706
-0.93500, -0.07592
-0.93400, -0.07891
-0.93300, -0.07577
-0.93200, -0.07473
-0.93100, -0.08469
-0.93000, -0.10734
-0.92900, -0.13493
-0.92800, -0.15928
-0.92700, -0.17709
-0.92600, -0.18976
-0.92500, -0.19869
-0.92400, -0.20229
-0.92300, -0.19689
-0.92200, -0.17949
-0.92100, -0.15404
-0.92000, -0.12816
-0.91900, -0.10830
-0.91800, -0.09339
-0.91700, -0.07943
-0.91600, -0.06341
-0.91500, -0.04674
-0.91400, -0.03204
-0.91300, -0.02124
-0.91200, -0.01397
-0.91100, -0.00946
-0.91000, -0.00728
-0.90900, -0.00786
-0.90800, -0.01172
-0.90700, -0.01872
-0.90600, -0.02760
-0.90500, -0.03702
-0.90400, -0.04585
-0.90300, -0.05326
-0.90200, -0.05843
-0.90100, -0.06039
-0.90000, -0.05805
-0.89900, -0.05059
-0.89800, -0.04076
-0.89700, -0.03375
-0.89600, -0.03422
-0.89500, -0.04194
-0.89400, -0.05427
-0.89300, -0.06881
-0.89200, -0.08470
-0.89100, -0.10165
-0.89000, -0.11910
-0.88900, -0.13546
-0.88800, -0.14887
-0.88700, -0.15832
-0.88600, -0.16539
-0.88500, -0.17213
-0.88400, -0.17979
-0.88300, -0.18801
-0.88200, -0.19619
-0.88100, -0.20408
-0.88000, -0.21196
-0.87900, -0.22011
-0.87800, -0.22841
-0.87700, -0.23623
-0.87600, -0.24299
-0.87500, -0.24966
-0.87400, -0.25850
-0.87300, -0.27159
-0.87200, -0.28796
-0.87100, -0.30474
-0.87000, -0.31909
-0.86900, -0.32863
-0.86800, -0.33125
-0.86700, -0.32576
-0.86600, -0.31613
-0.86500, -0.30806
-0.86400, -0.30467
-0.86300, -0.29911
-0.86200, -0.28212
-0.86100, -0.25136
-0.86000, -0.22347
-0.85900, -0.21827
-0.85800, -0.24361
-0.85700, -0.28347
-0.85600, -0.31917
-0.85500, -0.34082
-0.85400, -0.35142
-0.85300, -0.35502
-0.85200, -0.35500
-0.85100, -0.35403
-0.85000, -0.35473
-0.84900, -0.35971
-0.84800, -0.37152
-0.84700, -0.39219
-0.84600, -0.41802
-0.84500, -0.44189
-0.84400, -0.45806
-0.84300, -0.47097
-0.84200, -0.48954
-0.84100, -0.52004
-0.84000, -0.55530
-0.83900, -0.58395
-0.83800, -0.59606
-0.83700, -0.58706
-0.83600, -0.55358
-0.83500, -0.49792
-0.83400, -0.43694
-0.83300, -0.38975
-0.83200, -0.36585
-0.83100, -0.35676
-0.83000, -0.35212
-0.82900, -0.34564
-0.82800, -0.33666
-0.82700, -0.32506
-0.82600, -0.31354
-0.82500, -0.30764
-0.82400, -0.31288
-0.82300, -0.33185
-0.82200, -0.36494
-0.82100, -0.41133
-0.82000, -0.45894
-0.81900, -0.48937
-0.81800, -0.48749
-0.81700, -0.46046
-0.81600, -0.42463
-0.81500, -0.39386
-0.81400, -0.37041
-0.81300, -0.35310
-0.81200, -0.33981
-0.81100, -0.32529
-0.81000, -0.30364
-0.80900, -0.27406
-0.80800, -0.24817
-0.80700, -0.23927
-0.80600, -0.25157
-0.80500, -0.27326
-0.80400, -0.29113
-0.80300, -0.29999
-0.80200, -0.30516
-0.80100, -0.31237
-0.80000, -0.32210
-0.79900, -0.32972
-0.79800, -0.33068
-0.79700, -0.32414
-0.79600, -0.31196
-0.79500, -0.29614
-0.79400, -0.27923
-0.79300, -0.26415
-0.79200, -0.25327
-0.79100, -0.24576
-0.79000, -0.23956
-0.78900, -0.23373
-0.78800, -0.23227
-0.78700, -0.24053
-0.78600, -0.26108
-0.78500, -0.28769
-0.78400, -0.31246
-0.78300, -0.33068
-0.78200, -0.34480
-0.78100, -0.35823
-0.78000, -0.37107
-0.77900, -0.37794
-0.77800, -0.37313
-0.77700, -0.35720
-0.77600, -0.33835
-0.77500, -0.32489
-0.77400, -0.31778
-0.77300, -0.31133
-0.77200, -0.30002
-0.77100, -0.28378
-0.77000, -0.26622
-0.76900, -0.25092
-0.76800, -0.24091
-0.76700, -0.23892
-0.76600, -0.24639
-0.76500, -0.25714
-0.76400, -0.26229
-0.76300, -0.25601
-0.76200, -0.24503
-0.76100, -0.23930
-0.76000, -0.24474
-0.75900, -0.25545
-0.75800, -0.26339
-0.75700, -0.26441
-0.75600, -0.26258
-0.75500, -0.26295
-0.75400, -0.26836
-0.75300, -0.27820
-0.75200, -0.29143
-0.75100, -0.30429
-0.75000, -0.30983
-0.74900, -0.30152
-0.74800, -0.28277
-0.74700, -0.26553
-0.74600, -0.26073
-0.74500, -0.26463
-0.74400, -0.26419
-0.74300, -0.24827
-0.74200, -0.22144
-0.74100, -0.19557
-0.74000, -0.18041
-0.73900, -0.17402
-0.73800, -0.17054
-0.73700, -0.16515
-0.73600, -0.15699
-0.73500, -0.14614
-0.73400, -0.13537
-0.73300, -0.13465
-0.73200, -0.15514
-0.73100, -0.19765
-0.73000, -0.24249
-0.72900, -0.26786
-0.72800, -0.26822
-0.72700, -0.26169
-0.72600, -0.26773
-0.72500, -0.29099
-0.72400, -0.32009
-0.72300, -0.34345
-0.72200, -0.35901
-0.72100, -0.37238
-0.72000, -0.38844
-0.71900, -0.40206
-0.71800, -0.40221
-0.71700, -0.38015
-0.71600, -0.34422
-0.71500, -0.31018
-0.71400, -0.29168
-0.71300, -0.29152
-0.71200, -0.30911
-0.71100, -0.34147
-0.71000, -0.37707
-0.70900, -0.40249
-0.70800, -0.41132
-0.70700, -0.41500
-0.70600, -0.42773
-0.70500, -0.45415
-0.70400, -0.48110
-0.70300, -0.49373
-0.70200, -0.48557
-0.70100, -0.46178
-0.70000, -0.42839
-0.69900, -0.39252
-0.69800, -0.36242
-0.69700, -0.34589
-0.69600, -0.34361
-0.69500, -0.35088
-0.69400, -0.36314
-0.69300, -0.37850
-0.69200, -0.39657
-0.69100, -0.41651
-0.69000, -0.43447
-0.68900, -0.44537
-0.68800, -0.44615
-0.68700, -0.44331
-0.68600, -0.44616
-0.68500, -0.46030
-0.68400, -0.47906
-0.68300, -0.49325
-0.68200, -0.49736
-0.68100, -0.49480
-0.68000, -0.49021
-0.67900, -0.48537
-0.67800, -0.47692
-0.67700, -0.46113
-0.67600, -0.43791
-0.67500, -0.41191
-0.67400, -0.38788
-0.67300, -0.36591
-0.67200, -0.34157
-0.67100, -0.31081
-0.67000, -0.27633
-0.66900, -0.24568
-0.66800, -0.22500
-0.66700, -0.20686
-0.66600, -0.17674
-0.66500, -0.12388
-0.66400, -0.06133
-0.66300, -0.01121
-0.66200, 0.01029
-0.66100, 0.01283
-0.66000, 0.01311
-0.65900, 0.02210
-0.65800, 0.03284
-0.65700, 0.03493
-0.65600, 0.02311
-0.65500, 0.00363
-0.65400, -0.01578
-0.65300, -0.03351
-0.65200, -0.05807
-0.65100, -0.09859
-0.65000, -0.15466
-0.64900, -0.21425
-0.64800, -0.26497
-0.64700, -0.30163
-0.64600, -0.32549
-0.64500, -0.33854
-0.64400, -0.34903
-0.64300, -0.36938
-0.64200, -0.40985
-0.64100, -0.46238
-0.64000, -0.50987
-0.63900, -0.53833
-0.63800, -0.55166
-0.63700, -0.56019
-0.63600, -0.57142
-0.63500, -0.58126
-0.63400, -0.58272
-0.63300, -0.57177
-0.63200, -0.55313
-0.63100, -0.53308
-0.63000, -0.51575
-0.62900, -0.50071
-0.62800, -0.48696
-0.62700, -0.47302
-0.62600, -0.45660
-0.62500, -0.43549
-0.62400, -0.41054
-0.62300, -0.38618
-0.62200, -0.36692
-0.62100, -0.35541
-0.62000, -0.35275
-0.61900, -0.35949
-0.61800, -0.37047
-0.61700, -0.37693
-0.61600, -0.37125
-0.61500, -0.35482
-0.61400, -0.33320
-0.61300, -0.31172
-0.61200, -0.29447
-0.61100, -0.28513
-0.61000, -0.28619
-0.60900, -0.29559
-0.60800, -0.31023
-0.60700, -0.32710
-0.60600, -0.34350
-0.60500, -0.35680
-0.60400, -0.36589
-0.60300, -0.37269
-0.60200, -0.37942
-0.60100, -0.38720
-0.60000, -0.39547
-0.59900, -0.40359
-0.59800, -0.41141
-0.59700, -0.41932
-0.59600, -0.42771
-0.59500, -0.43617
-0.59400, -0.44371
-0.59300, -0.44926
-0.59200, -0.45111
-0.59100, -0.44719
-0.59000, -0.43543
-0.58900, -0.41371
-0.58800, -0.37990
-0.58700, -0.33354
-0.58600, -0.28263
-0.58500, -0.23780
-0.58400, -0.20654
-0.58300, -0.18526
-0.58200, -0.16795
-0.58100, -0.15064
-0.58000, -0.13456
-0.57900, -0.12178
-0.57800, -0.11484
-0.57700, -0.11716
-0.57600, -0.13212
-0.57500, -0.15751
-0.57400, -0.18348
-0.57300, -0.19994
-0.57200, -0.20350
-0.57100, -0.19760
-0.57000, -0.18608
-0.56900, -0.17451
-0.56800, -0.16978
-0.56700, -0.17816
-0.56600, -0.20017
-0.56500, -0.23312
-0.56400, -0.27381
-0.56300, -0.31605
-0.56200, -0.35243
-0.56100, -0.37796
-0.56000, -0.39888
-0.55900, -0.42470
-0.55800, -0.46032
-0.55700, -0.49542
-0.55600, -0.51656
-0.55500, -0.51661
-0.55400, -0.50340
-0.55300, -0.48693
-0.55200, -0.47442
-0.55100, -0.46833
-0.55000, -0.47062
-0.54900, -0.48207
-0.54800, -0.50201
-0.54700, -0.52957
-0.54600, -0.56201
-0.54500, -0.59483
-0.54400, -0.62374
-0.54300, -0.64803
-0.54200, -0.66959
-0.54100, -0.68997
-0.54000, -0.70768
-0.53900, -0.71965
-0.53800, -0.72361
-0.53700, -0.72238
-0.53600, -0.72070
-0.53500, -0.72192
-0.53400, -0.72322
-0.53300, -0.72014
-0.53200, -0.71077
-0.53100, -0.70097
-0.53000, -0.69810
-0.52900, -0.70519
-0.52800, -0.71565
-0.52700, -0.72168
-0.52600, -0.72078
-0.52500, -0.71920
-0.52400, -0.72375
-0.52300, -0.73441
-0.52200, -0.74288
-0.52100, -0.74073
-0.52000, -0.72664
-0.51900, -0.70565
-0.51800, -0.68302
-0.51700, -0.66378
-0.51600, -0.65279
-0.51500, -0.65354
-0.51400, -0.65826
-0.51300, -0.65369
-0.51200, -0.62967
-0.51100, -0.59388
-0.51000, -0.56035
-0.50900, -0.54033
-0.50800, -0.53389
-0.50700, -0.53826
-0.50600, -0.54931
-0.50500, -0.55909
-0.50400, -0.55892
-0.50300, -0.54369
-0.50200, -0.51562
-0.50100, -0.47788
-0.50000, -0.43529
-0.49900, -0.39516
-0.49800, -0.36480
-0.49700, -0.34612
-0.49600, -0.33483
-0.49500, -0.32624
-0.49400, -0.31490
-0.49300, -0.29463
-0.49200, -0.26051
-0.49100, -0.22159
-0.49000, -0.19563
-0.48900, -0.19744
-0.48800, -0.21818
-0.48700, -0.23822
-0.48600, -0.24218
-0.48500, -0.23759
-0.48400, -0.23956
-0.48300, -0.25837
-0.48200, -0.28617
-0.48100, -0.31080
-0.48000, -0.32561
-0.47900, -0.33875
-0.47800, -0.36077
-0.47700, -0.39477
-0.47600, -0.42932
-0.47500, -0.45146
-0.47400, -0.45628
-0.47300, -0.45044
-0.47200, -0.44137
-0.47100, -0.43301
-0.47000, -0.42554
-0.46900, -0.41890
-0.46800, -0.41204
-0.46700, -0.40313
-0.46600, -0.39053
-0.46500, -0.37467
-0.46400, -0.35722
-0.46300, -0.34032
-0.46200, -0.32917
-0.46100, -0.33033
-0.46000, -0.34803
-0.45900, -0.37508
-0.45800, -0.40074
-0.45700, -0.41778
-0.45600, -0.43128
-0.45500, -0.44901
-0.45400, -0.47448
-0.45300, -0.50038
-0.45200, -0.51778
-0.45100, -0.52052
-0.45000, -0.50754
-0.44900, -0.47843
-0.44800, -0.43745
-0.44700, -0.39516
-0.44600, -0.36227
-0.44500, -0.34257
-0.44400, -0.33287
-0.44300, -0.32970
-0.44200, -0.33001
-0.44100, -0.33102
-0.44000, -0.33032
-0.43900, -0.32908
-0.43800, -0.33038
-0.43700, -0.33667
-0.43600, -0.34577
-0.43500, -0.35369
-0.43400, -0.35720
-0.43300, -0.35672
-0.43200, -0.35372
-0.43100, -0.34898
-0.43000, -0.34112
-0.42900, -0.32830
-0.42800, -0.31076
-0.42700, -0.29372
-0.42600, -0.28306
-0.42500, -0.28099
-0.42400, -0.28348
-0.42300, -0.28593
-0.42200, -0.28624
-0.42100, -0.28552
-0.42000, -0.28506
-0.41900, -0.28517
-0.41800, -0.28528
-0.41700, -0.28486
-0.41600, -0.28434
-0.41500, -0.28480
-0.41400, -0.28702
-0.41300, -0.28873
-0.41200, -0.28612
-0.41100, -0.27667
-0.41000, -0.26588
-0.40900, -0.26221
-0.40800, -0.27173
-0.40700, -0.29000
-0.40600, -0.30977
-0.40500, -0.32607
-0.40400, -0.34092
-0.40300, -0.35768
-0.40200, -0.37862
-0.40100, -0.40358
-0.40000, -0.43213
-0.39900, -0.46339
-0.39800, -0.49591
-0.39700, -0.52812
-0.39600, -0.55698
-0.39500, -0.57773
-0.39400, -0.58573
-0.39300, -0.58077
-0.39200, -0.56655
-0.39100, -0.54706
-0.39000, -0.52785
-0.38900, -0.51556
-0.38800, -0.51573
-0.38700, -0.52513
-0.38600, -0.53628
-0.38500, -0.54326
-0.38400, -0.54916
-0.38300, -0.56024
-0.38200, -0.58070
-0.38100, -0.60652
-0.38000, -0.63161
-0.37900, -0.65150
-0.37800, -0.66630
-0.37700, -0.67696
-0.37600, -0.68483
-0.37500, -0.69214
-0.37400, -0.70116
-0.37300, -0.71160
-0.37200, -0.71929
-0.37100, -0.71983
-0.37000, -0.71281
-0.36900, -0.70231
-0.36800, -0.69230
-0.36700, -0.68086
-0.36600, -0.66112
-0.36500, -0.62708
-0.36400, -0.58398
-0.36300, -0.54402
-0.36200, -0.51784
-0.36100, -0.50331
-0.36000, -0.49256
-0.35900, -0.47964
-0.35800, -0.46905
-0.35700, -0.46873
-0.35600, -0.48198
-0.35500, -0.49476
-0.35400, -0.48896
-0.35300, -0.45545
-0.35200, -0.40898
-0.35100, -0.36824
-0.35000, -0.34430
-0.34900, -0.33351
-0.34800, -0.33050
-0.34700, -0.32854
-0.34600, -0.31903
-0.34500, -0.29360
-0.34400, -0.25340
-0.34300, -0.20970
-0.34200, -0.17411
-0.34100, -0.15595
-0.34000, -0.16273
-0.33900, -0.20003
-0.33800, -0.25459
-0.33700, -0.30214
-0.33600, -0.32193
-0.33500, -0.31885
-0.33400, -0.30868
-0.33300, -0.30526
-0.33200, -0.31272
-0.33100, -0.33221
-0.33000, -0.36186
-0.32900, -0.38927
-0.32800, -0.39976
-0.32700, -0.38696
-0.32600, -0.36527
-0.32500, -0.35221
-0.32400, -0.35618
-0.32300, -0.36897
-0.32200, -0.38070
-0.32100, -0.38529
-0.32000, -0.38182
-0.31900, -0.36988
-0.31800, -0.35243
-0.31700, -0.33584
-0.31600, -0.32625
-0.31500, -0.32486
-0.31400, -0.32920
-0.31300, -0.33677
-0.31200, -0.34537
-0.31100, -0.35298
-0.31000, -0.35772
-0.30900, -0.35843
-0.30800, -0.35428
-0.30700, -0.34532
-0.30600, -0.33576
-0.30500, -0.33098
-0.30400, -0.33457
-0.30300, -0.34416
-0.30200, -0.35618
-0.30100, -0.36734
-0.30000, -0.37499
-0.29900, -0.37659
-0.29800, -0.37130
-0.29700, -0.36122
-0.29600, -0.34865
-0.29500, -0.33444
-0.29400, -0.31750
-0.29300, -0.29673
-0.29200, -0.27280
-0.29100, -0.24806
-0.29000, -0.22498
-0.28900, -0.20627
-0.28800, -0.19488
-0.28700, -0.19334
-0.28600, -0.20071
-0.28500, -0.21428
-0.28400, -0.23123
-0.28300, -0.24830
-0.28200, -0.26205
-0.28100, -0.27036
-0.28000, -0.27678
-0.27900, -0.28635
-0.27800, -0.30186
-0.27700, -0.31931
-0.27600, -0.33343
-0.27500, -0.34178
-0.27400, -0.34824
-0.27300, -0.35745
-0.27200, -0.36953
-0.27100, -0.37733
-0.27000, -0.37329
-0.26900, -0.35731
-0.26800, -0.33821
-0.26700, -0.32490
-0.26600, -0.31815
-0.26500, -0.31153
-0.26400, -0.29897
-0.26300, -0.28160
-0.26200, -0.26524
-0.26100, -0.25534
-0.26000, -0.25383
-0.25900, -0.26094
-0.25800, -0.27606
-0.25700, -0.29404
-0.25600, -0.30814
-0.25500, -0.31339
-0.25400, -0.31192
-0.25300, -0.30761
-0.25200, -0.30142
-0.25100, -0.28602
-0.25000, -0.25264
-0.24900, -0.20118
-0.24800, -0.14938
-0.24700, -0.11691
-0.24600, -0.10863
-0.24500, -0.10693
-0.24400, -0.09294
-0.24300, -0.06465
-0.24200, -0.03891
-0.24100, -0.03267
-0.24000, -0.04731
-0.23900, -0.07130
-0.23800, -0.09310
-0.23700, -0.10555
-0.23600, -0.10419
-0.23500, -0.08556
-0.23400, -0.05318
-0.23300, -0.01378
-0.23200, 0.02600
-0.23100, 0.05993
-0.23000, 0.08188
-0.22900, 0.08833
-0.22800, 0.08534
-0.22700, 0.08119
-0.22600, 0.08112
-0.22500, 0.08230
-0.22400, 0.08061
-0.22300, 0.07405
-0.22200, 0.06475
-0.22100, 0.05527
-0.22000, 0.04697
-0.21900, 0.03946
-0.21800, 0.03231
-0.21700, 0.02779
-0.21600, 0.03098
-0.21500, 0.04681
-0.21400, 0.07570
-0.21300, 0.11455
-0.21200, 0.15979
-0.21100, 0.20404
-0.21000, 0.23777
-0.20900, 0.25345
-0.20800, 0.25794
-0.20700, 0.26411
-0.20600, 0.28132
-0.20500, 0.30137
-0.20400, 0.31074
-0.20300, 0.29981
-0.20200, 0.27250
-0.20100, 0.23566
-0.20000, 0.19521
-0.19900, 0.15479
-0.19800, 0.11767
-0.19700, 0.08701
-0.19600, 0.06573
-0.19500, 0.05665
-0.19400, 0.05760
-0.19300, 0.05985
-0.19200, 0.05452
-0.19100, 0.03966
-0.19000, 0.02028
-0.18900, 0.00145
-0.18800, -0.01497
-0.18700, -0.02944
-0.18600, -0.04265
-0.18500, -0.05691
-0.18400, -0.07543
-0.18300, -0.10090
-0.18200, -0.13272
-0.18100, -0.16899
-0.18000, -0.20705
-0.17900, -0.24086
-0.17800, -0.26336
-0.17700, -0.27044
-0.17600, -0.26735
-0.17500, -0.26124
-0.17400, -0.25609
-0.17300, -0.24851
-0.17200, -0.23414
-0.17100, -0.21382
-0.17000, -0.19725
-0.16900, -0.19478
-0.16800, -0.20835
-0.16700, -0.22942
-0.16600, -0.24919
-0.16500, -0.26801
-0.16400, -0.29476
-0.16300, -0.33755
-0.16200, -0.39027
-0.16100, -0.43693
-0.16000, -0.46320
-0.15900, -0.47064
-0.15800, -0.46896
-0.15700, -0.46685
-0.15600, -0.46668
-0.15500, -0.46851
-0.15400, -0.47171
-0.15300, -0.47283
-0.15200, -0.46771
-0.15100, -0.45296
-0.15000, -0.42765
-0.14900, -0.39133
-0.14800, -0.34540
-0.14700, -0.29541
-0.14600, -0.24743
-0.14500, -0.20706
-0.14400, -0.17910
-0.14300, -0.16815
-0.14200, -0.17322
-0.14100, -0.18676
-0.14000, -0.20118
-0.13900, -0.21499
-0.13800, -0.23212
-0.13700, -0.25605
-0.13600, -0.28308
-0.13500, -0.30484
-0.13400, -0.31451
-0.13300, -0.31836
-0.13200, -0.32894
-0.13100, -0.35577
-0.13000, -0.39148
-0.12900, -0.42282
-0.12800, -0.44078
-0.12700, -0.45305
-0.12600, -0.47143
-0.12500, -0.50241
-0.12400, -0.53749
-0.12300, -0.56556
-0.12200, -0.58012
-0.12100, -0.58420
-0.12000, -0.58195
-0.11900, -0.57823
-0.11800, -0.57889
-0.11700, -0.58960
-0.11600, -0.60846
-0.11500, -0.62518
-0.11400, -0.62960
-0.11300, -0.62161
-0.11200, -0.60944
-0.11100, -0.60075
-0.11000, -0.59484
-0.10900, -0.58586
-0.10800, -0.56921
-0.10700, -0.55002
-0.10600, -0.53776
-0.10500, -0.53956
-0.10400, -0.55019
-0.10300, -0.56045
-0.10200, -0.56357
-0.10100, -0.56197
-0.10000, -0.56015
-0.09900, -0.55934
-0.09800, -0.55213
-0.09700, -0.52978
-0.09600, -0.49434
-0.09500, -0.46855
-0.09400, -0.47704
-0.09300, -0.52334
-0.09200, -0.58110
-0.09100, -0.62243
-0.09000, -0.63714
-0.08900, -0.63356
-0.08800, -0.62069
-0.08700, -0.60428
-0.08600, -0.58761
-0.08500, -0.57339
-0.08400, -0.55956
-0.08300, -0.54137
-0.08200, -0.51488
-0.08100, -0.48215
-0.08000, -0.44778
-0.07900, -0.41621
-0.07800, -0.39123
-0.07700, -0.37644
-0.07600, -0.37328
-0.07500, -0.37582
-0.07400, -0.37658
-0.07300, -0.37094
-0.07200, -0.36135
-0.07100, -0.35134
-0.07000, -0.34294
-0.06900, -0.33550
-0.06800, -0.32810
-0.06700, -0.32028
-0.06600, -0.31218
-0.06500, -0.30399
-0.06400, -0.29589
-0.06300, -0.28807
-0.06200, -0.28089
-0.06100, -0.27726
-0.06000, -0.28193
-0.05900, -0.29925
-0.05800, -0.32931
-0.05700, -0.36986
-0.05600, -0.41816
-0.05500, -0.46822
-0.05400, -0.51284
-0.05300, -0.54537
-0.05200, -0.56191
-0.05100, -0.55934
-0.05000, -0.53807
-0.04900, -0.50985
-0.04800, -0.48869
-0.04700, -0.48276
-0.04600, -0.48672
-0.04500, -0.49335
-0.04400, -0.49719
-0.04300, -0.49571
-0.04200, -0.48684
-0.04100, -0.47388
-0.04000, -0.46685
-0.03900, -0.47565
-0.03800, -0.49959
-0.03700, -0.52810
-0.03600, -0.55094
-0.03500, -0.56665
-0.03400, -0.57981
-0.03300, -0.59464
-0.03200, -0.61113
-0.03100, -0.62708
-0.03000, -0.64038
-0.02900, -0.64922
-0.02800, -0.65195
-0.02700, -0.64857
-0.02600, -0.64607
-0.02500, -0.65330
-0.02400, -0.67478
-0.02300, -0.70211
-0.02200, -0.72447
-0.02100, -0.73591
-0.02000, -0.74092
-0.01900, -0.74531
-0.01800, -0.75234
-0.01700, -0.76120
-0.01600, -0.77062
-0.01500, -0.77685
-0.01400, -0.77320
-0.01300, -0.75348
-0.01200, -0.72378
-0.01100, -0.70092
-0.01000, -0.70044
-0.00900, -0.71880
-0.00800, -0.74012
-0.00700, -0.75011
-0.00600, -0.74905
-0.00500, -0.74408
-0.00400, -0.74142
-0.00300, -0.74169
-0.00200, -0.74363
-0.00100, -0.74582
-0.00000, -0.74629
0.00100, -0.74295
0.00200, -0.73511
0.00300, -0.72604
0.00400, -0.71964
0.00500, -0.71798
0.00600, -0.71929
0.00700, -0.72138
0.00800, -0.72257
0.00900, -0.72201
0.01000, -0.71899
0.01100, -0.71564
0.01200, -0.71721
0.01300, -0.72865
0.01400, -0.74713
0.01500, -0.76340
0.01600, -0.76876
0.01700, -0.76216
0.01800, -0.74724
0.01900, -0.72740
0.02000, -0.70395
0.02100, -0.67724
0.02200, -0.64840
0.02300, -0.62247
0.02400, -0.60579
0.02500, -0.60407
0.02600, -0.62076
0.02700, -0.65880
0.02800, -0.71593
0.02900, -0.77624
0.03000, -0.82171
0.03100, -0.84589
0.03200, -0.86435
0.03300, -0.89486
0.03400, -0.94253
0.03500, -0.99465
0.03600, -1.03752
0.03700, -1.06580
0.03800, -1.08287
0.03900, -1.09275
0.04000, -1.10299
0.04100, -1.12383
0.04200, -1.16399
0.04300, -1.21620
0.04400, -1.26410
0.04500, -1.29366
0.04600, -1.30770
0.04700, -1.31609
0.04800, -1.32653
0.04900, -1.33628
0.05000, -1.33946
0.05100, -1.33178
0.05200, -1.31426
0.05300, -1.28909
0.05400, -1.26012
0.05500, -1.23535
0.05600, -1.22333
0.05700, -1.22703
0.05800, -1.23947
0.05900, -1.25271
0.06000, -1.26237
0.06100, -1.26871
0.06200, -1.27232
0.06300, -1.27345
0.06400, -1.27202
0.06500, -1.26794
0.06600, -1.26103
0.06700, -1.25106
0.06800, -1.23824
0.06900, -1.22705
0.07000, -1.22423
0.07100, -1.23486
0.07200, -1.25345
0.07300, -1.27032
0.07400, -1.27775
0.07500, -1.27661
0.07600, -1.27019
0.07700, -1.26158
0.07800, -1.25311
0.07900, -1.24699
0.08000, -1.24463
0.08100, -1.24560
0.08200, -1.24921
0.08300, -1.25522
0.08400, -1.26409
0.08500, -1.27626
0.08600, -1.28888
0.08700, -1.29506
0.08800, -1.28796
0.08900, -1.26687
0.09000, -1.23682
0.09100, -1.20291
0.09200, -1.16932
0.09300, -1.13952
0.09400, -1.11659
0.09500, -1.10028
0.09600, -1.08867
0.09700, -1.07990
0.09800, -1.07237
0.09900, -1.06463
0.10000, -1.05486
0.10100, -1.03980
0.10200, -1.01578
0.10300, -0.98225
0.10400, -0.94787
0.10500, -0.92296
0.10600, -0.91050
0.10700, -0.89759
0.10800, -0.86949
0.10900, -0.82455
0.11000, -0.78177
0.11100, -0.76146
0.11200, -0.76727
0.11300, -0.78339
0.11400, -0.79359
0.11500, -0.79376
0.11600, -0.79027
0.11700, -0.78931
0.11800, -0.79071
0.11900, -0.79024
0.12000, -0.78430
0.12100, -0.77500
0.12200, -0.76709
0.12300, -0.76508
0.12400, -0.77184
0.12500, -0.78967
0.12600, -0.81810
0.12700, -0.84573
0.12800, -0.85853
0.12900, -0.84899
0.13000, -0.82781
0.13100, -0.80878
0.13200, -0.79932
0.13300, -0.79400
0.13400, -0.78592
0.13500, -0.77182
0.13600, -0.75390
0.13700, -0.73476
0.13800, -0.71683
0.13900, -0.70234
0.14000, -0.69341
0.14100, -0.69102
0.14200, -0.69517
0.14300, -0.70605
0.14400, -0.72593
0.14500, -0.75842
0.14600, -0.80553
0.14700, -0.85795
0.14800, -0.90136
0.14900, -0.92428
0.15000, -0.93007
0.15100, -0.92682
0.15200, -0.92097
0.15300, -0.91306
0.15400, -0.90229
0.15500, -0.88968
0.15600, -0.88107
0.15700, -0.88299
0.15800, -0.89718
0.15900, -0.91627
0.16000, -0.93197
0.16100, -0.94095
0.16200, -0.94679
0.16300, -0.95347
0.16400, -0.96197
0.16500, -0.97015
0.16600, -0.97581
0.16700, -0.97755
0.16800, -0.97462
0.16900, -0.96665
0.17000, -0.95681
0.17100, -0.95031
0.17200, -0.95103
0.17300, -0.95400
0.17400, -0.95049
0.17500, -0.93397
0.17600, -0.90810
0.17700, -0.87961
0.17800, -0.85371
0.17900, -0.83045
0.18000, -0.80878
0.18100, -0.78577
0.18200, -0.75379
0.18300, -0.70464
0.18400, -0.63867
0.18500, -0.57140
0.18600, -0.51964
0.18700, -0.48964
0.18800, -0.47377
0.18900, -0.46368
0.19000, -0.45513
0.19100, -0.44798
0.19200, -0.44233
0.19300, -0.43987
0.19400, -0.44338
0.19500, -0.45513
0.19600, -0.47229
0.19700, -0.48931
0.19800, -0.50143
0.19900, -0.50898
0.20000, -0.51424
0.20100, -0.51949
0.20200, -0.52686
0.20300, -0.53844
0.20400, -0.55486
0.20500, -0.57208
0.20600, -0.58513
0.20700, -0.59061
0.20800, -0.58862
0.20900, -0.57981
0.21000, -0.56751
0.21100, -0.55958
0.21200, -0.56408
0.21300, -0.58086
0.21400, -0.59967
0.21500, -0.61010
0.21600, -0.61043
0.21700, -0.60698
0.21800, -0.60587
0.21900, -0.60718
0.22000, -0.60687
0.22100, -0.60183
0.22200, -0.59761
0.22300, -0.60404
0.22400, -0.62850
0.22500, -0.66380
0.22600, -0.69743
0.22700, -0.71986
0.22800, -0.73370
0.22900, -0.74478
0.23000, -0.75650
0.23100, -0.76515
0.23200, -0.76574
0.23300, -0.75557
0.23400, -0.73677
0.23500, -0.71212
0.23600, -0.68535
0.23700, -0.66174
0.23800, -0.64647
0.23900, -0.63921
0.24000, -0.63317
0.24100, -0.62157
0.24200, -0.60442
0.24300, -0.58761
0.24400, -0.57690
0.24500, -0.57459
0.24600, -0.58073
0.24700, -0.59487
0.24800, -0.61264
0.24900, -0.62785
0.25000, -0.63527
0.25100, -0.63500
0.25200, -0.62892
0.25300, -0.61934
0.25400, -0.61023
0.25500, -0.60597
0.25600, -0.60802
0.25700, -0.60981
0.25800, -0.60343
0.25900, -0.58659
0.26000, -0.56818
0.26100, -0.55827
0.26200, -0.55689
0.26300, -0.54936
0.26400, -0.52040
0.26500, -0.47064
0.26600, -0.41813
0.26700, -0.38093
0.26800, -0.36268
0.26900, -0.35533
0.27000, -0.35050
0.27100, -0.33988
0.27200, -0.31520
0.27300, -0.27055
0.27400, -0.21701
0.27500, -0.17311
0.27600, -0.15388
0.27700, -0.15620
0.27800, -0.17123
0.27900, -0.19065
0.28000, -0.20794
0.28100, -0.21704
0.28200, -0.21597
0.28300, -0.21334
0.28400, -0.21942
0.28500, -0.23902
0.28600, -0.26671
0.28700, -0.29600
0.28800, -0.32248
0.28900, -0.34468
0.29000, -0.36149
0.29100, -0.37514
0.29200, -0.39136
0.29300, -0.41540
0.29400, -0.44353
0.29500, -0.46513
0.29600, -0.47095
0.29700, -0.46681
0.29800, -0.46706
0.29900, -0.48354
0.30000, -0.51080
0.30100, -0.53622
0.30200, -0.55000
0.30300, -0.55566
0.30400, -0.56065
0.30500, -0.56982
0.30600, -0.57926
0.30700, -0.58322
0.30800, -0.57858
0.30900, -0.56851
0.31000, -0.55709
0.31100, -0.54730
0.31200, -0.54010
0.31300, -0.53622
0.31400, -0.53549
0.31500, -0.53657
0.31600, -0.53806
0.31700, -0.53885
0.31800, -0.53814
0.31900, -0.53513
0.32000, -0.52881
0.32100, -0.51807
0.32200, -0.50221
0.32300, -0.48445
0.32400, -0.47007
0.32500, -0.46293
0.32600, -0.45787
0.32700, -0.44624
0.32800, -0.42167
0.32900, -0.38780
0.33000, -0.35104
0.33100, -0.31769
0.33200, -0.29370
0.33300, -0.28496
0.33400, -0.29209
0.33500, -0.30392
0.33600, -0.30772
0.33700, -0.29719
0.33800, -0.27664
0.33900, -0.25137
0.34000, -0.22564
0.34100, -0.20253
0.34200, -0.18479
0.34300, -0.17077
0.34400, -0.15481
0.34500, -0.13177
0.34600, -0.10478
0.34700, -0.08253
0.34800, -0.07270
0.34900, -0.07348
0.35000, -0.07835
0.35100, -0.08090
0.35200, -0.07537
0.35300, -0.05626
0.35400, -0.02080
0.35500, 0.02251
0.35600, 0.06225
0.35700, 0.09087
0.35800, 0.11213
0.35900, 0.13181
0.36000, 0.15390
0.36100, 0.17849
0.36200, 0.20517
0.36300, 0.23211
0.36400, 0.25525
0.36500, 0.27042
0.36600, 0.27542
0.36700, 0.27031
0.36800, 0.25521
0.36900, 0.22898
0.37000, 0.18943
0.37100, 0.13517
0.37200, 0.07445
0.37300, 0.02164
0.37400, -0.01125
0.37500, -0.03097
0.37600, -0.05306
0.37700, -0.08955
0.37800, -0.13336
0.37900, -0.17102
0.38000, -0.19206
0.38100, -0.19780
0.38200, -0.19235
0.38300, -0.18086
0.38400, -0.17132
0.38500, -0.17219
0.38600, -0.18635
0.38700, -0.20567
0.38800, -0.22081
0.38900, -0.22855
0.39000, -0.23461
0.39100, -0.24524
0.39200, -0.26148
0.39300, -0.27880
0.39400, -0.29277
0.39500, -0.30528
0.39600, -0.32336
0.39700, -0.35305
0.39800, -0.38895
0.39900, -0.41876
0.40000, -0.43244
0.40100, -0.43644
0.40200, -0.44447
0.40300, -0.46663
0.40400, -0.49473
0.40500, -0.51485
0.40600, -0.51708
0.40700, -0.50586
0.40800, -0.48886
0.40900, -0.47192
0.41000, -0.45620
0.41100, -0.44211
0.41200, -0.43064
0.41300, -0.42376
0.41400, -0.42353
0.41500, -0.42992
0.41600, -0.44006
0.41700, -0.45087
0.41800, -0.46024
0.41900, -0.46692
0.42000, -0.46967
0.42100, -0.46587
0.42200, -0.45190
0.42300, -0.42496
0.42400, -0.39044
0.42500, -0.35838
0.42600, -0.33709
0.42700, -0.32331
0.42800, -0.30906
0.42900, -0.28813
0.43000, -0.26283
0.43100, -0.23797
0.43200, -0.21743
0.43300, -0.20209
0.43400, -0.19220
0.43500, -0.18792
0.43600, -0.18922
0.43700, -0.19605
0.43800, -0.20836
0.43900, -0.22613
0.44000, -0.24926
0.44100, -0.27537
0.44200, -0.29912
0.44300, -0.31518
0.44400, -0.32345
0.44500, -0.32879
0.44600, -0.33593
0.44700, -0.34495
0.44800, -0.35262
0.44900, -0.35599
0.45000, -0.35569
0.45100, -0.35414
0.45200, -0.35289
0.45300, -0.34761
0.45400, -0.33176
0.45500, -0.30165
0.45600, -0.26615
0.45700, -0.23754
0.45800, -0.22376
0.45900, -0.21914
0.46000, -0.21538
0.46100, -0.20596
0.46200, -0.18842
0.46300, -0.16090
0.46400, -0.12588
0.46500, -0.09295
0.46600, -0.07206
0.46700, -0.06430
0.46800, -0.05984
0.46900, -0.04872
0.47000, -0.03062
0.47100, -0.01399
0.47200, -0.00684
0.47300, -0.00803
0.47400, -0.01027
0.47500, -0.00701
0.47600, 0.00150
0.47700, 0.01161
0.47800, 0.02025
0.47900, 0.02774
0.48000, 0.03562
0.48100, 0.04571
0.48200, 0.06094
0.48300, 0.08454
0.48400, 0.11703
0.48500, 0.15112
0.48600, 0.17812
0.48700, 0.19282
0.48800, 0.19731
0.48900, 0.19462
0.49000, 0.18751
0.49100, 0.17832
0.49200, 0.16934
0.49300, 0.16141
0.49400, 0.15377
0.49500, 0.14562
0.49600, 0.13718
0.49700, 0.12951
0.49800, 0.12348
0.49900, 0.11726
0.50000, 0.10735
