-0.40290, 7.22357
-0.40260, 7.05270
-0.40230, 6.87406
-0.40200, 6.67994
-0.40170, 6.46264
-0.40140, 6.21447
-0.40110, 5.92772
-0.40080, 5.59495
-0.40050, 5.21546
-0.40020, 4.79591
-0.39990, 4.34334
-0.39960, 3.86478
-0.39930, 3.36724
-0.39900, 2.85776
-0.39870, 2.34390
-0.39840, 1.83590
-0.39810, 1.34482
-0.39780, 0.88172
-0.39750, 0.45767
-0.39720, 0.08374
-0.39690, -0.22917
-0.39660, -0.47626
-0.39630, -0.66101
-0.39600, -0.78750
-0.39570, -0.85980
-0.39540, -0.88198
-0.39510, -0.85810
-0.39480, -0.79289
-0.39450, -0.69522
-0.39420, -0.57561
-0.39390, -0.44457
-0.39360, -0.31264
-0.39330, -0.19032
-0.39300, -0.08810
-0.39270, -0.01314
-0.39240, 0.03297
-0.39210, 0.04917
-0.39180, 0.03439
-0.39150, -0.01243
-0.39120, -0.09233
-0.39090, -0.20522
-0.39060, -0.34124
-0.39030, -0.48566
-0.39000, -0.62371
-0.38970, -0.74065
-0.38940, -0.82170
-0.38910, -0.85213
-0.38880, -0.82009
-0.38850, -0.71983
-0.38820, -0.54639
-0.38790, -0.29480
-0.38760, 0.03992
-0.38730, 0.46273
-0.38700, 0.97654
-0.38670, 1.56126
-0.38640, 2.18247
-0.38610, 2.80551
-0.38580, 3.39576
-0.38550, 3.91856
-0.38520, 4.33930
-0.38490, 4.63368
-0.38460, 4.80487
-0.38430, 4.86056
-0.38400, 4.80845
-0.38370, 4.65624
-0.38340, 4.41161
-0.38310, 4.08213
-0.38280, 3.67329
-0.38250, 3.18901
-0.38220, 2.63316
-0.38190, 2.00960
-0.38160, 1.32220
-0.38130, 0.57482
-0.38100, -0.22471
-0.38070, -1.05518
-0.38040, -1.89253
-0.38010, -2.71270
-0.37980, -3.49166
-0.37950, -4.20534
-0.37920, -4.83071
-0.37890, -5.36694
-0.37860, -5.83454
-0.37830, -6.25490
-0.37800, -6.64941
-0.37770, -7.03947
-0.37740, -7.44644
-0.37710, -7.88626
-0.37680, -8.35107
-0.37650, -8.82659
-0.37620, -9.29853
-0.37590, -9.75260
-0.37560, -10.17450
-0.37530, -10.55022
-0.37500, -10.87378
-0.37470, -11.14892
-0.37440, -11.37991
-0.37410, -11.57105
-0.37380, -11.72662
-0.37350, -11.85091
-0.37320, -11.94736
-0.37290, -12.01474
-0.37260, -12.05018
-0.37230, -12.05084
-0.37200, -12.01386
-0.37170, -11.93637
-0.37140, -11.81558
-0.37110, -11.65253
-0.37080, -11.45389
-0.37050, -11.22682
-0.37020, -10.97847
-0.36990, -10.71597
-0.36960, -10.44649
-0.36930, -10.17703
-0.36900, -9.91375
-0.36870, -9.66238
-0.36840, -9.42866
-0.36810, -9.21836
-0.36780, -9.03720
-0.36750, -8.89088
-0.36720, -8.77850
-0.36690, -8.68701
-0.36660, -8.60201
-0.36630, -8.50911
-0.36600, -8.39393
-0.36570, -8.24208
-0.36540, -8.04138
-0.36510, -7.80053
-0.36480, -7.53976
-0.36450, -7.27938
-0.36420, -7.03975
-0.36390, -6.84119
-0.36360, -6.70399
-0.36330, -6.63753
-0.36300, -6.62570
-0.36270, -6.64877
-0.36240, -6.68701
-0.36210, -6.72068
-0.36180, -6.73004
-0.36150, -6.69675
-0.36120, -6.61993
-0.36090, -6.51072
-0.36060, -6.38053
-0.36030, -6.24072
-0.36000, -6.10270
-0.35970, -5.97784
-0.35940, -5.87275
-0.35910, -5.77997
-0.35880, -5.68941
-0.35850, -5.59101
-0.35820, -5.47468
-0.35790, -5.33036
-0.35760, -5.14818
-0.35730, -4.92217
-0.35700, -4.64966
-0.35670, -4.32808
-0.35640, -3.95486
-0.35610, -3.52744
-0.35580, -3.04325
-0.35550, -2.50376
-0.35520, -1.92571
-0.35490, -1.32944
-0.35460, -0.73528
-0.35430, -0.16357
-0.35400, 0.36535
-0.35370, 0.83179
-0.35340, 1.23291
-0.35310, 1.58368
-0.35280, 1.89993
-0.35250, 2.19749
-0.35220, 2.49220
-0.35190, 2.79989
-0.35160, 3.13264
-0.35130, 3.48444
-0.35100, 3.84374
-0.35070, 4.19904
-0.35040, 4.53881
-0.35010, 4.85154
-0.34980, 5.12597
-0.34950, 5.36156
-0.34920, 5.57186
-0.34890, 5.77137
-0.34860, 5.97461
-0.34830, 6.19607
-0.34800, 6.45027
-0.34770, 6.74865
-0.34740, 7.08354
-0.34710, 7.43992
-0.34680, 7.80276
-0.34650, 8.15703
-0.34620, 8.48769
-0.34590, 8.77978
-0.34560, 9.02312
-0.34530, 9.21540
-0.34500, 9.35504
-0.34470, 9.44045
-0.34440, 9.47004
-0.34410, 9.44223
-0.34380, 9.35598
-0.34350, 9.21474
-0.34320, 9.02415
-0.34290, 8.78983
-0.34260, 8.51743
-0.34230, 8.21259
-0.34200, 7.88097
-0.34170, 7.52967
-0.34140, 7.16883
-0.34110, 6.80895
-0.34080, 6.46054
-0.34050, 6.13408
-0.34020, 5.84009
-0.33990, 5.58847
-0.33960, 5.38273
-0.33930, 5.22249
-0.33900, 5.10733
-0.33870, 5.03682
-0.33840, 5.01053
-0.33810, 5.02803
-0.33780, 5.08679
-0.33750, 5.17890
-0.33720, 5.29557
-0.33690, 5.42801
-0.33660, 5.56744
-0.33630, 5.70509
-0.33600, 5.83263
-0.33570, 5.94875
-0.33540, 6.05741
-0.33510, 6.16268
-0.33480, 6.26867
-0.33450, 6.37947
-0.33420, 6.49915
-0.33390, 6.62947
-0.33360, 6.76443
-0.33330, 6.89648
-0.33300, 7.01802
-0.33270, 7.12150
-0.33240, 7.19932
-0.33210, 7.24399
-0.33180, 7.24910
-0.33150, 7.20936
-0.33120, 7.11950
-0.33090, 6.97423
-0.33060, 6.76830
-0.33030, 6.49642
-0.33000, 6.15622
-0.32970, 5.75740
-0.32940, 5.31288
-0.32910, 4.83559
-0.32880, 4.33844
-0.32850, 3.83435
-0.32820, 3.33605
-0.32790, 2.85096
-0.32760, 2.38023
-0.32730, 1.92469
-0.32700, 1.48515
-0.32670, 1.06243
-0.32640, 0.65735
-0.32610, 0.27057
-0.32580, -0.09809
-0.32550, -0.44905
-0.32520, -0.78277
-0.32490, -1.09970
-0.32460, -1.40028
-0.32430, -1.68494
-0.32400, -1.95357
-0.32370, -2.20527
-0.32340, -2.43908
-0.32310, -2.65402
-0.32280, -2.84913
-0.32250, -3.02345
-0.32220, -3.17641
-0.32190, -3.31022
-0.32160, -3.42831
-0.32130, -3.53409
-0.32100, -3.63099
-0.32070, -3.72241
-0.32040, -3.81179
-0.32010, -3.90239
-0.31980, -3.99729
-0.31950, -4.09951
-0.31920, -4.21208
-0.31890, -4.33802
-0.31860, -4.48038
-0.31830, -4.64096
-0.31800, -4.81030
-0.31770, -4.97293
-0.31740, -5.11331
-0.31710, -5.21589
-0.31680, -5.26515
-0.31650, -5.24556
-0.31620, -5.14928
-0.31590, -4.98581
-0.31560, -4.76707
-0.31530, -4.50498
-0.31500, -4.21144
-0.31470, -3.89838
-0.31440, -3.57785
-0.31410, -3.26373
-0.31380, -2.97107
-0.31350, -2.71499
-0.31320, -2.51057
-0.31290, -2.37292
-0.31260, -2.31713
-0.31230, -2.35271
-0.31200, -2.47320
-0.31170, -2.66923
-0.31140, -2.93145
-0.31110, -3.25053
-0.31080, -3.61710
-0.31050, -4.02232
-0.31020, -4.46561
-0.30990, -4.95333
-0.30960, -5.49204
-0.30930, -6.08829
-0.30900, -6.74867
-0.30870, -7.47971
-0.30840, -8.28089
-0.30810, -9.12555
-0.30780, -9.98107
-0.30750, -10.81479
-0.30720, -11.59409
-0.30690, -12.28633
-0.30660, -12.85977
-0.30630, -13.30455
-0.30600, -13.63345
-0.30570, -13.86028
-0.30540, -13.99886
-0.30510, -14.06301
-0.30480, -14.06654
-0.30450, -14.02257
-0.30420, -13.94092
-0.30390, -13.83043
-0.30360, -13.69993
-0.30330, -13.55828
-0.30300, -13.41430
-0.30270, -13.27674
-0.30240, -13.14978
-0.30210, -13.03184
-0.30180, -12.92096
-0.30150, -12.81514
-0.30120, -12.71244
-0.30090, -12.61086
-0.30060, -12.50856
-0.30030, -12.40433
-0.30000, -12.29720
-0.29970, -12.18624
-0.29940, -12.07047
-0.29910, -11.94895
-0.29880, -11.82076
-0.29850, -11.68742
-0.29820, -11.55439
-0.29790, -11.42745
-0.29760, -11.31240
-0.29730, -11.21503
-0.29700, -11.14114
-0.29670, -11.09555
-0.29640, -11.07542
-0.29610, -11.07428
-0.29580, -11.08566
-0.29550, -11.10308
-0.29520, -11.12004
-0.29490, -11.13011
-0.29460, -11.13017
-0.29430, -11.12382
-0.29400, -11.11545
-0.29370, -11.10946
-0.29340, -11.11024
-0.29310, -11.12220
-0.29280, -11.14883
-0.29250, -11.18453
-0.29220, -11.21828
-0.29190, -11.23898
-0.29160, -11.23553
-0.29130, -11.19683
-0.29100, -11.11180
-0.29070, -10.97438
-0.29040, -10.79110
-0.29010, -10.57050
-0.28980, -10.32109
-0.28950, -10.05137
-0.28920, -9.76986
-0.28890, -9.48508
-0.28860, -9.20555
-0.28830, -8.93977
-0.28800, -8.69626
-0.28770, -8.48354
-0.28740, -8.31013
-0.28710, -8.18453
-0.28680, -8.11121
-0.28650, -8.08167
-0.28620, -8.08480
-0.28590, -8.10950
-0.28560, -8.14469
-0.28530, -8.17925
-0.28500, -8.20248
-0.28470, -8.21142
-0.28440, -8.21021
-0.28410, -8.20325
-0.28380, -8.19496
-0.28350, -8.18973
-0.28320, -8.19198
-0.28290, -8.20689
-0.28260, -8.24286
-0.28230, -8.30909
-0.28200, -8.41481
-0.28170, -8.56923
-0.28140, -8.78157
-0.28110, -9.06074
-0.28080, -9.40717
-0.28050, -9.81160
-0.28020, -10.26422
-0.27990, -10.75526
-0.27960, -11.27492
-0.27930, -11.81341
-0.27900, -12.36001
-0.27870, -12.89905
-0.27840, -13.41328
-0.27810, -13.88542
-0.27780, -14.29819
-0.27750, -14.63434
-0.27720, -14.87685
-0.27690, -15.02181
-0.27660, -15.08372
-0.27630, -15.07853
-0.27600, -15.02213
-0.27570, -14.93047
-0.27540, -14.81945
-0.27510, -14.70208
-0.27480, -14.57167
-0.27450, -14.41329
-0.27420, -14.21202
-0.27390, -13.95292
-0.27360, -13.62106
-0.27330, -13.20160
-0.27300, -12.68896
-0.27270, -12.09381
-0.27240, -11.42850
-0.27210, -10.70538
-0.27180, -9.93678
-0.27150, -9.13505
-0.27120, -8.31364
-0.27090, -7.49588
-0.27060, -6.71021
-0.27030, -5.98518
-0.27000, -5.34928
-0.26970, -4.83103
-0.26940, -4.45887
-0.26910, -4.24400
-0.26880, -4.15957
-0.26850, -4.17359
-0.26820, -4.25408
-0.26790, -4.36908
-0.26760, -4.48659
-0.26730, -4.57720
-0.26700, -4.64158
-0.26670, -4.70008
-0.26640, -4.77341
-0.26610, -4.88227
-0.26580, -5.04734
-0.26550, -5.28933
-0.26520, -5.61588
-0.26490, -5.99826
-0.26460, -6.40138
-0.26430, -6.79016
-0.26400, -7.12952
-0.26370, -7.38437
-0.26340, -7.52159
-0.26310, -7.53981
-0.26280, -7.46347
-0.26250, -7.31777
-0.26220, -7.12791
-0.26190, -6.91908
-0.26160, -6.71647
-0.26130, -6.54008
-0.26100, -6.39130
-0.26070, -6.26738
-0.26040, -6.16558
-0.26010, -6.08314
-0.25980, -6.01730
-0.25950, -5.96574
-0.25920, -5.93566
-0.25890, -5.94393
-0.25860, -6.00782
-0.25830, -6.14461
-0.25800, -6.37158
-0.25770, -6.70603
-0.25740, -7.15764
-0.25710, -7.70143
-0.25680, -8.30250
-0.25650, -8.92595
-0.25620, -9.53687
-0.25590, -10.10036
-0.25560, -10.58209
-0.25530, -10.96765
-0.25500, -11.26763
-0.25470, -11.49417
-0.25440, -11.65944
-0.25410, -11.77559
-0.25380, -11.85477
-0.25350, -11.90802
-0.25320, -11.93976
-0.25290, -11.95202
-0.25260, -11.94681
-0.25230, -11.92615
-0.25200, -11.89207
-0.25170, -11.84655
-0.25140, -11.78916
-0.25110, -11.71572
-0.25080, -11.62175
-0.25050, -11.50275
-0.25020, -11.35422
-0.24990, -11.17167
-0.24960, -10.95230
-0.24930, -10.70611
-0.24900, -10.44903
-0.24870, -10.19703
-0.24840, -9.96606
-0.24810, -9.77208
-0.24780, -9.63098
-0.24750, -9.54981
-0.24720, -9.51843
-0.24690, -9.52472
-0.24660, -9.55653
-0.24630, -9.60176
-0.24600, -9.64827
-0.24570, -9.68471
-0.24540, -9.70757
-0.24510, -9.71788
-0.24480, -9.71670
-0.24450, -9.70511
-0.24420, -9.68417
-0.24390, -9.65495
-0.24360, -9.61617
-0.24330, -9.56080
-0.24300, -9.48095
-0.24270, -9.36870
-0.24240, -9.21617
-0.24210, -9.01545
-0.24180, -8.75958
-0.24150, -8.45410
-0.24120, -8.11361
-0.24090, -7.75288
-0.24060, -7.38670
-0.24030, -7.02985
-0.24000, -6.69710
-0.23970, -6.39926
-0.23940, -6.13472
-0.23910, -5.89946
-0.23880, -5.68947
-0.23850, -5.50072
-0.23820, -5.32922
-0.23790, -5.17108
-0.23760, -5.02509
-0.23730, -4.89247
-0.23700, -4.77449
-0.23670, -4.67243
-0.23640, -4.58757
-0.23610, -4.52120
-0.23580, -4.47419
-0.23550, -4.44583
-0.23520, -4.43502
-0.23490, -4.44064
-0.23460, -4.46159
-0.23430, -4.49677
-0.23400, -4.54512
-0.23370, -4.60755
-0.23340, -4.68710
-0.23310, -4.78691
-0.23280, -4.91014
-0.23250, -5.05994
-0.23220, -5.23946
-0.23190, -5.44996
-0.23160, -5.68301
-0.23130, -5.92714
-0.23100, -6.17083
-0.23070, -6.40260
-0.23040, -6.61095
-0.23010, -6.78445
-0.22980, -6.91451
-0.22950, -6.99646
-0.22920, -7.02592
-0.22890, -6.99851
-0.22860, -6.90984
-0.22830, -6.75555
-0.22800, -6.53449
-0.22770, -6.26700
-0.22740, -5.98207
-0.22710, -5.70872
-0.22680, -5.47598
-0.22650, -5.31286
-0.22620, -5.24812
-0.22590, -5.28912
-0.22560, -5.40648
-0.22530, -5.56717
-0.22500, -5.73818
-0.22470, -5.88651
-0.22440, -5.97912
-0.22410, -5.98710
-0.22380, -5.91673
-0.22350, -5.79220
-0.22320, -5.63787
-0.22290, -5.47808
-0.22260, -5.33717
-0.22230, -5.23944
-0.22200, -5.19710
-0.22170, -5.19635
-0.22140, -5.22005
-0.22110, -5.25104
-0.22080, -5.27214
-0.22050, -5.26620
-0.22020, -5.21757
-0.21990, -5.12788
-0.21960, -5.00977
-0.21930, -4.87607
-0.21900, -4.73958
-0.21870, -4.61314
-0.21840, -4.50956
-0.21810, -4.43795
-0.21780, -4.39737
-0.21750, -4.38517
-0.21720, -4.39872
-0.21690, -4.43537
-0.21660, -4.49247
-0.21630, -4.56793
-0.21600, -4.66825
-0.21570, -4.80672
-0.21540, -4.99685
-0.21510, -5.25211
-0.21480, -5.58602
-0.21450, -6.01205
-0.21420, -6.53732
-0.21390, -7.14678
-0.21360, -7.82058
-0.21330, -8.53887
-0.21300, -9.28181
-0.21270, -10.02954
-0.21240, -10.76236
-0.21210, -11.46399
-0.21180, -12.12151
-0.21150, -12.72213
-0.21120, -13.25307
-0.21090, -13.70153
-0.21060, -14.05475
-0.21030, -14.30304
-0.21000, -14.45059
-0.20970, -14.50545
-0.20940, -14.47564
-0.20910, -14.36921
-0.20880, -14.19419
-0.20850, -13.95846
-0.20820, -13.66490
-0.20790, -13.31027
-0.20760, -12.89094
-0.20730, -12.40329
-0.20700, -11.84370
-0.20670, -11.20855
-0.20640, -10.49897
-0.20610, -9.74325
-0.20580, -8.97932
-0.20550, -8.24508
-0.20520, -7.57846
-0.20490, -7.01740
-0.20460, -6.59940
-0.20430, -6.33945
-0.20400, -6.21822
-0.20370, -6.21356
-0.20340, -6.30328
-0.20310, -6.46523
-0.20280, -6.67723
-0.20250, -6.91930
-0.20220, -7.18767
-0.20190, -7.48587
-0.20160, -7.81742
-0.20130, -8.18588
-0.20100, -8.59479
-0.20070, -9.04760
-0.20040, -9.53913
-0.20010, -10.04773
-0.19980, -10.54991
-0.19950, -11.02222
-0.19920, -11.44115
-0.19890, -11.78325
-0.19860, -12.02719
-0.19830, -12.17267
-0.19800, -12.23125
-0.19770, -12.21461
-0.19740, -12.13442
-0.19710, -12.00236
-0.19680, -11.83009
-0.19650, -11.62414
-0.19620, -11.37881
-0.19590, -11.08660
-0.19560, -10.74001
-0.19530, -10.33154
-0.19500, -9.85370
-0.19470, -9.30007
-0.19440, -8.67867
-0.19410, -8.00759
-0.19380, -7.30515
-0.19350, -6.58965
-0.19320, -5.87943
-0.19290, -5.19278
-0.19260, -4.54343
-0.19230, -3.93120
-0.19200, -3.35328
-0.19170, -2.80685
-0.19140, -2.28913
-0.19110, -1.79729
-0.19080, -1.32886
-0.19050, -0.88720
-0.19020, -0.48079
-0.18990, -0.11828
-0.18960, 0.19168
-0.18930, 0.44043
-0.18900, 0.61933
-0.18870, 0.72399
-0.18840, 0.76647
-0.18810, 0.76282
-0.18780, 0.72911
-0.18750, 0.68138
-0.18720, 0.63570
-0.18690, 0.60770
-0.18660, 0.60178
-0.18630, 0.61019
-0.18600, 0.62458
-0.18570, 0.63659
-0.18540, 0.63786
-0.18510, 0.62003
-0.18480, 0.57818
-0.18450, 0.52441
-0.18420, 0.47609
-0.18390, 0.45060
-0.18360, 0.46530
-0.18330, 0.53756
-0.18300, 0.68432
-0.18270, 0.90338
-0.18240, 1.16689
-0.18210, 1.44519
-0.18180, 1.70863
-0.18150, 1.92755
-0.18120, 2.07228
-0.18090, 2.11844
-0.18060, 2.07530
-0.18030, 1.96541
-0.18000, 1.81134
-0.17970, 1.63566
-0.17940, 1.46094
-0.17910, 1.30966
-0.17880, 1.19719
-0.17850, 1.12698
-0.17820, 1.10136
-0.17790, 1.12265
-0.17760, 1.19317
-0.17730, 1.31524
-0.17700, 1.49100
-0.17670, 1.72088
-0.17640, 2.00450
-0.17610, 2.34149
-0.17580, 2.73144
-0.17550, 3.17398
-0.17520, 3.66871
-0.17490, 4.21513
-0.17460, 4.81250
-0.17430, 5.46005
-0.17400, 6.15700
-0.17370, 6.90258
-0.17340, 7.69602
-0.17310, 8.53511
-0.17280, 9.40183
-0.17250, 10.26834
-0.17220, 11.10663
-0.17190, 11.88872
-0.17160, 12.58660
-0.17130, 13.17231
-0.17100, 13.62919
-0.17070, 13.97067
-0.17040, 14.21507
-0.17010, 14.38072
-0.16980, 14.48594
-0.16950, 14.54907
-0.16920, 14.58728
-0.16890, 14.60046
-0.16860, 14.57513
-0.16830, 14.49742
-0.16800, 14.35352
-0.16770, 14.12956
-0.16740, 13.81172
-0.16710, 13.39616
-0.16680, 12.91280
-0.16650, 12.39868
-0.16620, 11.89084
-0.16590, 11.42631
-0.16560, 11.04213
-0.16530, 10.77394
-0.16500, 10.62747
-0.16470, 10.57974
-0.16440, 10.60661
-0.16410, 10.68394
-0.16380, 10.78759
-0.16350, 10.89341
-0.16320, 10.98289
-0.16290, 11.06178
-0.16260, 11.14240
-0.16230, 11.23705
-0.16200, 11.35805
-0.16170, 11.51772
-0.16140, 11.72807
-0.16110, 11.99166
-0.16080, 12.29978
-0.16050, 12.64305
-0.16020, 13.01210
-0.15990, 13.39756
-0.15960, 13.79006
-0.15930, 14.18058
-0.15900, 14.56213
-0.15870, 14.92841
-0.15840, 15.27313
-0.15810, 15.58999
-0.15780, 15.87269
-0.15750, 16.11499
-0.15720, 16.31427
-0.15690, 16.47316
-0.15660, 16.59476
-0.15630, 16.68216
-0.15600, 16.73845
-0.15570, 16.76671
-0.15540, 16.77061
-0.15510, 16.75801
-0.15480, 16.73857
-0.15450, 16.72200
-0.15420, 16.71797
-0.15390, 16.73617
-0.15360, 16.78621
-0.15330, 16.87118
-0.15300, 16.98202
-0.15270, 17.10839
-0.15240, 17.23992
-0.15210, 17.36628
-0.15180, 17.47710
-0.15150, 17.56272
-0.15120, 17.61984
-0.15090, 17.64867
-0.15060, 17.64947
-0.15030, 17.62247
-0.15000, 17.56793
-0.14970, 17.48611
-0.14940, 17.37975
-0.14910, 17.25740
-0.14880, 17.12841
-0.14850, 17.00214
-0.14820, 16.88796
-0.14790, 16.79523
-0.14760, 16.73260
-0.14730, 16.69999
-0.14700, 16.69130
-0.14670, 16.70032
-0.14640, 16.72083
-0.14610, 16.74663
-0.14580, 16.77151
-0.14550, 16.79057
-0.14520, 16.80286
-0.14490, 16.80813
-0.14460, 16.80612
-0.14430, 16.79658
-0.14400, 16.77927
-0.14370, 16.75416
-0.14340, 16.72508
-0.14310, 16.69911
-0.14280, 16.68349
-0.14250, 16.68541
-0.14220, 16.71209
-0.14190, 16.77073
-0.14160, 16.86500
-0.14130, 16.98518
-0.14100, 17.11842
-0.14070, 17.25188
-0.14040, 17.37271
-0.14010, 17.46804
-0.13980, 17.52550
-0.13950, 17.54462
-0.13920, 17.53752
-0.13890, 17.51691
-0.13860, 17.49552
-0.13830, 17.48607
-0.13800, 17.50128
-0.13770, 17.55120
-0.13740, 17.63316
-0.13710, 17.74058
-0.13680, 17.86693
-0.13650, 18.00565
-0.13620, 18.15019
-0.13590, 18.29404
-0.13560, 18.43247
-0.13530, 18.56308
-0.13500, 18.68359
-0.13470, 18.79176
-0.13440, 18.88534
-0.13410, 18.96206
-0.13380, 19.01824
-0.13350, 19.04139
-0.13320, 19.01559
-0.13290, 18.92494
-0.13260, 18.75355
-0.13230, 18.48550
-0.13200, 18.10499
-0.13170, 17.60293
-0.13140, 16.98125
-0.13110, 16.24285
-0.13080, 15.39066
-0.13050, 14.42760
-0.13020, 13.35659
-0.12990, 12.18307
-0.12960, 10.93282
-0.12930, 9.64150
-0.12900, 8.34479
-0.12870, 7.07840
-0.12840, 5.87802
-0.12810, 4.77928
-0.12780, 3.80575
-0.12750, 2.95634
-0.12720, 2.22700
-0.12690, 1.61363
-0.12660, 1.11216
-0.12630, 0.71852
-0.12600, 0.42778
-0.12570, 0.22607
-0.12540, 0.09407
-0.12510, 0.01239
-0.12480, -0.03835
-0.12450, -0.07756
-0.12420, -0.12460
-0.12390, -0.18929
-0.12360, -0.25687
-0.12330, -0.30865
-0.12300, -0.32594
-0.12270, -0.29006
-0.12240, -0.18233
-0.12210, 0.01436
-0.12180, 0.29398
-0.12150, 0.63309
-0.12120, 1.00782
-0.12090, 1.39429
-0.12060, 1.76863
-0.12030, 2.10696
-0.12000, 2.39304
-0.11970, 2.63559
-0.11940, 2.84849
-0.11910, 3.04560
-0.11880, 3.24077
-0.11850, 3.44787
-0.11820, 3.68004
-0.11790, 3.93574
-0.11760, 4.19967
-0.11730, 4.45599
-0.11700, 4.68888
-0.11670, 4.88250
-0.11640, 5.02102
-0.11610, 5.09397
-0.11580, 5.11343
-0.11550, 5.09739
-0.11520, 5.06385
-0.11490, 5.03078
-0.11460, 5.01618
-0.11430, 5.03765
-0.11400, 5.10089
-0.11370, 5.19776
-0.11340, 5.31934
-0.11310, 5.45673
-0.11280, 5.60101
-0.11250, 5.74327
-0.11220, 5.87592
-0.11190, 5.99849
-0.11160, 6.11290
-0.11130, 6.22108
-0.11100, 6.32495
-0.11070, 6.42644
-0.11040, 6.52745
-0.11010, 6.62965
-0.10980, 6.73427
-0.10950, 6.84254
-0.10920, 6.95566
-0.10890, 7.07487
-0.10860, 7.20137
-0.10830, 7.33565
-0.10800, 7.47309
-0.10770, 7.60692
-0.10740, 7.73032
-0.10710, 7.83652
-0.10680, 7.91872
-0.10650, 7.97017
-0.10620, 7.98983
-0.10590, 7.98684
-0.10560, 7.97141
-0.10530, 7.95377
-0.10500, 7.94414
-0.10470, 7.95274
-0.10440, 7.98893
-0.10410, 8.05430
-0.10380, 8.14629
-0.10350, 8.26229
-0.10320, 8.39968
-0.10290, 8.55586
-0.10260, 8.72821
-0.10230, 8.91049
-0.10200, 9.08830
-0.10170, 9.24612
-0.10140, 9.36842
-0.10110, 9.43967
-0.10080, 9.44436
-0.10050, 9.36850
-0.10020, 9.21683
-0.09990, 9.00662
-0.09960, 8.75536
-0.09930, 8.48053
-0.09900, 8.19964
-0.09870, 7.93016
-0.09840, 7.68033
-0.09810, 7.43191
-0.09780, 7.16192
-0.09750, 6.84741
-0.09720, 6.46540
-0.09690, 5.99293
-0.09660, 5.40909
-0.09630, 4.72733
-0.09600, 3.98969
-0.09570, 3.23905
-0.09540, 2.51833
-0.09510, 1.87040
-0.09480, 1.33816
-0.09450, 0.95257
-0.09420, 0.70090
-0.09390, 0.56046
-0.09360, 0.50852
-0.09330, 0.52239
-0.09300, 0.57935
-0.09270, 0.65686
-0.09240, 0.73598
-0.09210, 0.80151
-0.09180, 0.83845
-0.09150, 0.83177
-0.09120, 0.76644
-0.09090, 0.62745
-0.09060, 0.40472
-0.09030, 0.11131
-0.09000, -0.23295
-0.08970, -0.60823
-0.08940, -0.99468
-0.08910, -1.37247
-0.08880, -1.72201
-0.08850, -2.03256
-0.08820, -2.30477
-0.08790, -2.53999
-0.08760, -2.73960
-0.08730, -2.90498
-0.08700, -3.03749
-0.08670, -3.13821
-0.08640, -3.20642
-0.08610, -3.24074
-0.08580, -3.23977
-0.08550, -3.20214
-0.08520, -3.12645
-0.08490, -3.01128
-0.08460, -2.85145
-0.08430, -2.63595
-0.08400, -2.35320
-0.08370, -1.99164
-0.08340, -1.53969
-0.08310, -0.98581
-0.08280, -0.32188
-0.08250, 0.43304
-0.08220, 1.24713
-0.08190, 2.08846
-0.08160, 2.92513
-0.08130, 3.72523
-0.08100, 4.45698
-0.08070, 5.10513
-0.08040, 5.68745
-0.08010, 6.22557
-0.07980, 6.74115
-0.07950, 7.25581
-0.07920, 7.79123
-0.07890, 8.36557
-0.07860, 8.96128
-0.07830, 9.53971
-0.07800, 10.06191
-0.07770, 10.48896
-0.07740, 10.78190
-0.07710, 10.90186
-0.07680, 10.83011
-0.07650, 10.59851
-0.07620, 10.24673
-0.07590, 9.81445
-0.07560, 9.34133
-0.07530, 8.86705
-0.07500, 8.42935
-0.07470, 8.03898
-0.07440, 7.68680
-0.07410, 7.36325
-0.07380, 7.05872
-0.07350, 6.76364
-0.07320, 6.46842
-0.07290, 6.16845
-0.07260, 5.87498
-0.07230, 5.60242
-0.07200, 5.36518
-0.07170, 5.17765
-0.07140, 5.05425
-0.07110, 5.00819
-0.07080, 5.02931
-0.07050, 5.08611
-0.07020, 5.14627
-0.06990, 5.17750
-0.06960, 5.14749
-0.06930, 5.02394
-0.06900, 4.78572
-0.06870, 4.45731
-0.06840, 4.07483
-0.06810, 3.67437
-0.06780, 3.29206
-0.06750, 2.96401
-0.06720, 2.72549
-0.06690, 2.58764
-0.06660, 2.53422
-0.06630, 2.54753
-0.06600, 2.60984
-0.06570, 2.70344
-0.06540, 2.81063
-0.06510, 2.91831
-0.06480, 3.03758
-0.06450, 3.18745
-0.06420, 3.38692
-0.06390, 3.65500
-0.06360, 4.01069
-0.06330, 4.47261
-0.06300, 5.04129
-0.06270, 5.69184
-0.06240, 6.39741
-0.06210, 7.13119
-0.06180, 7.86635
-0.06150, 8.57607
-0.06120, 9.23547
-0.06090, 9.83294
-0.06060, 10.36232
-0.06030, 10.81749
-0.06000, 11.19232
-0.05970, 11.48068
-0.05940, 11.67654
-0.05910, 11.78270
-0.05880, 11.81746
-0.05850, 11.80068
-0.05820, 11.75222
-0.05790, 11.69195
-0.05760, 11.63972
-0.05730, 11.61331
-0.05700, 11.61205
-0.05670, 11.62564
-0.05640, 11.64372
-0.05610, 11.65592
-0.05580, 11.65185
-0.05550, 11.62115
-0.05520, 11.55360
-0.05490, 11.43931
-0.05460, 11.26841
-0.05430, 11.03106
-0.05400, 10.71741
-0.05370, 10.31761
-0.05340, 9.82240
-0.05310, 9.22965
-0.05280, 8.54184
-0.05250, 7.76154
-0.05220, 6.89129
-0.05190, 5.93368
-0.05160, 4.89127
-0.05130, 3.77700
-0.05100, 2.63269
-0.05070, 1.50516
-0.05040, 0.44120
-0.05010, -0.51235
-0.04980, -1.30869
-0.04950, -1.90359
-0.04920, -2.29464
-0.04890, -2.51329
-0.04860, -2.59198
-0.04830, -2.56315
-0.04800, -2.45923
-0.04770, -2.31265
-0.04740, -2.14900
-0.04710, -1.96944
-0.04680, -1.76976
-0.04650, -1.54570
-0.04620, -1.29304
-0.04590, -1.00754
-0.04560, -0.68537
-0.04530, -0.33239
-0.04500, 0.03585
-0.04470, 0.40336
-0.04440, 0.75415
-0.04410, 1.07224
-0.04380, 1.34164
-0.04350, 1.55053
-0.04320, 1.70600
-0.04290, 1.82056
-0.04260, 1.90669
-0.04230, 1.97690
-0.04200, 2.04367
-0.04170, 2.11934
-0.04140, 2.20982
-0.04110, 2.31311
-0.04080, 2.42668
-0.04050, 2.54802
-0.04020, 2.67461
-0.03990, 2.80392
-0.03960, 2.93171
-0.03930, 3.04351
-0.03900, 3.12117
-0.03870, 3.14652
-0.03840, 3.10142
-0.03810, 2.96771
-0.03780, 2.72740
-0.03750, 2.37376
-0.03720, 1.91750
-0.03690, 1.37082
-0.03660, 0.74592
-0.03630, 0.05501
-0.03600, -0.68972
-0.03570, -1.47569
-0.03540, -2.28761
-0.03510, -3.10892
-0.03480, -3.92307
-0.03450, -4.71350
-0.03420, -5.46364
-0.03390, -6.15698
-0.03360, -6.78215
-0.03330, -7.33775
-0.03300, -7.82354
-0.03270, -8.23926
-0.03240, -8.58468
-0.03210, -8.85953
-0.03180, -9.06463
-0.03150, -9.21138
-0.03120, -9.31724
-0.03090, -9.39978
-0.03060, -9.47653
-0.03030, -9.56507
-0.03000, -9.68291
-0.02970, -9.84115
-0.02940, -10.03514
-0.02910, -10.25787
-0.02880, -10.50234
-0.02850, -10.76153
-0.02820, -11.02843
-0.02790, -11.29612
-0.02760, -11.55861
-0.02730, -11.81065
-0.02700, -12.04697
-0.02670, -12.26231
-0.02640, -12.45143
-0.02610, -12.60905
-0.02580, -12.73032
-0.02550, -12.81155
-0.02520, -12.84932
-0.02490, -12.84017
-0.02460, -12.78068
-0.02430, -12.66740
-0.02400, -12.49750
-0.02370, -12.27950
-0.02340, -12.03207
-0.02310, -11.77421
-0.02280, -11.52495
-0.02250, -11.30329
-0.02220, -11.12825
-0.02190, -11.01403
-0.02160, -10.95570
-0.02130, -10.94359
-0.02100, -10.96804
-0.02070, -11.01939
-0.02040, -11.08797
-0.02010, -11.16409
-0.01980, -11.23705
-0.01950, -11.29508
-0.01920, -11.32635
-0.01890, -11.31902
-0.01860, -11.26127
-0.01830, -11.14127
-0.01800, -10.95202
-0.01770, -10.71123
-0.01740, -10.44440
-0.01710, -10.17705
-0.01680, -9.93469
-0.01650, -9.74285
-0.01620, -9.62669
-0.01590, -9.59656
-0.01560, -9.64239
-0.01530, -9.75263
-0.01500, -9.91575
-0.01470, -10.12021
-0.01440, -10.35445
-0.01410, -10.60702
-0.01380, -10.86690
-0.01350, -11.12326
-0.01320, -11.36528
-0.01290, -11.58213
-0.01260, -11.76298
-0.01230, -11.89703
-0.01200, -11.97439
-0.01170, -11.98680
-0.01140, -11.92615
-0.01110, -11.78435
-0.01080, -11.55328
-0.01050, -11.22485
-0.01020, -10.79348
-0.00990, -10.27552
-0.00960, -9.69839
-0.00930, -9.08959
-0.00900, -8.47664
-0.00870, -7.88705
-0.00840, -7.34828
-0.00810, -6.87756
-0.00780, -6.47022
-0.00750, -6.11876
-0.00720, -5.81564
-0.00690, -5.55337
-0.00660, -5.32442
-0.00630, -5.12179
-0.00600, -4.94428
-0.00570, -4.79438
-0.00540, -4.67462
-0.00510, -4.58756
-0.00480, -4.53573
-0.00450, -4.52167
-0.00420, -4.54669
-0.00390, -4.60868
-0.00360, -4.70499
-0.00330, -4.83296
-0.00300, -4.98994
-0.00270, -5.17328
-0.00240, -5.37959
-0.00210, -5.59446
-0.00180, -5.79475
-0.00150, -5.95706
-0.00120, -6.05800
-0.00090, -6.07419
-0.00060, -5.98224
-0.00030, -5.76964
0.00000, -5.46153
0.00030, -5.09118
0.00060, -4.69184
0.00090, -4.29677
0.00120, -3.93925
0.00150, -3.65147
0.00180, -3.44217
0.00210, -3.29710
0.00240, -3.20103
0.00270, -3.13871
0.00300, -3.09493
0.00330, -3.05446
0.00360, -3.00614
0.00390, -2.95690
0.00420, -2.91866
0.00450, -2.90332
0.00480, -2.92282
0.00510, -2.98907
0.00540, -3.11362
0.00570, -3.29568
0.00600, -3.51946
0.00630, -3.76826
0.00660, -4.02536
0.00690, -4.27406
0.00720, -4.49766
0.00750, -4.68227
0.00780, -4.82992
0.00810, -4.94830
0.00840, -5.04509
0.00870, -5.12799
0.00900, -5.20468
0.00930, -5.28280
0.00960, -5.36774
0.00990, -5.46149
0.01020, -5.56575
0.01050, -5.68222
0.01080, -5.81258
0.01110, -5.95855
0.01140, -6.12043
0.01170, -6.28833
0.01200, -6.44778
0.01230, -6.58431
0.01260, -6.68344
0.01290, -6.73069
0.01320, -6.71165
0.01350, -6.61946
0.01380, -6.46154
0.01410, -6.24689
0.01440, -5.98452
0.01470, -5.68343
0.01500, -5.35264
0.01530, -5.00022
0.01560, -4.62541
0.01590, -4.22245
0.01620, -3.78554
0.01650, -3.30889
0.01680, -2.78667
0.01710, -2.21313
0.01740, -1.59209
0.01770, -0.95017
0.01800, -0.31732
0.01830, 0.27651
0.01860, 0.80138
0.01890, 1.22733
0.01920, 1.52656
0.01950, 1.69886
0.01980, 1.76339
0.02010, 1.73972
0.02040, 1.64740
0.02070, 1.50598
0.02100, 1.33501
0.02130, 1.14955
0.02160, 0.95109
0.02190, 0.73856
0.02220, 0.51092
0.02250, 0.26710
0.02280, 0.00605
0.02310, -0.27282
0.02340, -0.56126
0.02370, -0.84336
0.02400, -1.10298
0.02430, -1.32395
0.02460, -1.49012
0.02490, -1.58534
0.02520, -1.59905
0.02550, -1.54241
0.02580, -1.43176
0.02610, -1.28345
0.02640, -1.11384
0.02670, -0.93928
0.02700, -0.77581
0.02730, -0.63098
0.02760, -0.50319
0.02790, -0.39042
0.02820, -0.29061
0.02850, -0.20172
0.02880, -0.12170
0.02910, -0.04980
0.02940, 0.00838
0.02970, 0.04528
0.03000, 0.05336
0.03030, 0.02503
0.03060, -0.04725
0.03090, -0.17069
0.03120, -0.33796
0.03150, -0.52222
0.03180, -0.69527
0.03210, -0.82893
0.03240, -0.89500
0.03270, -0.86527
0.03300, -0.71712
0.03330, -0.46317
0.03360, -0.12994
0.03390, 0.25605
0.03420, 0.66828
0.03450, 1.08021
0.03480, 1.46543
0.03510, 1.80662
0.03540, 2.10157
0.03570, 2.34949
0.03600, 2.54963
0.03630, 2.70121
0.03660, 2.80345
0.03690, 2.85433
0.03720, 2.84143
0.03750, 2.74720
0.03780, 2.55402
0.03810, 2.24430
0.03840, 1.80045
0.03870, 1.20497
0.03900, 0.45743
0.03930, -0.40696
0.03960, -1.34852
0.03990, -2.32754
0.04020, -3.30435
0.04050, -4.23925
0.04080, -5.09546
0.04110, -5.86815
0.04140, -6.57228
0.04170, -7.22312
0.04200, -7.83590
0.04230, -8.42588
0.04260, -9.00831
0.04290, -9.59331
0.04320, -10.17750
0.04350, -10.75530
0.04380, -11.32111
0.04410, -11.86935
0.04440, -12.39443
0.04470, -12.89066
0.04500, -13.35069
0.04530, -13.76592
0.04560, -14.12769
0.04590, -14.42735
0.04620, -14.65627
0.04650, -14.80580
0.04680, -14.87072
0.04710, -14.85730
0.04740, -14.77424
0.04770, -14.63023
0.04800, -14.43396
0.04830, -14.19414
0.04860, -13.91936
0.04890, -13.61662
0.04920, -13.29133
0.04950, -12.94883
0.04980, -12.59447
0.05010, -12.23360
0.05040, -11.87157
0.05070, -11.51556
0.05100, -11.18057
0.05130, -10.88374
0.05160, -10.64219
0.05190, -10.47304
0.05220, -10.39341
0.05250, -10.42007
0.05280, -10.55748
0.05310, -10.79560
0.05340, -11.12353
0.05370, -11.53037
0.05400, -12.00523
0.05430, -12.53721
0.05460, -13.11610
0.05490, -13.73558
0.05520, -14.39063
0.05550, -15.07624
0.05580, -15.78739
0.05610, -16.51907
0.05640, -17.26608
0.05670, -18.01288
0.05700, -18.72868
0.05730, -19.38147
0.05760, -19.93925
0.05790, -20.37001
0.05820, -20.64173
0.05850, -20.72869
0.05880, -20.64992
0.05910, -20.44398
0.05940, -20.14947
0.05970, -19.80502
0.06000, -19.44924
0.06030, -19.12057
0.06060, -18.84080
0.06090, -18.60091
0.06120, -18.38864
0.06150, -18.19168
0.06180, -17.99773
0.06210, -17.79451
0.06240, -17.57018
0.06270, -17.31719
0.06300, -17.03033
0.06330, -16.70443
0.06360, -16.33430
0.06390, -15.91475
0.06420, -15.44061
0.06450, -14.90420
0.06480, -14.29214
0.06510, -13.59024
0.06540, -12.78429
0.06570, -11.86011
0.06600, -10.80350
0.06630, -9.60368
0.06660, -8.29276
0.06690, -6.93215
0.06720, -5.58380
0.06750, -4.30967
0.06780, -3.17172
0.06810, -2.23189
0.06840, -1.53530
0.06870, -1.07765
0.06900, -0.84563
0.06930, -0.82593
0.06960, -1.00523
0.06990, -1.37024
0.07020, -1.90730
0.07050, -2.59702
0.07080, -3.41508
0.07110, -4.33703
0.07140, -5.33841
0.07170, -6.39477
0.07200, -7.48165
0.07230, -8.57352
0.07260, -9.64081
0.07290, -10.65303
0.07320, -11.57966
0.07350, -12.39020
0.07380, -13.05415
0.07410, -13.54077
0.07440, -13.81380
0.07470, -13.83115
0.07500, -13.55043
0.07530, -12.92926
0.07560, -11.92528
0.07590, -10.49609
0.07620, -8.62626
0.07650, -6.42980
0.07680, -4.05950
0.07710, -1.66815
0.07740, 0.59143
0.07770, 2.56644
0.07800, 4.10670
0.07830, 5.16514
0.07860, 5.82938
0.07890, 6.19610
0.07920, 6.36202
0.07950, 6.42381
0.07980, 6.47818
0.08010, 6.60036
0.08040, 6.73300
0.08070, 6.76812
0.08100, 6.59766
0.08130, 6.11355
0.08160, 5.20771
0.08190, 3.77365
0.08220, 1.81313
0.08250, -0.49607
0.08280, -2.96001
0.08310, -5.38474
0.08340, -7.57632
0.08370, -9.34080
0.08400, -10.50585
0.08430, -11.07269
0.08460, -11.12617
0.08490, -10.75169
0.08520, -10.03464
0.08550, -9.06040
0.08580, -7.91428
0.08610, -6.66816
0.08640, -5.36659
0.08670, -4.05081
0.08700, -2.76205
0.08730, -1.54156
0.08760, -0.43055
0.08790, 0.53018
0.08820, 1.30472
0.08850, 1.86007
0.08880, 2.16327
0.08910, 2.18136
0.08940, 1.88139
0.08970, 1.23043
0.09000, 0.20381
0.09030, -1.20191
0.09060, -2.98677
0.09090, -5.15085
0.09120, -7.69420
0.09150, -10.61688
0.09180, -13.91239
0.09210, -17.47908
0.09240, -21.14388
0.09270, -24.73192
0.09300, -28.06837
0.09330, -30.97837
0.09360, -33.28710
0.09390, -34.85655
0.09420, -35.66901
0.09450, -35.73133
0.09480, -35.05036
0.09510, -33.63295
0.09540, -31.48593
0.09570, -28.62109
0.09600, -25.15112
0.09630, -21.28283
0.09660, -17.22664
0.09690, -13.19298
0.09720, -9.39226
0.09750, -6.03491
0.09780, -3.28549
0.09810, -1.11676
0.09840, 0.54866
0.09870, 1.78812
0.09900, 2.67900
0.09930, 3.29866
0.09960, 3.72212
0.09990, 3.95316
0.10020, 3.91308
0.10050, 3.51858
0.10080, 2.68635
0.10110, 1.33308
0.10140, -0.62454
0.10170, -3.23402
0.10200, -6.35088
0.10230, -9.76653
0.10260, -13.27232
0.10290, -16.65960
0.10320, -19.71973
0.10350, -22.24653
0.10380, -24.15626
0.10410, -25.54127
0.10440, -26.50758
0.10470, -27.16119
0.10500, -27.60813
0.10530, -27.95440
0.10560, -28.28660
0.10590, -28.55671
0.10620, -28.65969
0.10650, -28.49029
0.10680, -27.94326
0.10710, -26.91337
0.10740, -25.29610
0.10770, -23.05369
0.10800, -20.26830
0.10830, -17.03453
0.10860, -13.44704
0.10890, -9.60044
0.10920, -5.58937
0.10950, -1.51016
0.10980, 2.52534
0.11010, 6.39704
0.11040, 9.98475
0.11070, 13.16831
0.11100, 15.82754
0.11130, 17.84255
0.11160, 19.16050
0.11190, 19.87963
0.11220, 20.11887
0.11250, 19.99716
0.11280, 19.63341
0.11310, 19.14657
0.11340, 18.64809
0.11370, 18.15866
0.11400, 17.63860
0.11430, 17.04710
0.11460, 16.34339
0.11490, 15.48667
0.11520, 14.43619
0.11550, 13.17789
0.11580, 11.77395
0.11610, 10.30008
0.11640, 8.83197
0.11670, 7.44533
0.11700, 6.21585
0.11730, 5.21606
0.11760, 4.46533
0.11790, 3.93903
0.11820, 3.61123
0.11850, 3.45600
0.11880, 3.44740
0.11910, 3.55947
0.11940, 3.77617
0.11970, 4.11735
0.12000, 4.61107
0.12030, 5.28539
0.12060, 6.16835
0.12090, 7.28802
0.12120, 8.67021
0.12150, 10.28666
0.12180, 12.05363
0.12210, 13.88484
0.12240, 15.69401
0.12270, 17.39487
0.12300, 18.90114
0.12330, 20.14362
0.12360, 21.13284
0.12390, 21.90256
0.12420, 22.48658
0.12450, 22.91864
0.12480, 23.23253
0.12510, 23.46126
0.12540, 23.60982
0.12570, 23.64744
0.12600, 23.54106
0.12630, 23.25759
0.12660, 22.76398
0.12690, 22.02714
0.12720, 21.02486
0.12750, 19.79995
0.12780, 18.41942
0.12810, 16.95032
0.12840, 15.45969
0.12870, 14.01456
0.12900, 12.68150
0.12930, 11.49727
0.12960, 10.45130
0.12990, 9.52882
0.13020, 8.71509
0.13050, 7.99534
0.13080, 7.35481
0.13110, 6.78308
0.13140, 6.30344
0.13170, 5.95500
0.13200, 5.77696
0.13230, 5.80852
0.13260, 6.08890
0.13290, 6.65712
0.13320, 7.53019
0.13350, 8.68135
0.13380, 10.07872
0.13410, 11.69040
0.13440, 13.48451
0.13470, 15.42914
0.13500, 17.48847
0.13530, 19.58615
0.13560, 21.62199
0.13590, 23.49551
0.13620, 25.10622
0.13650, 26.35362
0.13680, 27.13737
0.13710, 27.40548
0.13740, 27.22698
0.13770, 26.68947
0.13800, 25.88056
0.13830, 24.88786
0.13860, 23.79899
0.13890, 22.69569
0.13920, 21.57809
0.13950, 20.38646
0.13980, 19.05971
0.14010, 17.53675
0.14040, 15.75647
0.14070, 13.65779
0.14100, 11.21513
0.14130, 8.51571
0.14160, 5.66907
0.14190, 2.78480
0.14220, -0.02757
0.14250, -2.65845
0.14280, -5.00150
0.14310, -7.01288
0.14340, -8.70568
0.14370, -10.09507
0.14400, -11.19624
0.14430, -12.02436
0.14460, -12.59459
0.14490, -12.91731
0.14520, -12.98340
0.14550, -12.77876
0.14580, -12.28932
0.14610, -11.50099
0.14640, -10.39968
0.14670, -8.97241
0.14700, -7.23811
0.14730, -5.25176
0.14760, -3.07025
0.14790, -0.75050
0.14820, 1.65060
0.14850, 4.07614
0.14880, 6.47158
0.14910, 8.79463
0.14940, 11.00703
0.14970, 13.07050
0.15000, 14.94675
0.15030, 16.59751
0.15060, 17.98500
0.15090, 19.09496
0.15120, 19.94606
0.15150, 20.55949
0.15180, 20.95639
0.15210, 21.15793
0.15240, 21.18528
0.15270, 21.05765
0.15300, 20.78128
0.15330, 20.35702
0.15360, 19.78573
0.15390, 19.06826
0.15420, 18.20544
0.15450, 17.19816
0.15480, 16.04935
0.15510, 14.76557
0.15540, 13.35375
0.15570, 11.82082
0.15600, 10.17369
0.15630, 8.41930
0.15660, 6.56757
0.15690, 4.65482
0.15720, 2.73109
0.15750, 0.84651
0.15780, -0.94878
0.15810, -2.60462
0.15840, -4.07099
0.15870, -5.31753
0.15900, -6.35714
0.15930, -7.20845
0.15960, -7.89010
0.15990, -8.42074
0.16020, -8.81899
0.16050, -9.10216
0.16080, -9.27190
0.16110, -9.31973
0.16140, -9.23696
0.16170, -9.01493
0.16200, -8.64497
0.16230, -8.11841
0.16260, -7.43241
0.16290, -6.60023
0.16320, -5.63790
0.16350, -4.56146
0.16380, -3.38696
0.16410, -2.13043
0.16440, -0.80867
0.16470, 0.54943
0.16500, 1.90521
0.16530, 3.21974
0.16560, 4.45406
0.16590, 5.56926
0.16620, 6.52638
0.16650, 7.29651
0.16680, 7.88621
0.16710, 8.30989
0.16740, 8.58198
0.16770, 8.71688
0.16800, 8.72901
0.16830, 8.63275
0.16860, 8.44168
0.16890, 8.16860
0.16920, 7.82627
0.16950, 7.42744
0.16980, 6.98488
0.17010, 6.51133
0.17040, 6.01272
0.17070, 5.46387
0.17100, 4.83081
0.17130, 4.07958
0.17160, 3.17619
0.17190, 2.08669
0.17220, 0.77842
0.17250, -0.73447
0.17280, -2.37970
0.17310, -4.08137
0.17340, -5.76355
0.17370, -7.35035
0.17400, -8.76584
0.17430, -9.94637
0.17460, -10.89970
0.17490, -11.65940
0.17520, -12.25908
0.17550, -12.73233
0.17580, -13.11277
0.17610, -13.43342
0.17640, -13.69314
0.17670, -13.83796
0.17700, -13.80935
0.17730, -13.54883
0.17760, -12.99788
0.17790, -12.09800
0.17820, -10.80304
0.17850, -9.16033
0.17880, -7.25990
0.17910, -5.19201
0.17940, -3.04691
0.17970, -0.91485
0.18000, 1.11412
0.18030, 2.97462
0.18060, 4.64895
0.18090, 6.12487
0.18120, 7.39012
0.18150, 8.43245
0.18180, 9.23961
0.18210, 9.80276
0.18240, 10.14702
0.18270, 10.31700
0.18300, 10.35752
0.18330, 10.31343
0.18360, 10.22956
0.18390, 10.15062
0.18420, 10.08629
0.18450, 9.96090
0.18480, 9.68607
0.18510, 9.17341
0.18540, 8.33453
0.18570, 7.08103
0.18600, 5.33312
0.18630, 3.12639
0.18660, 0.57892
0.18690, -2.18943
0.18720, -5.05879
0.18750, -7.90930
0.18780, -10.62108
0.18810, -13.09938
0.18840, -15.32690
0.18870, -17.30127
0.18900, -19.02012
0.18930, -20.48110
0.18960, -21.68182
0.18990, -22.61965
0.19020, -23.28692
0.19050, -23.67148
0.19080, -23.76104
0.19110, -23.54328
0.19140, -23.00592
0.19170, -22.13665
0.19200, -20.93129
0.19230, -19.41775
0.19260, -17.63187
0.19290, -15.60948
0.19320, -13.38641
0.19350, -10.99850
0.19380, -8.48194
0.19410, -5.88295
0.19440, -3.25878
0.19470, -0.66726
0.19500, 1.83378
0.19530, 4.18652
0.19560, 6.33314
0.19590, 8.22536
0.19620, 9.86323
0.19650, 11.26205
0.19680, 12.43716
0.19710, 13.40386
0.19740, 14.17749
0.19770, 14.77320
0.19800, 15.19857
0.19830, 15.45092
0.19860, 15.52676
0.19890, 15.42265
0.19920, 15.13514
0.19950, 14.66075
0.19980, 13.99623
0.20010, 13.13958
0.20040, 12.08930
0.20070, 10.84392
0.20100, 9.40194
0.20130, 7.76188
0.20160, 5.92257
0.20190, 3.90846
0.20220, 1.78763
0.20250, -0.36753
0.20280, -2.48468
0.20310, -4.49145
0.20340, -6.31547
0.20370, -7.89109
0.20400, -9.20965
0.20430, -10.29134
0.20460, -11.15658
0.20490, -11.82578
0.20520, -12.31935
0.20550, -12.65761
0.20580, -12.84297
0.20610, -12.83960
0.20640, -12.60672
0.20670, -12.10357
0.20700, -11.28938
0.20730, -10.12338
0.20760, -8.57175
0.20790, -6.67936
0.20820, -4.54087
0.20850, -2.25174
0.20880, 0.09260
0.20910, 2.39669
0.20940, 4.56513
0.20970, 6.52801
0.21000, 8.28434
0.21030, 9.84464
0.21060, 11.21941
0.21090, 12.41918
0.21120, 13.45447
0.21150, 14.33402
0.21180, 15.03903
0.21210, 15.52904
0.21240, 15.76299
0.21270, 15.69982
0.21300, 15.29847
0.21330, 14.51789
0.21360, 13.33031
0.21390, 11.75370
0.21420, 9.81586
0.21450, 7.54460
0.21480, 4.96772
0.21510, 2.11304
0.21540, -0.99069
0.21570, -4.29353
0.21600, -7.72487
0.21630, -11.21323
0.21660, -14.68712
0.21690, -18.07508
0.21720, -21.30562
0.21750, -24.31078
0.21780, -27.03803
0.21810, -29.43911
0.21840, -31.46578
0.21870, -33.06977
0.21900, -34.20283
0.21930, -34.81789
0.21960, -34.90781
0.21990, -34.51387
0.22020, -33.68024
0.22050, -32.45109
0.22080, -30.87061
0.22110, -28.98297
0.22140, -26.83074
0.22170, -24.44748
0.22200, -21.86355
0.22230, -19.10932
0.22260, -16.21514
0.22290, -13.21139
0.22320, -10.12878
0.22350, -7.01747
0.22380, -3.95690
0.22410, -1.02896
0.22440, 1.68446
0.22470, 4.10149
0.22500, 6.14024
0.22530, 7.73195
0.22560, 8.90395
0.22590, 9.72636
0.22620, 10.26951
0.22650, 10.60371
0.22680, 10.79928
0.22710, 10.92615
0.22740, 11.01343
0.22770, 11.01332
0.22800, 10.86951
0.22830, 10.52569
0.22860, 9.92554
0.22890, 9.01277
0.22920, 7.73735
0.22950, 6.10981
0.22980, 4.17454
0.23010, 1.97630
0.23040, -0.44016
0.23070, -3.03009
0.23100, -5.74869
0.23130, -8.53691
0.23160, -11.30201
0.23190, -13.94637
0.23220, -16.37237
0.23250, -18.48238
0.23280, -20.17876
0.23310, -21.37197
0.23340, -22.07676
0.23370, -22.38068
0.23400, -22.37273
0.23430, -22.14195
0.23460, -21.77735
0.23490, -21.36791
0.23520, -20.96102
0.23550, -20.47899
0.23580, -19.82077
0.23610, -18.88528
0.23640, -17.57147
0.23670, -15.77826
0.23700, -13.41196
0.23730, -10.51162
0.23760, -7.23130
0.23790, -3.72886
0.23820, -0.16217
0.23850, 3.31092
0.23880, 6.53253
0.23910, 9.37685
0.23940, 11.84112
0.23970, 13.95211
0.24000, 15.73660
0.24030, 17.22136
0.24060, 18.43315
0.24090, 19.39807
0.24120, 20.12423
0.24150, 20.60039
0.24180, 20.81439
0.24210, 20.75404
0.24240, 20.40716
0.24270, 19.76159
0.24300, 18.80761
0.24330, 17.54768
0.24360, 15.98801
0.24390, 14.13479
0.24420, 11.99422
0.24450, 9.57250
0.24480, 6.87674
0.24510, 3.95129
0.24540, 0.89025
0.24570, -2.20884
0.24600, -5.24843
0.24630, -8.13098
0.24660, -10.75893
0.24690, -13.04817
0.24720, -14.99978
0.24750, -16.64808
0.24780, -18.02749
0.24810, -19.17243
0.24840, -20.11730
0.24870, -20.89593
0.24900, -21.49917
0.24930, -21.84645
0.24960, -21.85045
0.24990, -21.42386
0.25020, -20.47935
0.25050, -18.92961
0.25080, -16.70566
0.25110, -13.88988
0.25140, -10.63922
0.25170, -7.11116
0.25200, -3.46317
0.25230, 0.14727
0.25260, 3.56295
0.25290, 6.67126
0.25320, 9.45236
0.25350, 11.89800
0.25380, 13.99995
0.25410, 15.74995
0.25440, 17.13976
0.25470, 18.16502
0.25500, 18.86374
0.25530, 19.30008
0.25560, 19.53858
0.25590, 19.64380
0.25620, 19.68028
0.25650, 19.71248
0.25680, 19.76617
0.25710, 19.76531
0.25740, 19.61735
0.25770, 19.22972
0.25800, 18.50987
0.25830, 17.36524
0.25860, 15.71027
0.25890, 13.56383
0.25920, 11.02495
0.25950, 8.19473
0.25980, 5.17425
0.26010, 2.06462
0.26040, -1.03308
0.26070, -4.03096
0.26100, -6.88537
0.26130, -9.56188
0.26160, -12.02607
0.26190, -14.24351
0.26220, -16.17979
0.26250, -17.80170
0.26280, -19.10199
0.26310, -20.09813
0.26340, -20.80857
0.26370, -21.25175
0.26400, -21.44614
0.26430, -21.41018
0.26460, -21.14844
0.26490, -20.60599
0.26520, -19.71197
0.26550, -18.39553
0.26580, -16.58579
0.26610, -14.21191
0.26640, -11.20699
0.26670, -7.63065
0.26700, -3.69199
0.26730, 0.39118
0.26760, 4.40112
0.26790, 8.12003
0.26820, 11.33015
0.26850, 13.85442
0.26880, 15.73970
0.26910, 17.10942
0.26940, 18.08709
0.26970, 18.79619
0.27000, 19.36023
0.27030, 19.90116
0.27060, 20.46003
0.27090, 20.95897
0.27120, 21.31063
0.27150, 21.42765
0.27180, 21.22264
0.27210, 20.60827
0.27240, 19.50825
0.27270, 17.92534
0.27300, 15.89649
0.27330, 13.45880
0.27360, 10.64937
0.27390, 7.50530
0.27420, 4.06399
0.27450, 0.39267
0.27480, -3.38670
0.27510, -7.14632
0.27540, -10.75835
0.27570, -14.09497
0.27600, -17.02837
0.27630, -19.44494
0.27660, -21.36371
0.27690, -22.87592
0.27720, -24.07356
0.27750, -25.04861
0.27780, -25.89303
0.27810, -26.69856
0.27840, -27.49589
0.27870, -28.17487
0.27900, -28.60557
0.27930, -28.65807
0.27960, -28.20245
0.27990, -27.10879
0.28020, -25.26024
0.28050, -22.70358
0.28080, -19.59688
0.28110, -16.10030
0.28140, -12.37402
0.28170, -8.57821
0.28200, -4.87302
0.28230, -1.38811
0.28260, 1.83602
0.28290, 4.77504
0.28320, 7.40463
0.28350, 9.70047
0.28380, 11.63825
0.28410, 13.19595
0.28440, 14.39157
0.28470, 15.27690
0.28500, 15.90479
0.28530, 16.32811
0.28560, 16.59971
0.28590, 16.77244
0.28620, 16.88723
0.28650, 16.94049
0.28680, 16.91821
0.28710, 16.80641
0.28740, 16.59111
0.28770, 16.25830
0.28800, 15.79403
0.28830, 15.18497
0.28860, 14.41845
0.28890, 13.48182
0.28920, 12.36246
0.28950, 11.04772
0.28980, 9.52497
0.29010, 7.79227
0.29040, 5.89888
0.29070, 3.90933
0.29100, 1.88816
0.29130, -0.10010
0.29160, -1.99090
0.29190, -3.72049
0.29220, -5.25576
0.29250, -6.60349
0.29280, -7.77311
0.29310, -8.77408
0.29340, -9.61584
0.29370, -10.30785
0.29400, -10.85804
0.29430, -11.26520
0.29460, -11.52462
0.29490, -11.63156
0.29520, -11.58131
0.29550, -11.36915
0.29580, -10.99052
0.29610, -10.45158
0.29640, -9.77594
0.29670, -8.98877
0.29700, -8.11526
0.29730, -7.18058
0.29760, -6.20990
0.29790, -5.22512
0.29820, -4.22169
0.29850, -3.18237
0.29880, -2.08986
0.29910, -0.92686
0.29940, 0.32394
0.29970, 1.67934
0.30000, 3.08470
0.30030, 4.34039
0.30060, 5.22925
0.30090, 5.53412
0.30120, 5.03783
0.30150, 3.52322
0.30180, 2.21218
0.30210, 1.22200
0.30240, 0.11191
0.30270, -1.10348
0.30300, -2.40954
0.30330, -3.79163
0.30360, -5.23514
0.30390, -6.72543
0.30420, -8.24788
0.30450, -9.78785
0.30480, -11.33073
0.30510, -12.86188
0.30540, -14.36667
0.30570, -15.83049
0.30600, -17.23869
0.30630, -18.57666
0.30660, -19.82977
0.30690, -20.98338
0.30720, -22.02287
0.30750, -23.04859
0.30780, -24.92344
0.30810, -25.77917
0.30840, -25.86100
0.30870, -25.41414
0.30900, -24.68381
0.30930, -23.91523
0.30960, -23.34557
0.30990, -23.04946
0.31020, -22.95036
0.31050, -22.96597
0.31080, -23.01401
0.31110, -23.01217
0.31140, -22.87819
0.31170, -22.54628
0.31200, -22.01953
0.31230, -21.31894
0.31260, -20.46552
0.31290, -19.48025
0.31320, -18.38414
0.31350, -17.19808
0.31380, -15.93987
0.31410, -14.62375
0.31440, -13.26376
0.31470, -11.87392
0.31500, -10.46827
0.31530, -9.06085
0.31560, -7.66802
0.31590, -6.31866
0.31620, -5.04580
0.31650, -3.88247
0.31680, -2.86170
0.31710, -2.01651
0.31740, -1.37939
0.31770, -0.95591
0.31800, -0.71304
0.31830, -0.61481
0.31860, -0.62523
0.31890, -0.70830
0.31920, -0.82803
0.31950, -0.95328
0.31980, -1.08640
0.32010, -1.24381
0.32040, -1.44202
0.32070, -1.69754
0.32100, -2.02685
0.32130, -2.44629
0.32160, -2.95660
0.32190, -3.53067
0.32220, -4.13850
0.32250, -4.75007
0.32280, -5.33539
0.32310, -5.86445
0.32340, -6.30881
0.32370, -6.65424
0.32400, -6.89401
0.32430, -7.02148
0.32460, -7.03001
0.32490, -6.91295
0.32520, -6.66370
0.32550, -6.28458
0.32580, -5.79797
0.32610, -5.22897
0.32640, -4.60270
0.32670, -3.94425
0.32700, -3.27874
0.32730, -2.62938
0.32760, -1.99651
0.32790, -1.36531
0.32820, -0.72068
0.32850, -0.04753
0.32880, 0.66923
0.32910, 1.44469
0.32940, 2.28597
0.32970, 3.17754
0.33000, 4.09986
0.33030, 5.03340
0.33060, 5.95863
0.33090, 6.85602
0.33120, 7.70665
0.33150, 8.50189
0.33180, 9.24156
0.33210, 9.92573
0.33240, 10.55450
0.33270, 11.12793
0.33300, 11.64611
0.33330, 12.10397
0.33360, 12.47774
0.33390, 12.73941
0.33420, 12.86100
0.33450, 12.81449
0.33480, 12.57189
0.33510, 12.10672
0.33540, 11.42895
0.33570, 10.58588
0.33600, 9.62648
0.33630, 8.59972
0.33660, 7.55458
0.33690, 6.54003
0.33720, 5.59655
0.33750, 4.72508
0.33780, 3.91513
0.33810, 3.15617
0.33840, 2.43770
0.33870, 1.74919
0.33900, 1.08054
0.33930, 0.43638
0.33960, -0.15995
0.33990, -0.68389
0.34020, -1.11089
0.34050, -1.41638
0.34080, -1.57581
0.34110, -1.56999
0.34140, -1.41179
0.34170, -1.12597
0.34200, -0.73727
0.34230, -0.27047
0.34260, 0.24969
0.34290, 0.79855
0.34320, 1.35900
0.34350, 1.92578
0.34380, 2.49468
0.34410, 3.06150
0.34440, 3.62203
0.34470, 4.17206
0.34500, 4.70854
0.34530, 5.23738
0.34560, 5.76865
0.34590, 6.31247
0.34620, 6.87894
0.34650, 7.47818
0.34680, 8.12019
0.34710, 8.80054
0.34740, 9.48635
0.34770, 10.14139
0.34800, 10.72944
0.34830, 11.21425
0.34860, 11.55961
0.34890, 11.73279
0.34920, 11.73708
0.34950, 11.59685
0.34980, 11.33675
0.35010, 10.98143
0.35040, 10.55552
0.35070, 10.08363
0.35100, 9.57195
0.35130, 8.98088
0.35160, 8.26382
0.35190, 7.37416
0.35220, 6.26527
0.35250, 4.89057
0.35280, 3.20920
0.35310, 1.26028
0.35340, -0.85868
0.35370, -3.04884
0.35400, -5.21135
0.35430, -7.24737
0.35460, -9.05807
0.35490, -10.57564
0.35520, -11.83045
0.35550, -12.87224
0.35580, -13.75076
0.35610, -14.51574
0.35640, -15.21692
0.35670, -15.90222
0.35700, -16.58378
0.35730, -17.24136
0.35760, -17.85352
0.35790, -18.39884
0.35820, -18.85588
0.35850, -19.20322
0.35880, -19.42369
0.35910, -19.51743
0.35940, -19.48894
0.35970, -19.34272
0.36000, -19.08328
0.36030, -18.71511
0.36060, -18.24271
0.36090, -17.67007
0.36120, -17.00064
0.36150, -16.23783
0.36180, -15.38507
0.36210, -14.44577
0.36240, -13.42334
0.36270, -12.32247
0.36300, -11.15434
0.36330, -9.93226
0.36360, -8.66953
0.36390, -7.37945
0.36420, -6.07533
0.36450, -4.77068
0.36480, -3.48873
0.36510, -2.26626
0.36540, -1.14106
0.36570, -0.15093
0.36600, 0.66633
0.36630, 1.27293
0.36660, 1.63837
0.36690, 1.78109
0.36720, 1.73960
0.36750, 1.55249
0.36780, 1.25835
0.36810, 0.89576
0.36840, 0.50305
0.36870, 0.09785
0.36900, -0.33833
0.36930, -0.82760
0.36960, -1.39206
0.36990, -2.05383
0.37020, -2.83502
0.37050, -3.75382
0.37080, -4.79402
0.37110, -5.92165
0.37140, -7.10261
0.37170, -8.30275
0.37200, -9.48798
0.37230, -10.62419
0.37260, -11.68380
0.37290, -12.65338
0.37320, -13.52141
0.37350, -14.27635
0.37380, -14.90667
0.37410, -15.40082
0.37440, -15.74869
0.37470, -15.95672
0.37500, -16.04203
0.37530, -16.02193
0.37560, -15.91374
0.37590, -15.73475
0.37620, -15.50227
0.37650, -15.22705
0.37680, -14.90171
0.37710, -14.51576
0.37740, -14.05872
0.37770, -13.52010
0.37800, -12.88941
0.37830, -12.15734
0.37860, -11.33315
0.37890, -10.44103
0.37920, -9.50564
0.37950, -8.55160
0.37980, -7.60353
0.38010, -6.68609
0.38040, -5.82342
0.38070, -5.03801
0.38100, -4.35198
0.38130, -3.78746
0.38160, -3.36657
0.38190, -3.11142
0.38220, -3.04296
0.38250, -3.15499
0.38280, -3.41427
0.38310, -3.78637
0.38340, -4.23686
0.38370, -4.73132
0.38400, -5.23532
0.38430, -5.72494
0.38460, -6.22368
0.38490, -6.76844
0.38520, -7.39609
0.38550, -8.14354
0.38580, -9.04767
0.38610, -10.14412
0.38640, -11.42467
0.38670, -12.82675
0.38700, -14.28445
0.38730, -15.73184
0.38760, -17.10301
0.38790, -18.33203
0.38820, -19.36289
0.38850, -20.19706
0.38880, -20.85673
0.38910, -21.36409
0.38940, -21.74137
0.38970, -22.01075
0.39000, -22.19426
0.39030, -22.30300
0.39060, -22.33124
0.39090, -22.27182
0.39120, -22.11760
0.39150, -21.86140
0.39180, -21.49608
0.39210, -21.01429
0.39240, -20.40734
0.39270, -19.66593
0.39300, -18.78074
0.39330, -17.74246
0.39360, -16.54179
0.39390, -15.16959
0.39420, -13.63877
0.39450, -12.00465
0.39480, -10.32738
0.39510, -8.66709
0.39540, -7.08392
0.39570, -5.63803
0.39600, -4.38527
0.39630, -3.33918
0.39660, -2.48914
0.39690, -1.82421
0.39720, -1.33349
0.39750, -1.00604
0.39780, -0.83097
0.39810, -0.80422
0.39840, -0.93836
0.39870, -1.24840
0.39900, -1.74935
0.39930, -2.45623
0.39960, -3.38407
0.39990, -4.54391
0.40020, -5.89373
0.40050, -7.35372
0.40080, -8.84324
0.40110, -10.28167
0.40140, -11.58839
0.40170, -12.68277
0.40200, -13.51004
0.40230, -14.09489
0.40260, -14.47729
0.40290, -14.69717
0.40320, -14.79450
0.40350, -14.80921
0.40380, -14.77972
0.40410, -14.71593
0.40440, -14.60250
0.40470, -14.42323
0.40500, -14.16188
0.40530, -13.80226
0.40560, -13.32815
0.40590, -12.72230
0.40620, -11.96341
0.40650, -11.02915
0.40680, -9.89722
0.40710, -8.54531
0.40740, -6.95110
0.40770, -5.09468
0.40800, -3.02165
0.40830, -0.84951
0.40860, 1.30052
0.40890, 3.30725
0.40920, 5.04948
0.40950, 6.40603
0.40980, 7.28473
0.41010, 7.73999
0.41040, 7.87229
0.41070, 7.78213
0.41100, 7.57001
0.41130, 7.33644
0.41160, 7.18014
0.41190, 7.12233
0.41220, 7.07866
0.41250, 6.95717
0.41280, 6.66590
0.41310, 6.11291
0.41340, 5.20623
0.41370, 3.87388
0.41400, 2.17376
0.41430, 0.21565
0.41460, -1.89051
0.41490, -4.03478
0.41520, -6.10724
0.41550, -7.99844
0.41580, -9.63771
0.41610, -11.02019
0.41640, -12.14741
0.41670, -13.02093
0.41700, -13.64229
0.41730, -14.01302
0.41760, -14.13410
0.41790, -14.00160
0.41820, -13.60914
0.41850, -12.95032
0.41880, -12.01873
0.41910, -10.80798
0.41940, -9.31178
0.41970, -7.54667
0.42000, -5.57769
0.42030, -3.47613
0.42060, -1.31328
0.42090, 0.83960
0.42120, 2.91122
0.42150, 4.83372
0.42180, 6.57784
0.42210, 8.13862
0.42240, 9.51152
0.42270, 10.69196
0.42300, 11.67538
0.42330, 12.45722
0.42360, 13.03665
0.42390, 13.42285
0.42420, 13.62666
0.42450, 13.65892
0.42480, 13.53047
0.42510, 13.25217
0.42540, 12.83476
0.42570, 12.28771
0.42600, 11.61945
0.42630, 10.83836
0.42660, 9.95286
0.42690, 8.97135
0.42720, 7.90222
0.42750, 6.76194
0.42780, 5.59457
0.42810, 4.45008
0.42840, 3.37847
0.42870, 2.42971
0.42900, 1.65377
0.42930, 1.09841
0.42960, 0.76237
0.42990, 0.59667
0.43020, 0.55040
0.43050, 0.57260
0.43080, 0.61234
0.43110, 0.61869
0.43140, 0.55503
0.43170, 0.44771
0.43200, 0.34034
0.43230, 0.27652
0.43260, 0.29986
0.43290, 0.45396
0.43320, 0.78128
0.43350, 1.28600
0.43380, 1.92609
0.43410, 2.65675
0.43440, 3.43319
0.43470, 4.21060
0.43500, 4.94419
0.43530, 5.59731
0.43560, 6.17927
0.43590, 6.71547
0.43620, 7.23133
0.43650, 7.75227
0.43680, 8.30369
0.43710, 8.91068
0.43740, 9.57907
0.43770, 10.28585
0.43800, 11.00564
0.43830, 11.71303
0.43860, 12.38264
0.43890, 12.98908
0.43920, 13.50620
0.43950, 13.90242
0.43980, 14.14374
0.44010, 14.19613
0.44040, 14.02559
0.44070, 13.59809
0.44100, 12.87998
0.44130, 11.87536
0.44160, 10.65918
0.44190, 9.31423
0.44220, 7.92325
0.44250, 6.56901
0.44280, 5.33427
0.44310, 4.29478
0.44340, 3.45894
0.44370, 2.79766
0.44400, 2.28145
0.44430, 1.88083
0.44460, 1.56629
0.44490, 1.30840
0.44520, 1.09093
0.44550, 0.92885
0.44580, 0.84162
0.44610, 0.84870
0.44640, 0.96956
0.44670, 1.22366
0.44700, 1.62957
0.44730, 2.19431
0.44760, 2.91691
0.44790, 3.79621
0.44820, 4.83107
0.44850, 6.02033
0.44880, 7.36285
0.44910, 8.84406
0.44940, 10.40935
0.44970, 11.99665
0.45000, 13.54385
0.45030, 14.98889
0.45060, 16.26967
0.45090, 17.32719
0.45120, 18.15734
0.45150, 18.80348
0.45180, 19.31047
0.45210, 19.72322
0.45240, 20.08660
0.45270, 20.44551
0.45300, 20.83574
0.45330, 21.25830
0.45360, 21.70589
0.45390, 22.17119
0.45420, 22.64692
0.45450, 23.12577
0.45480, 23.59972
0.45510, 24.04234
0.45540, 24.40744
0.45570, 24.64787
0.45600, 24.71647
0.45630, 24.56610
0.45660, 24.14960
0.45690, 23.43139
0.45720, 22.43265
0.45750, 21.19191
0.45780, 19.74770
0.45810, 18.13854
0.45840, 16.40298
0.45870, 14.57966
0.45900, 12.71209
0.45930, 10.85023
0.45960, 9.04447
0.45990, 7.34523
0.46020, 5.80291
0.46050, 4.46791
0.46080, 3.38184
0.46110, 2.53080
0.46140, 1.87928
0.46170, 1.39172
0.46200, 1.03257
0.46230, 0.76627
0.46260, 0.55750
0.46290, 0.38819
0.46320, 0.26876
0.46350, 0.21236
0.46380, 0.23210
0.46410, 0.34112
0.46440, 0.55254
0.46470, 0.87603
0.46500, 1.29292
0.46530, 1.77061
0.46560, 2.27643
0.46590, 2.77767
0.46620, 3.24165
0.46650, 3.63574
0.46680, 3.93460
0.46710, 4.12806
0.46740, 4.20785
0.46770, 4.16570
0.46800, 3.99331
0.46830, 3.68242
0.46860, 3.22619
0.46890, 2.63343
0.46920, 1.92259
0.46950, 1.11226
0.46980, 0.22103
0.47010, -0.73253
0.47040, -1.72981
0.47070, -2.74982
0.47100, -3.76521
0.47130, -4.74761
0.47160, -5.66868
0.47190, -6.50004
0.47220, -7.21332
0.47250, -7.78087
0.47280, -8.18511
0.47310, -8.41625
0.47340, -8.46467
0.47370, -8.32079
0.47400, -7.97498
0.47430, -7.41765
0.47460, -6.64498
0.47490, -5.67254
0.47520, -4.51989
0.47550, -3.20661
0.47580, -1.75226
0.47610, -0.17643
0.47640, 1.50080
0.47670, 3.24859
0.47700, 5.02585
0.47730, 6.79110
0.47760, 8.50287
0.47790, 10.11968
0.47820, 11.60004
0.47850, 12.91089
0.47880, 14.05502
0.47910, 15.04482
0.47940, 15.89266
0.47970, 16.61092
0.48000, 17.21196
0.48030, 17.70766
0.48060, 18.09403
0.48090, 18.34838
0.48120, 18.44696
0.48150, 18.36602
0.48180, 18.08180
0.48210, 17.57053
0.48240, 16.81557
0.48270, 15.83910
0.48300, 14.67654
0.48330, 13.36333
0.48360, 11.93491
0.48390, 10.42671
0.48420, 8.87384
0.48450, 7.29478
0.48480, 5.68365
0.48510, 4.03265
0.48540, 2.33394
0.48570, 0.57971
0.48600, -1.23784
0.48630, -3.12058
0.48660, -5.02803
0.48690, -6.90149
0.48720, -8.68219
0.48750, -10.31133
0.48780, -11.73013
0.48810, -12.87997
0.48840, -13.71875
0.48870, -14.23447
0.48900, -14.41840
0.48930, -14.26176
0.48960, -13.75582
0.48990, -12.89181
0.49020, -11.66457
0.49050, -10.10238
0.49080, -8.25166
0.49110, -6.15899
0.49140, -3.87096
0.49170, -1.43416
0.49200, 1.10479
0.49230, 3.69603
0.49260, 6.28214
0.49290, 8.80465
0.49320, 11.20511
0.49350, 13.42505
0.49380, 15.40601
0.49410, 17.09349
0.49440, 18.48215
0.49470, 19.60001
0.49500, 20.47569
0.49530, 21.13782
0.49560, 21.61505
0.49590, 21.93599
0.49620, 22.12437
0.49650, 22.18966
0.49680, 22.13875
0.49710, 21.97852
0.49740, 21.71586
0.49770, 21.35765
0.49800, 20.90983
0.49830, 20.36193
0.49860, 19.68969
0.49890, 18.86841
0.49920, 17.87338
0.49950, 16.67992
0.49980, 15.26332
0.50010, 13.60849
0.50040, 11.73610
0.50070, 9.67510
0.50100, 7.45445
0.50130, 5.10310
0.50160, 2.65002
0.50190, 0.12515
0.50220, -2.41669
0.50250, -4.89475
0.50280, -7.22702
0.50310, -9.33152
0.50340, -11.12627
0.50370, -12.52927
0.50400, -13.48021
0.50430, -14.02201
0.50460, -14.22830
0.50490, -14.17270
0.50520, -13.92884
0.50550, -13.57034
0.50580, -13.16963
0.50610, -12.75219
0.50640, -12.28269
0.50670, -11.72171
0.50700, -11.02987
0.50730, -10.16775
0.50760, -9.09596
0.50790, -7.78315
0.50820, -6.24735
0.50850, -4.52530
0.50880, -2.65376
0.50910, -0.66950
0.50940, 1.39073
0.50970, 3.49009
0.51000, 5.58707
0.51030, 7.63264
0.51060, 9.57707
0.51090, 11.37063
0.51120, 12.96362
0.51150, 14.30629
0.51180, 15.35647
0.51210, 16.13207
0.51240, 16.67969
0.51270, 17.04616
0.51300, 17.27826
0.51330, 17.42280
0.51360, 17.52646
0.51390, 17.61806
0.51420, 17.69037
0.51450, 17.73180
0.51480, 17.73079
0.51510, 17.67574
0.51540, 17.55508
0.51570, 17.35521
0.51600, 17.04131
0.51630, 16.56588
0.51660, 15.88121
0.51690, 14.93961
0.51720, 13.69340
0.51750, 12.09497
0.51780, 10.13611
0.51810, 7.90898
0.51840, 5.52151
0.51870, 3.08161
0.51900, 0.69722
0.51930, -1.52376
0.51960, -3.47835
0.51990, -5.13443
0.52020, -6.51277
0.52050, -7.63537
0.52080, -8.52426
0.52110, -9.20145
0.52140, -9.68897
0.52170, -10.00516
0.52200, -10.15655
0.52230, -10.14723
0.52260, -9.98131
0.52290, -9.66292
0.52320, -9.19614
0.52350, -8.58482
0.52380, -7.82729
0.52410, -6.91674
0.52440, -5.84622
0.52470, -4.60874
0.52500, -3.19731
0.52530, -1.60498
0.52560, 0.16272
0.52590, 2.04824
0.52620, 3.98055
0.52650, 5.88865
0.52680, 7.70151
0.52710, 9.34811
0.52740, 10.75888
0.52770, 11.90710
0.52800, 12.81532
0.52830, 13.50884
0.52860, 14.01293
0.52890, 14.35288
0.52920, 14.55396
0.52950, 14.64046
0.52980, 14.63126
0.53010, 14.54345
0.53040, 14.39415
0.53070, 14.20045
0.53100, 13.97946
0.53130, 13.74764
0.53160, 13.49045
0.53190, 13.14907
0.53220, 12.66129
0.53250, 11.96489
0.53280, 10.99766
0.53310, 9.69739
0.53340, 8.01892
0.53370, 6.03439
0.53400, 3.86522
0.53430, 1.63301
0.53460, -0.54065
0.53490, -2.53417
0.53520, -4.22658
0.53550, -5.55337
0.53580, -6.55058
0.53610, -7.26467
0.53640, -7.74208
0.53670, -8.02925
0.53700, -8.17261
0.53730, -8.21327
0.53760, -8.14419
0.53790, -7.93291
0.53820, -7.54672
0.53850, -6.95293
0.53880, -6.11883
0.53910, -5.01180
0.53940, -3.61447
0.53970, -1.94362
0.54000, -0.02063
0.54030, 2.13307
0.54060, 4.49609
0.54090, 7.04703
0.54120, 9.76203
0.54150, 12.58786
0.54180, 15.45187
0.54210, 18.28109
0.54240, 21.00251
0.54270, 23.54316
0.54300, 25.83006
0.54330, 27.81041
0.54360, 29.48852
0.54390, 30.87871
0.54420, 31.99533
0.54450, 32.85270
0.54480, 33.46515
0.54510, 33.84707
0.54540, 34.01352
0.54570, 33.98014
0.54600, 33.76258
0.54630, 33.37649
0.54660, 32.83753
0.54690, 32.16134
0.54720, 31.36103
0.54750, 30.44042
0.54780, 29.40125
0.54810, 28.24529
0.54840, 26.97426
0.54870, 25.58991
0.54900, 24.09382
0.54930, 22.48346
0.54960, 20.75213
0.54990, 18.89292
0.55020, 16.89894
0.55050, 14.76331
0.55080, 12.47912
0.55110, 10.05321
0.55140, 7.55599
0.55170, 5.07624
0.55200, 2.70276
0.55230, 0.52431
0.55260, -1.37030
0.55290, -2.89407
0.55320, -4.02475
0.55350, -4.82206
0.55380, -5.35095
0.55410, -5.67639
0.55440, -5.86333
0.55470, -5.97674
0.55500, -6.06783
0.55530, -6.10590
0.55560, -6.03012
0.55590, -5.77958
0.55620, -5.29340
0.55650, -4.51066
0.55680, -3.37106
0.55710, -1.85014
0.55740, 0.02007
0.55770, 2.20260
0.55800, 4.66046
0.55830, 7.35667
0.55860, 10.25426
0.55890, 13.31226
0.55920, 16.45897
0.55950, 19.60838
0.55980, 22.67439
0.56010, 25.57092
0.56040, 28.21186
0.56070, 30.51143
0.56100, 32.42162
0.56130, 33.96887
0.56160, 35.18828
0.56190, 36.11498
0.56220, 36.78409
0.56250, 37.23072
0.56280, 37.48753
0.56310, 37.56217
0.56340, 37.44764
0.56370, 37.13679
0.56400, 36.62245
0.56430, 35.89746
0.56460, 34.95469
0.56490, 33.79943
0.56520, 32.46773
0.56550, 31.00033
0.56580, 29.43799
0.56610, 27.82144
0.56640, 26.19145
0.56670, 24.58656
0.56700, 23.01509
0.56730, 21.46335
0.56760, 19.91715
0.56790, 18.36233
0.56820, 16.78468
0.56850, 15.17004
0.56880, 13.52045
0.56910, 11.88906
0.56940, 10.33907
0.56970, 8.93370
0.57000, 7.73615
0.57030, 6.80961
0.57060, 6.21394
0.57090, 5.94425
0.57120, 5.93713
0.57150, 6.12708
0.57180, 6.44859
0.57210, 6.83615
0.57240, 7.22424
0.57270, 7.56504
0.57300, 7.88206
0.57330, 8.21674
0.57360, 8.61053
0.57390, 9.10491
0.57420, 9.74131
0.57450, 10.55970
0.57480, 11.55737
0.57510, 12.68375
0.57540, 13.88574
0.57570, 15.11024
0.57600, 16.30416
0.57630, 17.41440
0.57660, 18.39636
0.57690, 19.24943
0.57720, 19.98716
0.57750, 20.62311
0.57780, 21.17084
0.57810, 21.64391
0.57840, 22.05574
0.57870, 22.41394
0.57900, 22.71796
0.57930, 22.96668
0.57960, 23.15896
0.57990, 23.29365
0.58020, 23.36964
0.58050, 23.38351
0.58080, 23.31671
0.58110, 23.14452
0.58140, 22.84217
0.58170, 22.38491
0.58200, 21.74799
0.58230, 20.90691
0.58260, 19.85837
0.58290, 18.63589
0.58320, 17.27667
0.58350, 15.81793
0.58380, 14.29686
0.58410, 12.75067
0.58440, 11.21407
0.58470, 9.70015
0.58500, 8.21085
0.58530, 6.74802
0.58560, 5.31351
0.58590, 3.90915
0.58620, 2.53686
0.58650, 1.20782
0.58680, -0.04654
0.58710, -1.19212
0.58740, -2.19484
0.58770, -3.02059
0.58800, -3.63527
0.58830, -4.00865
0.58860, -4.15524
0.58890, -4.11835
0.58920, -3.94179
0.58950, -3.66936
0.58980, -3.34486
0.59010, -3.01206
0.59040, -2.68585
0.59070, -2.30166
0.59100, -1.78131
0.59130, -1.04666
0.59160, -0.01953
0.59190, 1.37823
0.59220, 3.21217
0.59250, 5.34724
0.59280, 7.48765
0.59310, 9.33307
0.59340, 10.58321
0.59370, 10.93773
0.59400, 10.14569
0.59430, 9.72789
0.59460, 9.22442
0.59490, 8.64200
0.59520, 7.98736
0.59550, 7.26722
0.59580, 6.48832
0.59610, 5.65738
0.59640, 4.78113
0.59670, 3.86631
0.59700, 2.91963
0.59730, 1.94784
0.59760, 0.95765
0.59790, -0.04421
0.59820, -1.05100
0.59850, -2.05600
0.59880, -3.05247
0.59910, -4.03370
0.59940, -4.99295
0.59970, -5.92350
0.60000, -6.81861
0.60030, -7.67155
0.60060, -8.47560
0.60090, -9.22404
0.60120, -9.91012
0.60150, -10.52712
0.60180, -11.06832
0.60210, -12.37180
0.60240, -12.78402
0.60270, -12.40553
0.60300, -11.52539
0.60330, -10.43264
0.60360, -9.41635
0.60390, -8.76291
0.60420, -8.60337
0.60450, -8.83042
0.60480, -9.31652
0.60510, -9.93413
0.60540, -10.55570
0.60570, -11.05369
0.60600, -11.31266
0.60630, -11.30781
0.60660, -11.05547
0.60690, -10.57216
0.60720, -9.87439
0.60750, -8.97869
0.60780, -7.90157
0.60810, -6.65882
0.60840, -5.26484
0.60870, -3.73388
0.60900, -2.08019
0.60930, -0.31800
0.60960, 1.53843
0.60990, 3.47255
0.61020, 5.44506
0.61050, 7.40371
0.61080, 9.29609
0.61110, 11.06980
0.61140, 12.67243
0.61170, 14.05166
0.61200, 15.17830
0.61230, 16.07911
0.61260, 16.78906
0.61290, 17.34318
0.61320, 17.77645
0.61350, 18.12389
0.61380, 18.41668
0.61410, 18.63540
0.61440, 18.72467
0.61470, 18.62837
0.61500, 18.29037
0.61530, 17.65454
0.61560, 16.66477
0.61590, 15.29069
0.61620, 13.58084
0.61650, 11.59883
0.61680, 9.40828
0.61710, 7.07280
0.61740, 4.65599
0.61770, 2.22075
0.61800, -0.18315
0.61830, -2.51758
0.61860, -4.74476
0.61890, -6.82694
0.61920, -8.72636
0.61950, -10.40526
0.61980, -11.83403
0.62010, -13.01489
0.62040, -13.95791
0.62070, -14.67314
0.62100, -15.17061
0.62130, -15.46039
0.62160, -15.55205
0.62190, -15.44226
0.62220, -15.11354
0.62250, -14.54772
0.62280, -13.72662
0.62310, -12.63207
0.62340, -11.24587
0.62370, -9.56257
0.62400, -7.64057
0.62430, -5.55825
0.62460, -3.39403
0.62490, -1.22631
0.62520, 0.86651
0.62550, 2.80701
0.62580, 4.56067
0.62610, 6.15123
0.62640, 7.60660
0.62670, 8.95466
0.62700, 10.22331
0.62730, 11.44046
0.62760, 12.62791
0.62790, 13.76820
0.62820, 14.82817
0.62850, 15.77464
0.62880, 16.57443
0.62910, 17.19436
0.62940, 17.60166
0.62970, 17.79519
0.63000, 17.82741
0.63030, 17.75592
0.63060, 17.63836
0.63090, 17.53233
0.63120, 17.49545
0.63150, 17.57823
0.63180, 17.77112
0.63210, 18.03444
0.63240, 18.32828
0.63270, 18.61273
0.63300, 18.84788
0.63330, 18.99390
0.63360, 19.02495
0.63390, 18.94483
0.63420, 18.76112
0.63450, 18.48143
0.63480, 18.11335
0.63510, 17.66446
0.63540, 17.14246
0.63570, 16.55617
0.63600, 15.91513
0.63630, 15.22886
0.63660, 14.50693
0.63690, 13.75886
0.63720, 12.99419
0.63750, 12.22051
0.63780, 11.44014
0.63810, 10.65453
0.63840, 9.86515
0.63870, 9.07345
0.63900, 8.28088
0.63930, 7.48940
0.63960, 6.70885
0.63990, 5.95516
0.64020, 5.24445
0.64050, 4.59282
0.64080, 4.01640
0.64110, 3.53129
0.64140, 3.14683
0.64170, 2.84926
0.64200, 2.61990
0.64230, 2.44006
0.64260, 2.29104
0.64290, 2.15417
0.64320, 2.01107
0.64350, 1.85036
0.64380, 1.66747
0.64410, 1.45807
0.64440, 1.21787
0.64470, 0.94253
0.64500, 0.62777
0.64530, 0.27299
0.64560, -0.10607
0.64590, -0.48921
0.64620, -0.85625
0.64650, -1.18697
0.64680, -1.46120
0.64710, -1.65939
0.64740, -1.78344
0.64770, -1.86108
0.64800, -1.92154
0.64830, -1.99409
0.64860, -2.10797
0.64890, -2.29244
0.64920, -2.57121
0.64950, -2.93700
0.64980, -3.37171
0.65010, -3.85721
0.65040, -4.37538
0.65070, -4.90811
0.65100, -5.43739
0.65130, -5.95054
0.65160, -6.44291
0.65190, -6.91051
0.65220, -7.34935
0.65250, -7.75543
0.65280, -8.12475
0.65310, -8.45253
0.65340, -8.72821
0.65370, -8.93867
0.65400, -9.07081
0.65430, -9.11151
0.65460, -9.04764
0.65490, -8.86621
0.65520, -8.56657
0.65550, -8.17118
0.65580, -7.70504
0.65610, -7.19314
0.65640, -6.66046
0.65670, -6.13199
0.65700, -5.63165
0.65730, -5.17285
0.65760, -4.76326
0.65790, -4.41045
0.65820, -4.12200
0.65850, -3.90549
0.65880, -3.76848
0.65910, -3.71000
0.65940, -3.70908
0.65970, -3.74189
0.66000, -3.78457
0.66030, -3.81330
0.66060, -3.80422
0.66090, -3.73632
0.66120, -3.62467
0.66150, -3.50934
0.66180, -3.43090
0.66210, -3.42992
0.66240, -3.54697
0.66270, -3.82259
0.66300, -4.27871
0.66330, -4.88161
0.66360, -5.58730
0.66390, -6.35177
0.66420, -7.13101
0.66450, -7.88103
0.66480, -8.55937
0.66510, -9.15110
0.66540, -9.66500
0.66570, -10.11062
0.66600, -10.49751
0.66630, -10.83521
0.66660, -11.13327
0.66690, -11.39508
0.66720, -11.60056
0.66750, -11.72405
0.66780, -11.73989
0.66810, -11.62243
0.66840, -11.34600
0.66870, -10.88596
0.66900, -10.24348
0.66930, -9.44737
0.66960, -8.52775
0.66990, -7.51477
0.67020, -6.43856
0.67050, -5.32925
0.67080, -4.21496
0.67110, -3.11398
0.67140, -2.04159
0.67170, -1.01307
0.67200, -0.04372
0.67230, 0.85119
0.67260, 1.65649
0.67290, 2.36199
0.67320, 2.96408
0.67350, 3.45962
0.67380, 3.84544
0.67410, 4.11839
0.67440, 4.27533
0.67470, 4.31305
0.67500, 4.22808
0.67530, 4.01685
0.67560, 3.67577
0.67590, 3.20127
0.67620, 2.58977
0.67650, 1.83794
0.67680, 0.96112
0.67710, 0.00537
0.67740, -0.98037
0.67770, -1.94716
0.67800, -2.84605
0.67830, -3.62810
0.67860, -4.24951
0.67890, -4.70863
0.67920, -5.02438
0.67950, -5.21585
0.67980, -5.30211
0.68010, -5.30223
0.68040, -5.23527
0.68070, -5.11578
0.68100, -4.94901
0.68130, -4.73910
0.68160, -4.49014
0.68190, -4.20626
0.68220, -3.89156
0.68250, -3.55059
0.68280, -3.19226
0.68310, -2.82822
0.68340, -2.47014
0.68370, -2.12971
0.68400, -1.81861
0.68430, -1.54850
0.68460, -1.33118
0.68490, -1.17874
0.68520, -1.10328
0.68550, -1.11695
0.68580, -1.23186
0.68610, -1.46014
0.68640, -1.81300
0.68670, -2.28807
0.68700, -2.87265
0.68730, -3.55377
0.68760, -4.31847
0.68790, -5.15379
0.68820, -6.04675
0.68850, -6.97919
0.68880, -7.91574
0.68910, -8.81745
0.68940, -9.64535
0.68970, -10.36051
0.69000, -10.92395
0.69030, -11.29867
0.69060, -11.48792
0.69090, -11.53307
0.69120, -11.47700
0.69150, -11.36257
0.69180, -11.23266
0.69210, -11.13014
0.69240, -11.08272
0.69270, -11.05367
0.69300, -10.98914
0.69330, -10.83528
0.69360, -10.53826
0.69390, -10.04421
0.69420, -9.30117
0.69450, -8.31516
0.69480, -7.16040
0.69510, -5.91495
0.69540, -4.65690
0.69570, -3.46432
0.69600, -2.41531
0.69630, -1.57394
0.69660, -0.92798
0.69690, -0.43930
0.69720, -0.06976
0.69750, 0.21878
0.69780, 0.46447
0.69810, 0.70425
0.69840, 0.91345
0.69870, 0.97745
0.69900, 0.77455
0.69930, 0.18304
0.69960, -0.91881
0.69990, -2.65269
0.70020, -5.11019
0.70050, -8.17039
0.70080, -11.62100
0.70110, -15.24938
0.70140, -18.84291
0.70170, -22.18894
0.70200, -25.07585
0.70230, -27.38993
0.70260, -29.19582
0.70290, -30.57710
0.70320, -31.61735
0.70350, -32.40013
0.70380, -33.00901
0.70410, -33.52032
0.70440, -33.94340
0.70470, -34.25138
0.70500, -34.41702
0.70530, -34.41312
0.70560, -34.21243
0.70590, -33.78786
0.70620, -33.13991
0.70650, -32.33233
0.70680, -31.43766
0.70710, -30.52843
0.70740, -29.67720
0.70770, -28.95650
