-0.40470, -20.20429
-0.40440, -19.78007
-0.40410, -19.33435
-0.40380, -18.84914
-0.40350, -18.30642
-0.40320, -17.68818
-0.40290, -16.97643
-0.40260, -16.15450
-0.40230, -15.22337
-0.40200, -14.19632
-0.40170, -13.08687
-0.40140, -11.90857
-0.40110, -10.67495
-0.40080, -9.39954
-0.40050, -8.09348
-0.40020, -6.76038
-0.39990, -5.40237
-0.39960, -4.02156
-0.39930, -2.62009
-0.39900, -1.20008
-0.39870, 0.23601
-0.39840, 1.67878
-0.39810, 3.11224
-0.39780, 4.52018
-0.39750, 5.88638
-0.39720, 7.19463
-0.39690, 8.42869
-0.39660, 9.57336
-0.39630, 10.61790
-0.39600, 11.55282
-0.39570, 12.36861
-0.39540, 13.05578
-0.39510, 13.60484
-0.39480, 14.00657
-0.39450, 14.26248
-0.39420, 14.38765
-0.39390, 14.39805
-0.39360, 14.30964
-0.39330, 14.13838
-0.39300, 13.90022
-0.39270, 13.61177
-0.39240, 13.29363
-0.39210, 12.96798
-0.39180, 12.65696
-0.39150, 12.38274
-0.39120, 12.16748
-0.39090, 12.03314
-0.39060, 11.98428
-0.39030, 11.99575
-0.39000, 12.03943
-0.38970, 12.08722
-0.38940, 12.11101
-0.38910, 12.08271
-0.38880, 11.97960
-0.38850, 11.82760
-0.38820, 11.67850
-0.38790, 11.58428
-0.38760, 11.59695
-0.38730, 11.76851
-0.38700, 12.15084
-0.38670, 12.76405
-0.38640, 13.55367
-0.38610, 14.45457
-0.38580, 15.40159
-0.38550, 16.32960
-0.38520, 17.17346
-0.38490, 17.87137
-0.38460, 18.40713
-0.38430, 18.79731
-0.38400, 19.05922
-0.38370, 19.21018
-0.38340, 19.26749
-0.38310, 19.24846
-0.38280, 19.17383
-0.38250, 19.07549
-0.38220, 18.98758
-0.38190, 18.94427
-0.38160, 18.97972
-0.38130, 19.12807
-0.38100, 19.42186
-0.38070, 19.85792
-0.38040, 20.39850
-0.38010, 21.00442
-0.37980, 21.63650
-0.37950, 22.25556
-0.37920, 22.82242
-0.37890, 23.30471
-0.37860, 23.70130
-0.37830, 24.02001
-0.37800, 24.26864
-0.37770, 24.45500
-0.37740, 24.58689
-0.37710, 24.67212
-0.37680, 24.71857
-0.37650, 24.73418
-0.37620, 24.72689
-0.37590, 24.70466
-0.37560, 24.67543
-0.37530, 24.64716
-0.37500, 24.62687
-0.37470, 24.61559
-0.37440, 24.61200
-0.37410, 24.61472
-0.37380, 24.62242
-0.37350, 24.63372
-0.37320, 24.64729
-0.37290, 24.66136
-0.37260, 24.67346
-0.37230, 24.68106
-0.37200, 24.68162
-0.37170, 24.67260
-0.37140, 24.65147
-0.37110, 24.61413
-0.37080, 24.54191
-0.37050, 24.40813
-0.37020, 24.18604
-0.36990, 23.84889
-0.36960, 23.36994
-0.36930, 22.72249
-0.36900, 21.89562
-0.36870, 20.91668
-0.36840, 19.81872
-0.36810, 18.63477
-0.36780, 17.39784
-0.36750, 16.14099
-0.36720, 14.89631
-0.36690, 13.68302
-0.36660, 12.51072
-0.36630, 11.38878
-0.36600, 10.32658
-0.36570, 9.33350
-0.36540, 8.41893
-0.36510, 7.59156
-0.36480, 6.85783
-0.36450, 6.22370
-0.36420, 5.69513
-0.36390, 5.27807
-0.36360, 4.97849
-0.36330, 4.80151
-0.36300, 4.73350
-0.36270, 4.74208
-0.36240, 4.79403
-0.36210, 4.85613
-0.36180, 4.89519
-0.36150, 4.87800
-0.36120, 4.77769
-0.36090, 4.59748
-0.36060, 4.34949
-0.36030, 4.04583
-0.36000, 3.69864
-0.35970, 3.32002
-0.35940, 2.92221
-0.35910, 2.52184
-0.35880, 2.14146
-0.35850, 1.80407
-0.35820, 1.53264
-0.35790, 1.35016
-0.35760, 1.27959
-0.35730, 1.33912
-0.35700, 1.51457
-0.35670, 1.77843
-0.35640, 2.10316
-0.35610, 2.46124
-0.35580, 2.82512
-0.35550, 3.16725
-0.35520, 3.46010
-0.35490, 3.67607
-0.35460, 3.78759
-0.35430, 3.76708
-0.35400, 3.58695
-0.35370, 3.21962
-0.35340, 2.64297
-0.35310, 1.88801
-0.35280, 1.01576
-0.35250, 0.08758
-0.35220, -0.83516
-0.35190, -1.69111
-0.35160, -2.41897
-0.35130, -2.98005
-0.35100, -3.39225
-0.35070, -3.68216
-0.35040, -3.87638
-0.35010, -4.00150
-0.34980, -4.08413
-0.34950, -4.14963
-0.34920, -4.20537
-0.34890, -4.24492
-0.34860, -4.26150
-0.34830, -4.24835
-0.34800, -4.19868
-0.34770, -4.10574
-0.34740, -3.96414
-0.34710, -3.77330
-0.34680, -3.53374
-0.34650, -3.24593
-0.34620, -2.91038
-0.34590, -2.52756
-0.34560, -2.09807
-0.34530, -1.62451
-0.34500, -1.11159
-0.34470, -0.56411
-0.34440, 0.01312
-0.34410, 0.61531
-0.34380, 1.23764
-0.34350, 1.87347
-0.34320, 2.50702
-0.34290, 3.11976
-0.34260, 3.69312
-0.34230, 4.20857
-0.34200, 4.64755
-0.34170, 4.99170
-0.34140, 5.23104
-0.34110, 5.36721
-0.34080, 5.40270
-0.34050, 5.34001
-0.34020, 5.18164
-0.33990, 4.93007
-0.33960, 4.58836
-0.33930, 4.16343
-0.33900, 3.66384
-0.33870, 3.09817
-0.33840, 2.47499
-0.33810, 1.80287
-0.33780, 1.09036
-0.33750, 0.34371
-0.33720, -0.43511
-0.33690, -1.24466
-0.33660, -2.08345
-0.33630, -2.95002
-0.33600, -3.84291
-0.33570, -4.75933
-0.33540, -5.68328
-0.33510, -6.59104
-0.33480, -7.45883
-0.33450, -8.26282
-0.33420, -8.97923
-0.33390, -9.58426
-0.33360, -10.06513
-0.33330, -10.43751
-0.33300, -10.72157
-0.33270, -10.93750
-0.33240, -11.10548
-0.33210, -11.24569
-0.33180, -11.37829
-0.33150, -11.52312
-0.33120, -11.69977
-0.33090, -11.92782
-0.33060, -12.22685
-0.33030, -12.61644
-0.33000, -13.11615
-0.32970, -13.73085
-0.32940, -14.41225
-0.32910, -15.10011
-0.32880, -15.73417
-0.32850, -16.25420
-0.32820, -16.59994
-0.32790, -16.71348
-0.32760, -16.59677
-0.32730, -16.31515
-0.32700, -15.93703
-0.32670, -15.53079
-0.32640, -15.16485
-0.32610, -14.90760
-0.32580, -14.81068
-0.32550, -14.84067
-0.32520, -14.93722
-0.32490, -15.04001
-0.32460, -15.08867
-0.32430, -15.02286
-0.32400, -14.78321
-0.32370, -14.35665
-0.32340, -13.79635
-0.32310, -13.16053
-0.32280, -12.50741
-0.32250, -11.89522
-0.32220, -11.38218
-0.32190, -11.01969
-0.32160, -10.80992
-0.32130, -10.73341
-0.32100, -10.77063
-0.32070, -10.90203
-0.32040, -11.10806
-0.32010, -11.36918
-0.31980, -11.66625
-0.31950, -11.98088
-0.31920, -12.29477
-0.31890, -12.58960
-0.31860, -12.84709
-0.31830, -13.04893
-0.31800, -13.17873
-0.31770, -13.24042
-0.31740, -13.25007
-0.31710, -13.22393
-0.31680, -13.17824
-0.31650, -13.12925
-0.31620, -13.09320
-0.31590, -13.08032
-0.31560, -13.08483
-0.31530, -13.09828
-0.31500, -13.11225
-0.31470, -13.11830
-0.31440, -13.10801
-0.31410, -13.07378
-0.31380, -13.02169
-0.31350, -12.96890
-0.31320, -12.93291
-0.31290, -12.93119
-0.31260, -12.98122
-0.31230, -13.10050
-0.31200, -13.29922
-0.31170, -13.56046
-0.31140, -13.86098
-0.31110, -14.17752
-0.31080, -14.48684
-0.31050, -14.76568
-0.31020, -14.99117
-0.30990, -15.15064
-0.30960, -15.24253
-0.30930, -15.26585
-0.30900, -15.21961
-0.30870, -15.10282
-0.30840, -14.91449
-0.30810, -14.65716
-0.30780, -14.35197
-0.30750, -14.02613
-0.30720, -13.70685
-0.30690, -13.42133
-0.30660, -13.19679
-0.30630, -13.05973
-0.30600, -12.99954
-0.30570, -12.95097
-0.30540, -12.84444
-0.30510, -12.61033
-0.30480, -12.17904
-0.30450, -11.48098
-0.30420, -10.46064
-0.30390, -9.16814
-0.30360, -7.70143
-0.30330, -6.15870
-0.30300, -4.63813
-0.30270, -3.23793
-0.30240, -2.05591
-0.30210, -1.14261
-0.30180, -0.45391
-0.30150, 0.06559
-0.30120, 0.47128
-0.30090, 0.81855
-0.30060, 1.16278
-0.30030, 1.55597
-0.30000, 2.01288
-0.29970, 2.52525
-0.29940, 3.08445
-0.29910, 3.68189
-0.29880, 4.30894
-0.29850, 4.95698
-0.29820, 5.61450
-0.29790, 6.26192
-0.29760, 6.87829
-0.29730, 7.44269
-0.29700, 7.93415
-0.29670, 8.33175
-0.29640, 8.61567
-0.29610, 8.78527
-0.29580, 8.85594
-0.29550, 8.84355
-0.29520, 8.76398
-0.29490, 8.63311
-0.29460, 8.46681
-0.29430, 8.27747
-0.29400, 8.06402
-0.29370, 7.82216
-0.29340, 7.54757
-0.29310, 7.23596
-0.29280, 6.88301
-0.29250, 6.48451
-0.29220, 6.03878
-0.29190, 5.54704
-0.29160, 5.01063
-0.29130, 4.43092
-0.29100, 3.80925
-0.29070, 3.14699
-0.29040, 2.44520
-0.29010, 1.70329
-0.28980, 0.92017
-0.28950, 0.09472
-0.28920, -0.77419
-0.28890, -1.68766
-0.28860, -2.64653
-0.28830, -3.63566
-0.28800, -4.61572
-0.28770, -5.54535
-0.28740, -6.38319
-0.28710, -7.08789
-0.28680, -7.61808
-0.28650, -7.93973
-0.28620, -8.07567
-0.28590, -8.07530
-0.28560, -7.98819
-0.28530, -7.86389
-0.28500, -7.75197
-0.28470, -7.70180
-0.28440, -7.73519
-0.28410, -7.81704
-0.28380, -7.90523
-0.28350, -7.95763
-0.28320, -7.93212
-0.28290, -7.78657
-0.28260, -7.48311
-0.28230, -7.03263
-0.28200, -6.47705
-0.28170, -5.85882
-0.28140, -5.22037
-0.28110, -4.60415
-0.28080, -4.05257
-0.28050, -3.59535
-0.28020, -3.22604
-0.27990, -2.93176
-0.27960, -2.69964
-0.27930, -2.51681
-0.27900, -2.37040
-0.27870, -2.24818
-0.27840, -2.14917
-0.27810, -2.08210
-0.27780, -2.05602
-0.27750, -2.07995
-0.27720, -2.16295
-0.27690, -2.31406
-0.27660, -2.53691
-0.27630, -2.81358
-0.27600, -3.12079
-0.27570, -3.43523
-0.27540, -3.73361
-0.27510, -3.99264
-0.27480, -4.19003
-0.27450, -4.33417
-0.27420, -4.46897
-0.27390, -4.64031
-0.27360, -4.89409
-0.27330, -5.27618
-0.27300, -5.83247
-0.27270, -6.60268
-0.27240, -7.59171
-0.27210, -8.79234
-0.27180, -10.19734
-0.27150, -11.79944
-0.27120, -13.59142
-0.27090, -15.56551
-0.27060, -17.68221
-0.27030, -19.85240
-0.27000, -21.98266
-0.26970, -23.97958
-0.26940, -25.74974
-0.26910, -27.19971
-0.26880, -28.24906
-0.26850, -28.92192
-0.26820, -29.29286
-0.26790, -29.43681
-0.26760, -29.42866
-0.26730, -29.34332
-0.26700, -29.25555
-0.26670, -29.21373
-0.26640, -29.21011
-0.26610, -29.22975
-0.26580, -29.25771
-0.26550, -29.27903
-0.26520, -29.27877
-0.26490, -29.24380
-0.26460, -29.18274
-0.26430, -29.11847
-0.26400, -29.07411
-0.26370, -29.07279
-0.26340, -29.13765
-0.26310, -29.29180
-0.26280, -29.54443
-0.26250, -29.86374
-0.26220, -30.21040
-0.26190, -30.54508
-0.26160, -30.82848
-0.26130, -31.02127
-0.26100, -31.08676
-0.26070, -31.03749
-0.26040, -30.92958
-0.26010, -30.82070
-0.25980, -30.76849
-0.25950, -30.83060
-0.25920, -31.06468
-0.25890, -31.51289
-0.25860, -32.15345
-0.25830, -32.94811
-0.25800, -33.85859
-0.25770, -34.84663
-0.25740, -35.87397
-0.25710, -36.90259
-0.25680, -37.90274
-0.25650, -38.85450
-0.25620, -39.73852
-0.25590, -40.53546
-0.25560, -41.22599
-0.25530, -41.79076
-0.25500, -42.21269
-0.25470, -42.48790
-0.25440, -42.61725
-0.25410, -42.60162
-0.25380, -42.44189
-0.25350, -42.13893
-0.25320, -41.69371
-0.25290, -41.11258
-0.25260, -40.41059
-0.25230, -39.60356
-0.25200, -38.70734
-0.25170, -37.73774
-0.25140, -36.71060
-0.25110, -35.64149
-0.25080, -34.54380
-0.25050, -33.42985
-0.25020, -32.31194
-0.24990, -31.20236
-0.24960, -30.11342
-0.24930, -29.05742
-0.24900, -28.04642
-0.24870, -27.09196
-0.24840, -26.20550
-0.24810, -25.39852
-0.24780, -24.68247
-0.24750, -24.06882
-0.24720, -23.56762
-0.24690, -23.17118
-0.24660, -22.85980
-0.24630, -22.61356
-0.24600, -22.41256
-0.24570, -22.23687
-0.24540, -22.06658
-0.24510, -21.88428
-0.24480, -21.68022
-0.24450, -21.44611
-0.24420, -21.17363
-0.24390, -20.85448
-0.24360, -20.48037
-0.24330, -20.04357
-0.24300, -19.54799
-0.24270, -19.00811
-0.24240, -18.43882
-0.24210, -17.85498
-0.24180, -17.27147
-0.24150, -16.70317
-0.24120, -16.16062
-0.24090, -15.63581
-0.24060, -15.11579
-0.24030, -14.58761
-0.24000, -14.03831
-0.23970, -13.45495
-0.23940, -12.82472
-0.23910, -12.13979
-0.23880, -11.39848
-0.23850, -10.59945
-0.23820, -9.74138
-0.23790, -8.82296
-0.23760, -7.84286
-0.23730, -6.80186
-0.23700, -5.71347
-0.23670, -4.59590
-0.23640, -3.46741
-0.23610, -2.34623
-0.23580, -1.25060
-0.23550, -0.19871
-0.23520, 0.79601
-0.23490, 1.72794
-0.23460, 2.59223
-0.23430, 3.38402
-0.23400, 4.09843
-0.23370, 4.73061
-0.23340, 5.27600
-0.23310, 5.73267
-0.23280, 6.10006
-0.23250, 6.37760
-0.23220, 6.56473
-0.23190, 6.66090
-0.23160, 6.66554
-0.23130, 6.58026
-0.23100, 6.41148
-0.23070, 6.16631
-0.23040, 5.85185
-0.23010, 5.47520
-0.22980, 5.04346
-0.22950, 4.56388
-0.22920, 4.04555
-0.22890, 3.49885
-0.22860, 2.93417
-0.22830, 2.36192
-0.22800, 1.79250
-0.22770, 1.23631
-0.22740, 0.69937
-0.22710, 0.17393
-0.22680, -0.35048
-0.22650, -0.88430
-0.22620, -1.43801
-0.22590, -2.02206
-0.22560, -2.64499
-0.22530, -3.27575
-0.22500, -3.84611
-0.22470, -4.28639
-0.22440, -4.52689
-0.22410, -4.49793
-0.22380, -4.12982
-0.22350, -3.38076
-0.22320, -2.33202
-0.22290, -1.09889
-0.22260, 0.20337
-0.22230, 1.45948
-0.22200, 2.55416
-0.22170, 3.37446
-0.22140, 3.89196
-0.22110, 4.18518
-0.22080, 4.33950
-0.22050, 4.44032
-0.22020, 4.57303
-0.21990, 4.82301
-0.21960, 5.25922
-0.21930, 5.84801
-0.21900, 6.51619
-0.21870, 7.19049
-0.21840, 7.79763
-0.21810, 8.26434
-0.21780, 8.51792
-0.21750, 8.52989
-0.21720, 8.34753
-0.21690, 8.02552
-0.21660, 7.61855
-0.21630, 7.18132
-0.21600, 6.76851
-0.21570, 6.42905
-0.21540, 6.15996
-0.21510, 5.93075
-0.21480, 5.71069
-0.21450, 5.46906
-0.21420, 5.17511
-0.21390, 4.79819
-0.21360, 4.32412
-0.21330, 3.77736
-0.21300, 3.18790
-0.21270, 2.58573
-0.21240, 2.00083
-0.21210, 1.46318
-0.21180, 1.00103
-0.21150, 0.61900
-0.21120, 0.30477
-0.21090, 0.04563
-0.21060, -0.17112
-0.21030, -0.35818
-0.21000, -0.52826
-0.20970, -0.69503
-0.20940, -0.87526
-0.20910, -1.08639
-0.20880, -1.34585
-0.20850, -1.67105
-0.20820, -2.07942
-0.20790, -2.58701
-0.20760, -3.17987
-0.20730, -3.81505
-0.20700, -4.44840
-0.20670, -5.03576
-0.20640, -5.53298
-0.20610, -5.89592
-0.20580, -6.09330
-0.20550, -6.15274
-0.20520, -6.11865
-0.20490, -6.03546
-0.20460, -5.94760
-0.20430, -5.89947
-0.20400, -5.93484
-0.20370, -6.07130
-0.20340, -6.29235
-0.20310, -6.57923
-0.20280, -6.91315
-0.20250, -7.27534
-0.20220, -7.64701
-0.20190, -8.01051
-0.20160, -8.35539
-0.20130, -8.67409
-0.20100, -8.95903
-0.20070, -9.20267
-0.20040, -9.39743
-0.20010, -9.53583
-0.19980, -9.61657
-0.19950, -9.64932
-0.19920, -9.64486
-0.19890, -9.61395
-0.19860, -9.56737
-0.19830, -9.51591
-0.19800, -9.46981
-0.19770, -9.43447
-0.19740, -9.41263
-0.19710, -9.40700
-0.19680, -9.42030
-0.19650, -9.45523
-0.19620, -9.51450
-0.19590, -9.59434
-0.19560, -9.67545
-0.19530, -9.73619
-0.19500, -9.75494
-0.19470, -9.71007
-0.19440, -9.57995
-0.19410, -9.34407
-0.19380, -8.99775
-0.19350, -8.54800
-0.19320, -8.00211
-0.19290, -7.36736
-0.19260, -6.65104
-0.19230, -5.86045
-0.19200, -4.99995
-0.19170, -4.06407
-0.19140, -3.04529
-0.19110, -1.93607
-0.19080, -0.72888
-0.19050, 0.58381
-0.19020, 2.00809
-0.18990, 3.51713
-0.18960, 5.05124
-0.18930, 6.54936
-0.18900, 7.95039
-0.18870, 9.19324
-0.18840, 10.21684
-0.18810, 10.97507
-0.18780, 11.49258
-0.18750, 11.81491
-0.18720, 11.98762
-0.18690, 12.05626
-0.18660, 12.06637
-0.18630, 12.06302
-0.18600, 12.07013
-0.18570, 12.08335
-0.18540, 12.09631
-0.18510, 12.10265
-0.18480, 12.09601
-0.18450, 12.07003
-0.18420, 12.02434
-0.18390, 11.99878
-0.18360, 12.04968
-0.18330, 12.23345
-0.18300, 12.60648
-0.18270, 13.22517
-0.18240, 14.14549
-0.18210, 15.38284
-0.18180, 16.87884
-0.18150, 18.56727
-0.18120, 20.38193
-0.18090, 22.25659
-0.18060, 24.12504
-0.18030, 25.92386
-0.18000, 27.61659
-0.17970, 29.18202
-0.17940, 30.59908
-0.17910, 31.84672
-0.17880, 32.90387
-0.17850, 33.74952
-0.17820, 34.37727
-0.17790, 34.81721
-0.17760, 35.10502
-0.17730, 35.27641
-0.17700, 35.36706
-0.17670, 35.41266
-0.17640, 35.44734
-0.17610, 35.48218
-0.17580, 35.51067
-0.17550, 35.52587
-0.17520, 35.52082
-0.17490, 35.48858
-0.17460, 35.42220
-0.17430, 35.32186
-0.17400, 35.21252
-0.17370, 35.12455
-0.17340, 35.08829
-0.17310, 35.13411
-0.17280, 35.29236
-0.17250, 35.59205
-0.17220, 36.02989
-0.17190, 36.56944
-0.17160, 37.17271
-0.17130, 37.80176
-0.17100, 38.41860
-0.17070, 38.98527
-0.17040, 39.46985
-0.17010, 39.87007
-0.16980, 40.19268
-0.16950, 40.44443
-0.16920, 40.63207
-0.16890, 40.76237
-0.16860, 40.84213
-0.16830, 40.87979
-0.16800, 40.88614
-0.16770, 40.87211
-0.16740, 40.84864
-0.16710, 40.82667
-0.16680, 40.81715
-0.16650, 40.82887
-0.16620, 40.85588
-0.16590, 40.88593
-0.16560, 40.90676
-0.16530, 40.90612
-0.16500, 40.87173
-0.16470, 40.79149
-0.16440, 40.66959
-0.16410, 40.54076
-0.16380, 40.44311
-0.16350, 40.41475
-0.16320, 40.49378
-0.16290, 40.71832
-0.16260, 41.12049
-0.16230, 41.67212
-0.16200, 42.30996
-0.16170, 42.97036
-0.16140, 43.58966
-0.16110, 44.10420
-0.16080, 44.45036
-0.16050, 44.58682
-0.16020, 44.52973
-0.15990, 44.30436
-0.15960, 43.93599
-0.15930, 43.44990
-0.15900, 42.87136
-0.15870, 42.22613
-0.15840, 41.54733
-0.15810, 40.87385
-0.15780, 40.24476
-0.15750, 39.69911
-0.15720, 39.27597
-0.15690, 39.01438
-0.15660, 38.93384
-0.15630, 38.98341
-0.15600, 39.09635
-0.15570, 39.20590
-0.15540, 39.24531
-0.15510, 39.14782
-0.15480, 38.84858
-0.15450, 38.33090
-0.15420, 37.62901
-0.15390, 36.77962
-0.15360, 35.81942
-0.15330, 34.78508
-0.15300, 33.71332
-0.15270, 32.63556
-0.15240, 31.55670
-0.15210, 30.47322
-0.15180, 29.38162
-0.15150, 28.27839
-0.15120, 27.16004
-0.15090, 26.02320
-0.15060, 24.87200
-0.15030, 23.72121
-0.15000, 22.58641
-0.14970, 21.48321
-0.14940, 20.42717
-0.14910, 19.43389
-0.14880, 18.51913
-0.14850, 17.69999
-0.14820, 16.99412
-0.14790, 16.41919
-0.14760, 15.99286
-0.14730, 15.73281
-0.14700, 15.65662
-0.14670, 15.77323
-0.14640, 16.07480
-0.14610, 16.55160
-0.14580, 17.19388
-0.14550, 17.99190
-0.14520, 18.93591
-0.14490, 20.01363
-0.14460, 21.18608
-0.14430, 22.39826
-0.14400, 23.59499
-0.14370, 24.72107
-0.14340, 25.72131
-0.14310, 26.54054
-0.14280, 27.14665
-0.14250, 27.56879
-0.14220, 27.84625
-0.14190, 28.01827
-0.14160, 28.12412
-0.14130, 28.20308
-0.14100, 28.29228
-0.14070, 28.39477
-0.14040, 28.48600
-0.14010, 28.54059
-0.13980, 28.53320
-0.13950, 28.43847
-0.13920, 28.23104
-0.13890, 27.89438
-0.13860, 27.44477
-0.13830, 26.90611
-0.13800, 26.30231
-0.13770, 25.65728
-0.13740, 24.99493
-0.13710, 24.33820
-0.13680, 23.68443
-0.13650, 23.00298
-0.13620, 22.26184
-0.13590, 21.42899
-0.13560, 20.47240
-0.13530, 19.36004
-0.13500, 18.06742
-0.13470, 16.60936
-0.13440, 15.01353
-0.13410, 13.30761
-0.13380, 11.51928
-0.13350, 9.67622
-0.13320, 7.80589
-0.13290, 5.92428
-0.13260, 4.03054
-0.13230, 2.12249
-0.13200, 0.19793
-0.13170, -1.74531
-0.13140, -3.70942
-0.13110, -5.69156
-0.13080, -7.65124
-0.13050, -9.53096
-0.13020, -11.27317
-0.12990, -12.82026
-0.12960, -14.11468
-0.12930, -15.09916
-0.12900, -15.75736
-0.12870, -16.15470
-0.12840, -16.36628
-0.12810, -16.46721
-0.12780, -16.53258
-0.12750, -16.63751
-0.12720, -16.85036
-0.12690, -17.16575
-0.12660, -17.53274
-0.12630, -17.89977
-0.12600, -18.21524
-0.12570, -18.42758
-0.12540, -18.48524
-0.12510, -18.37093
-0.12480, -18.16158
-0.12450, -17.95017
-0.12420, -17.82968
-0.12390, -17.89310
-0.12360, -18.23339
-0.12330, -18.93790
-0.12300, -19.99809
-0.12270, -21.32560
-0.12240, -22.82958
-0.12210, -24.41921
-0.12180, -26.00367
-0.12150, -27.49212
-0.12120, -28.80990
-0.12090, -29.94462
-0.12060, -30.89884
-0.12030, -31.67513
-0.12000, -32.27605
-0.11970, -32.70417
-0.11940, -32.96269
-0.11910, -33.07273
-0.11880, -33.07553
-0.11850, -33.01342
-0.11820, -32.92869
-0.11790, -32.86365
-0.11760, -32.86062
-0.11730, -32.95450
-0.11700, -33.14003
-0.11670, -33.39845
-0.11640, -33.71096
-0.11610, -34.05877
-0.11580, -34.42307
-0.11550, -34.78517
-0.11520, -35.13142
-0.11490, -35.45578
-0.11460, -35.75287
-0.11430, -36.01730
-0.11400, -36.24369
-0.11370, -36.42664
-0.11340, -36.55829
-0.11310, -36.61150
-0.11280, -36.55016
-0.11250, -36.33812
-0.11220, -35.93922
-0.11190, -35.31729
-0.11160, -34.43639
-0.11130, -33.29363
-0.11100, -31.95415
-0.11070, -30.49147
-0.11040, -28.97911
-0.11010, -27.49060
-0.10980, -26.09946
-0.10950, -24.87406
-0.10920, -23.82397
-0.10890, -22.92138
-0.10860, -22.13785
-0.10830, -21.44496
-0.10800, -20.81429
-0.10770, -20.21743
-0.10740, -19.63295
-0.10710, -19.05924
-0.10680, -18.49824
-0.10650, -17.95185
-0.10620, -17.42199
-0.10590, -16.91056
-0.10560, -16.42004
-0.10530, -15.96259
-0.10500, -15.55869
-0.10470, -15.22913
-0.10440, -14.99466
-0.10410, -14.87606
-0.10380, -14.89408
-0.10350, -15.05820
-0.10320, -15.33288
-0.10290, -15.67138
-0.10260, -16.02700
-0.10230, -16.35299
-0.10200, -16.60262
-0.10170, -16.73006
-0.10140, -16.71602
-0.10110, -16.57194
-0.10080, -16.31094
-0.10050, -15.94618
-0.10020, -15.49078
-0.09990, -14.95789
-0.09960, -14.36288
-0.09930, -13.73380
-0.09900, -13.10305
-0.09870, -12.50308
-0.09840, -11.96632
-0.09810, -11.52520
-0.09780, -11.21179
-0.09750, -11.03582
-0.09720, -10.97219
-0.09690, -10.99280
-0.09660, -11.06954
-0.09630, -11.17428
-0.09600, -11.27893
-0.09570, -11.35781
-0.09540, -11.40491
-0.09510, -11.42369
-0.09480, -11.41764
-0.09450, -11.39029
-0.09420, -11.34513
-0.09390, -11.28562
-0.09360, -11.20710
-0.09330, -11.08759
-0.09300, -10.90292
-0.09270, -10.62893
-0.09240, -10.24142
-0.09210, -9.71624
-0.09180, -9.03300
-0.09150, -8.21652
-0.09120, -7.32122
-0.09090, -6.40203
-0.09060, -5.51389
-0.09030, -4.71174
-0.09000, -4.05051
-0.08970, -3.57188
-0.08940, -3.27864
-0.08910, -3.16648
-0.08880, -3.23109
-0.08850, -3.46816
-0.08820, -3.87338
-0.08790, -4.44152
-0.08760, -5.15041
-0.08730, -5.96287
-0.08700, -6.84121
-0.08670, -7.74774
-0.08640, -8.64477
-0.08610, -9.49461
-0.08580, -10.26600
-0.08550, -10.95419
-0.08520, -11.56124
-0.08490, -12.08923
-0.08460, -12.54020
-0.08430, -12.91623
-0.08400, -13.21976
-0.08370, -13.46517
-0.08340, -13.68105
-0.08310, -13.89685
-0.08280, -14.14199
-0.08250, -14.44591
-0.08220, -14.83803
-0.08190, -15.33961
-0.08160, -15.92450
-0.08130, -16.54941
-0.08100, -17.17108
-0.08070, -17.74622
-0.08040, -18.23155
-0.08010, -18.58418
-0.07980, -18.78731
-0.07950, -18.86612
-0.07920, -18.84954
-0.07890, -18.76651
-0.07860, -18.64599
-0.07830, -18.51690
-0.07800, -18.40636
-0.07770, -18.32607
-0.07740, -18.28009
-0.07710, -18.27245
-0.07680, -18.30715
-0.07650, -18.38822
-0.07620, -18.51958
-0.07590, -18.69114
-0.07560, -18.86198
-0.07530, -18.98711
-0.07500, -19.02152
-0.07470, -18.92022
-0.07440, -18.63821
-0.07410, -18.13535
-0.07380, -17.43153
-0.07350, -16.58721
-0.07320, -15.66360
-0.07290, -14.72193
-0.07260, -13.82340
-0.07230, -13.02923
-0.07200, -12.38549
-0.07170, -11.89225
-0.07140, -11.54090
-0.07110, -11.32283
-0.07080, -11.22943
-0.07050, -11.25209
-0.07020, -11.38173
-0.06990, -11.60017
-0.06960, -11.88095
-0.06930, -12.19728
-0.06900, -12.52241
-0.06870, -12.82956
-0.06840, -13.09196
-0.06810, -13.28716
-0.06780, -13.41121
-0.06750, -13.46502
-0.06720, -13.44956
-0.06690, -13.36574
-0.06660, -13.21452
-0.06630, -12.99711
-0.06600, -12.72419
-0.06570, -12.41809
-0.06540, -12.10180
-0.06510, -11.79835
-0.06480, -11.53074
-0.06450, -11.32199
-0.06420, -11.18673
-0.06390, -11.08902
-0.06360, -10.97418
-0.06330, -10.78744
-0.06300, -10.47408
-0.06270, -9.97934
-0.06240, -9.24896
-0.06210, -8.26325
-0.06180, -7.05977
-0.06150, -5.68148
-0.06120, -4.17133
-0.06090, -2.57226
-0.06060, -0.92723
-0.06030, 0.72403
-0.06000, 2.36948
-0.05970, 4.01131
-0.05940, 5.65182
-0.05910, 7.29332
-0.05880, 8.93809
-0.05850, 10.58838
-0.05820, 12.23384
-0.05790, 13.83565
-0.05760, 15.35105
-0.05730, 16.73729
-0.05700, 17.95162
-0.05670, 18.95130
-0.05640, 19.69777
-0.05610, 20.20654
-0.05580, 20.53081
-0.05550, 20.72451
-0.05520, 20.84160
-0.05490, 20.93600
-0.05460, 21.06166
-0.05430, 21.24890
-0.05400, 21.45396
-0.05370, 21.61856
-0.05340, 21.68444
-0.05310, 21.59335
-0.05280, 21.28701
-0.05250, 20.71010
-0.05220, 19.86794
-0.05190, 18.82268
-0.05160, 17.63869
-0.05130, 16.38033
-0.05100, 15.11196
-0.05070, 13.89794
-0.05040, 12.79172
-0.05010, 11.79862
-0.04980, 10.91073
-0.04950, 10.12013
-0.04920, 9.41890
-0.04890, 8.79913
-0.04860, 8.25305
-0.04830, 7.77860
-0.04800, 7.38086
-0.04770, 7.06541
-0.04740, 6.83780
-0.04710, 6.70359
-0.04680, 6.66836
-0.04650, 6.73558
-0.04620, 6.89590
-0.04590, 7.13499
-0.04560, 7.43853
-0.04530, 7.79218
-0.04500, 8.18162
-0.04470, 8.59265
-0.04440, 9.02069
-0.04410, 9.47763
-0.04380, 9.97698
-0.04350, 10.53223
-0.04320, 11.15688
-0.04290, 11.86444
-0.04260, 12.66480
-0.04230, 13.53553
-0.04200, 14.43712
-0.04170, 15.32990
-0.04140, 16.17421
-0.04110, 16.93038
-0.04080, 17.55881
-0.04050, 18.03899
-0.04020, 18.39498
-0.03990, 18.65720
-0.03960, 18.85606
-0.03930, 19.02198
-0.03900, 19.18537
-0.03870, 19.37360
-0.03840, 19.57300
-0.03810, 19.74048
-0.03780, 19.83229
-0.03750, 19.80470
-0.03720, 19.61395
-0.03690, 19.21633
-0.03660, 18.59090
-0.03630, 17.79071
-0.03600, 16.88381
-0.03570, 15.93824
-0.03540, 15.02205
-0.03510, 14.20328
-0.03480, 13.54759
-0.03450, 13.06939
-0.03420, 12.73352
-0.03390, 12.50282
-0.03360, 12.34011
-0.03330, 12.20823
-0.03300, 12.07000
-0.03270, 11.89428
-0.03240, 11.67738
-0.03210, 11.42344
-0.03180, 11.13656
-0.03150, 10.82090
-0.03120, 10.48056
-0.03090, 10.11946
-0.03060, 9.73249
-0.03030, 9.30283
-0.03000, 8.81287
-0.02970, 8.24503
-0.02940, 7.58170
-0.02910, 6.80528
-0.02880, 5.90654
-0.02850, 4.93026
-0.02820, 3.94265
-0.02790, 3.00997
-0.02760, 2.19850
-0.02730, 1.57451
-0.02700, 1.20378
-0.02670, 1.11060
-0.02640, 1.24619
-0.02610, 1.55433
-0.02580, 1.97881
-0.02550, 2.46340
-0.02520, 2.95190
-0.02490, 3.39208
-0.02460, 3.76901
-0.02430, 4.08805
-0.02400, 4.35480
-0.02370, 4.57484
-0.02340, 4.75374
-0.02310, 4.89709
-0.02280, 5.00781
-0.02250, 5.08248
-0.02220, 5.11674
-0.02190, 5.10621
-0.02160, 5.04654
-0.02130, 4.93335
-0.02100, 4.76291
-0.02070, 4.54037
-0.02040, 4.27748
-0.02010, 3.98611
-0.01980, 3.67815
-0.01950, 3.36547
-0.01920, 3.05998
-0.01890, 2.77779
-0.01860, 2.54925
-0.01830, 2.40771
-0.01800, 2.38648
-0.01770, 2.51892
-0.01740, 2.83834
-0.01710, 3.37594
-0.01680, 4.11387
-0.01650, 4.98552
-0.01620, 5.92217
-0.01590, 6.85510
-0.01560, 7.71561
-0.01530, 8.43497
-0.01500, 8.96121
-0.01470, 9.32134
-0.01440, 9.56562
-0.01410, 9.74431
-0.01380, 9.90769
-0.01350, 10.10602
-0.01320, 10.38852
-0.01290, 10.76125
-0.01260, 11.17241
-0.01230, 11.56614
-0.01200, 11.88661
-0.01170, 12.07796
-0.01140, 12.08436
-0.01110, 11.85722
-0.01080, 11.39666
-0.01050, 10.72272
-0.01020, 9.85550
-0.00990, 8.81512
-0.00960, 7.62169
-0.00930, 6.29543
-0.00900, 4.86709
-0.00870, 3.38656
-0.00840, 1.90577
-0.00810, 0.47662
-0.00780, -0.84898
-0.00750, -2.01911
-0.00720, -2.98731
-0.00690, -3.76002
-0.00660, -4.37341
-0.00630, -4.86398
-0.00600, -5.26823
-0.00570, -5.62266
-0.00540, -5.96371
-0.00510, -6.30398
-0.00480, -6.59672
-0.00450, -6.78609
-0.00420, -6.81626
-0.00390, -6.63139
-0.00360, -6.17564
-0.00330, -5.40352
-0.00300, -4.42152
-0.00270, -3.45184
-0.00240, -2.71958
-0.00210, -2.44983
-0.00180, -2.86768
-0.00150, -4.19822
-0.00120, -6.53495
-0.00090, -9.51481
-0.00060, -12.67577
-0.00030, -15.55583
0.00000, -17.69295
0.00030, -18.62512
0.00060, -17.90953
0.00090, -15.56519
0.00120, -12.08430
0.00150, -7.98053
0.00180, -3.76757
0.00210, 0.04093
0.00240, 2.93127
0.00270, 4.49916
0.00300, 4.87410
0.00330, 4.34815
0.00360, 3.21342
0.00390, 1.76200
0.00420, 0.28600
0.00450, -0.92615
0.00480, -1.75034
0.00510, -2.28921
0.00540, -2.66196
0.00570, -2.98780
0.00600, -3.38594
0.00630, -3.97559
0.00660, -4.85504
0.00690, -5.97764
0.00720, -7.23538
0.00750, -8.52004
0.00780, -9.72341
0.00810, -10.73725
0.00840, -11.45392
0.00870, -11.82813
0.00900, -11.93122
0.00930, -11.84738
0.00960, -11.66077
0.00990, -11.45557
0.01020, -11.31595
0.01050, -11.31895
0.01080, -11.46959
0.01110, -11.73117
0.01140, -12.06650
0.01170, -12.43836
0.01200, -12.80955
0.01230, -13.14289
0.01260, -13.41720
0.01290, -13.65236
0.01320, -13.87476
0.01350, -14.11081
0.01380, -14.38690
0.01410, -14.72944
0.01440, -15.16287
0.01470, -15.68137
0.01500, -16.25545
0.01530, -16.85496
0.01560, -17.44976
0.01590, -18.00972
0.01620, -18.50468
0.01650, -18.91337
0.01680, -19.24632
0.01710, -19.52120
0.01740, -19.75566
0.01770, -19.96736
0.01800, -20.17396
0.01830, -20.39206
0.01860, -20.61114
0.01890, -20.79206
0.01920, -20.89431
0.01950, -20.87739
0.01980, -20.70081
0.02010, -20.32405
0.02040, -19.72079
0.02070, -18.93633
0.02100, -18.03850
0.02130, -17.09515
0.02160, -16.17412
0.02190, -15.34327
0.02220, -14.66955
0.02250, -14.17783
0.02280, -13.83303
0.02310, -13.59554
0.02340, -13.42574
0.02370, -13.28399
0.02400, -13.13068
0.02430, -12.93430
0.02460, -12.72166
0.02490, -12.54505
0.02520, -12.45685
0.02550, -12.50948
0.02580, -12.75531
0.02610, -13.24647
0.02640, -14.00100
0.02670, -14.97119
0.02700, -16.10185
0.02730, -17.33778
0.02760, -18.62377
0.02790, -19.90463
0.02820, -21.12696
0.02850, -22.25640
0.02880, -23.26995
0.02910, -24.14474
0.02940, -24.85794
0.02970, -25.38669
0.03000, -25.70817
0.03030, -25.82229
0.03060, -25.78924
0.03090, -25.67911
0.03120, -25.56203
0.03150, -25.50808
0.03180, -25.58737
0.03210, -25.86553
0.03240, -26.33612
0.03270, -26.93451
0.03300, -27.59440
0.03330, -28.24948
0.03360, -28.83346
0.03390, -29.28004
0.03420, -29.54237
0.03450, -29.64579
0.03480, -29.63238
0.03510, -29.54423
0.03540, -29.42342
0.03570, -29.31203
0.03600, -29.25101
0.03630, -29.25023
0.03660, -29.28586
0.03690, -29.33236
0.03720, -29.36419
0.03750, -29.35582
0.03780, -29.28171
0.03810, -29.12229
0.03840, -28.88922
0.03870, -28.60429
0.03900, -28.28931
0.03930, -27.96608
0.03960, -27.65642
0.03990, -27.38180
0.04020, -27.14629
0.04050, -26.92848
0.04080, -26.70492
0.04110, -26.45216
0.04140, -26.14678
0.04170, -25.76532
0.04200, -25.28918
0.04230, -24.73575
0.04260, -24.13866
0.04290, -23.53163
0.04320, -22.94836
0.04350, -22.42257
0.04380, -21.98781
0.04410, -21.65642
0.04440, -21.39851
0.04470, -21.17917
0.04500, -20.96351
0.04530, -20.71662
0.04560, -20.40360
0.04590, -19.99300
0.04620, -19.49078
0.04650, -18.92599
0.04680, -18.32802
0.04710, -17.72625
0.04740, -17.15005
0.04770, -16.62881
0.04800, -16.19257
0.04830, -15.87315
0.04860, -15.70268
0.04890, -15.71328
0.04920, -15.93710
0.04950, -16.40625
0.04980, -17.15173
0.05010, -18.18519
0.05040, -19.50224
0.05070, -21.09799
0.05100, -22.96755
0.05130, -25.10602
0.05160, -27.50853
0.05190, -30.15556
0.05220, -32.97150
0.05250, -35.86728
0.05280, -38.75383
0.05310, -41.54207
0.05340, -44.14293
0.05370, -46.47085
0.05400, -48.53997
0.05430, -50.47609
0.05460, -52.41087
0.05490, -54.47598
0.05520, -56.80310
0.05550, -59.52391
0.05580, -62.73343
0.05610, -66.32854
0.05640, -70.13944
0.05670, -73.99629
0.05700, -77.72922
0.05730, -81.16840
0.05760, -84.14623
0.05790, -86.62142
0.05820, -88.74336
0.05850, -90.67726
0.05880, -92.58831
0.05910, -94.64174
0.05940, -97.00274
0.05970, -99.81125
0.06000, -103.01193
0.06030, -106.45861
0.06060, -110.00457
0.06090, -113.50311
0.06120, -116.80752
0.06150, -119.77154
0.06180, -122.31654
0.06210, -124.50279
0.06240, -126.40764
0.06270, -128.10843
0.06300, -129.68252
0.06330, -131.20725
0.06360, -132.74972
0.06390, -134.26059
0.06420, -135.61661
0.06450, -136.69334
0.06480, -137.36636
0.06510, -137.51123
0.06540, -137.00359
0.06570, -135.77413
0.06600, -133.90972
0.06630, -131.52471
0.06660, -128.73347
0.06690, -125.65036
0.06720, -122.38973
0.06750, -119.06516
0.06780, -115.77655
0.06810, -112.61205
0.06840, -109.65942
0.06870, -107.00643
0.06900, -104.74086
0.06930, -102.95048
0.06960, -101.70082
0.06990, -100.96914
0.07020, -100.71077
0.07050, -100.88104
0.07080, -101.43529
0.07110, -102.32885
0.07140, -103.51680
0.07170, -104.94646
0.07200, -106.55621
0.07230, -108.28394
0.07260, -110.06752
0.07290, -111.84484
0.07320, -113.55380
0.07350, -115.12907
0.07380, -116.48749
0.07410, -117.53967
0.07440, -118.19621
0.07470, -118.36772
0.07500, -117.96480
0.07530, -116.89859
0.07560, -115.11287
0.07590, -112.60218
0.07620, -109.36542
0.07650, -105.40152
0.07680, -100.70940
0.07710, -95.28798
0.07740, -89.16136
0.07770, -82.55527
0.07800, -75.79234
0.07830, -69.19578
0.07860, -63.08883
0.07890, -57.79471
0.07920, -53.63584
0.07950, -50.79697
0.07980, -49.17107
0.08010, -48.61386
0.08040, -48.98109
0.08070, -50.12849
0.08100, -51.91181
0.08130, -54.18938
0.08160, -56.85028
0.08190, -59.80372
0.08220, -62.95923
0.08250, -66.22638
0.08280, -69.51471
0.08310, -72.73376
0.08340, -75.78960
0.08370, -78.57812
0.08400, -80.99337
0.08430, -82.92936
0.08460, -84.28014
0.08490, -84.93974
0.08520, -84.80767
0.08550, -83.88486
0.08580, -82.26179
0.08610, -80.03201
0.08640, -77.28904
0.08670, -74.12643
0.08700, -70.63773
0.08730, -66.90742
0.08760, -62.98288
0.08790, -58.90191
0.08820, -54.70235
0.08850, -50.42202
0.08880, -46.09873
0.08910, -41.77585
0.08940, -37.67418
0.08970, -34.22518
0.09000, -31.87257
0.09030, -31.06007
0.09060, -32.23138
0.09090, -35.83021
0.09120, -42.16682
0.09150, -50.77792
0.09180, -60.92228
0.09210, -71.85827
0.09240, -82.84430
0.09270, -93.13874
0.09300, -102.00573
0.09330, -109.08788
0.09360, -114.63465
0.09390, -118.95014
0.09420, -122.33845
0.09450, -125.10369
0.09480, -127.54995
0.09510, -129.92633
0.09540, -132.02456
0.09570, -133.40974
0.09600, -133.64531
0.09630, -132.29473
0.09660, -128.92147
0.09690, -123.09044
0.09720, -114.65430
0.09750, -104.09500
0.09780, -91.97776
0.09810, -78.86779
0.09840, -65.33032
0.09870, -51.93054
0.09900, -39.21669
0.09930, -27.52709
0.09960, -17.05863
0.09990, -8.00552
0.10020, -0.56200
0.10050, 5.07770
0.10080, 8.71942
0.10110, 10.26820
0.10140, 9.92959
0.10170, 7.96583
0.10200, 4.63915
0.10230, 0.21179
0.10260, -5.05401
0.10290, -10.89614
0.10320, -17.05483
0.10350, -23.27248
0.10380, -29.29153
0.10410, -34.85446
0.10440, -39.70372
0.10470, -43.58177
0.10500, -46.29414
0.10530, -47.91448
0.10560, -48.58760
0.10590, -48.45833
0.10620, -47.67150
0.10650, -46.37194
0.10680, -44.70100
0.10710, -42.68170
0.10740, -40.19235
0.10770, -37.10243
0.10800, -33.28143
0.10830, -28.59884
0.10860, -22.92414
0.10890, -16.17354
0.10920, -8.54351
0.10950, -0.33459
0.10980, 8.15251
0.11010, 16.61706
0.11040, 24.75836
0.11070, 32.27718
0.11100, 38.98133
0.11130, 44.85550
0.11160, 49.90100
0.11190, 54.11908
0.11220, 57.51105
0.11250, 60.07818
0.11280, 61.82907
0.11310, 62.83549
0.11340, 63.20150
0.11370, 63.03144
0.11400, 62.42962
0.11430, 61.50036
0.11460, 60.34791
0.11490, 59.05864
0.11520, 57.67852
0.11550, 56.24801
0.11580, 54.80757
0.11610, 53.39763
0.11640, 52.05865
0.11670, 50.82940
0.11700, 49.72690
0.11730, 48.75311
0.11760, 47.90966
0.11790, 47.19821
0.11820, 46.62038
0.11850, 46.17783
0.11880, 45.88614
0.11910, 45.80454
0.11940, 46.00076
0.11970, 46.54254
0.12000, 47.49762
0.12030, 48.93374
0.12060, 50.91320
0.12090, 53.38664
0.12120, 56.20026
0.12150, 59.19620
0.12180, 62.21663
0.12210, 65.10370
0.12240, 67.69956
0.12270, 69.88032
0.12300, 71.67133
0.12330, 73.13896
0.12360, 74.34954
0.12390, 75.36944
0.12420, 76.26501
0.12450, 77.10015
0.12480, 77.84910
0.12510, 78.37325
0.12540, 78.52676
0.12570, 78.16381
0.12600, 77.13856
0.12630, 75.30518
0.12660, 72.55898
0.12690, 69.05091
0.12720, 65.02997
0.12750, 60.74535
0.12780, 56.44625
0.12810, 52.38187
0.12840, 48.79993
0.12870, 45.83190
0.12900, 43.41116
0.12930, 41.45181
0.12960, 39.86792
0.12990, 38.57358
0.13020, 37.48286
0.13050, 36.52210
0.13080, 35.72738
0.13110, 35.19265
0.13140, 35.01237
0.13170, 35.28104
0.13200, 36.09312
0.13230, 37.54280
0.13260, 39.65016
0.13290, 42.26253
0.13320, 45.20270
0.13350, 48.29343
0.13380, 51.35752
0.13410, 54.21772
0.13440, 56.70581
0.13470, 58.77420
0.13500, 60.46164
0.13530, 61.80876
0.13560, 62.85620
0.13590, 63.64459
0.13620, 64.21455
0.13650, 64.58578
0.13680, 64.71014
0.13710, 64.52584
0.13740, 63.97107
0.13770, 62.98401
0.13800, 61.50285
0.13830, 59.47014
0.13860, 56.92204
0.13890, 53.98498
0.13920, 50.78906
0.13950, 47.46438
0.13980, 44.14105
0.14010, 40.94917
0.14040, 38.00546
0.14070, 35.36590
0.14100, 33.06916
0.14130, 31.15392
0.14160, 29.65888
0.14190, 28.62271
0.14220, 28.08310
0.14250, 28.03870
0.14280, 28.43759
0.14310, 29.22442
0.14340, 30.34388
0.14370, 31.74066
0.14400, 33.35941
0.14430, 35.15715
0.14460, 37.17022
0.14490, 39.46639
0.14520, 42.11352
0.14550, 45.17945
0.14580, 48.73204
0.14610, 52.83787
0.14640, 57.45418
0.14670, 62.34611
0.14700, 67.25931
0.14730, 71.93946
0.14760, 76.13221
0.14790, 79.58323
0.14820, 82.06415
0.14850, 83.58838
0.14880, 84.30079
0.14910, 84.34759
0.14940, 83.87497
0.14970, 83.02913
0.15000, 81.95602
0.15030, 80.72577
0.15060, 79.22608
0.15090, 77.31774
0.15120, 74.86158
0.15150, 71.71838
0.15180, 67.74897
0.15210, 62.83262
0.15240, 57.10783
0.15270, 50.90422
0.15300, 44.55586
0.15330, 38.39681
0.15360, 32.76116
0.15390, 27.98295
0.15420, 24.28991
0.15450, 21.55390
0.15480, 19.57240
0.15510, 18.14287
0.15540, 17.06278
0.15570, 16.12962
0.15600, 15.14873
0.15630, 14.10465
0.15660, 13.15976
0.15690, 12.48409
0.15720, 12.24766
0.15750, 12.62051
0.15780, 13.77264
0.15810, 15.84209
0.15840, 18.81631
0.15870, 22.63851
0.15900, 27.25191
0.15930, 32.59970
0.15960, 38.62510
0.15990, 45.26866
0.16020, 52.36152
0.16050, 59.58850
0.16080, 66.62424
0.16110, 73.14336
0.16140, 78.82050
0.16170, 83.33029
0.16200, 86.40623
0.16230, 88.17443
0.16260, 88.92163
0.16290, 88.93503
0.16320, 88.50185
0.16350, 87.90930
0.16380, 87.44259
0.16410, 87.19601
0.16440, 86.91806
0.16470, 86.32080
0.16500, 85.11628
0.16530, 83.01657
0.16560, 79.73371
0.16590, 75.01794
0.16620, 68.98887
0.16650, 61.97324
0.16680, 54.30008
0.16710, 46.29842
0.16740, 38.29731
0.16770, 30.62559
0.16800, 23.54801
0.16830, 17.17002
0.16860, 11.57276
0.16890, 6.83734
0.16920, 3.04489
0.16950, 0.27654
0.16980, -1.39393
0.17010, -2.00058
0.17040, -1.65940
0.17070, -0.48838
0.17100, 1.39447
0.17130, 3.87113
0.17160, 6.82359
0.17190, 10.14342
0.17220, 13.75534
0.17250, 17.59124
0.17280, 21.58301
0.17310, 25.66253
0.17340, 29.76170
0.17370, 33.81240
0.17400, 37.74628
0.17430, 41.49478
0.17460, 44.98934
0.17490, 48.16138
0.17520, 50.94234
0.17550, 53.26363
0.17580, 55.07098
0.17610, 56.37963
0.17640, 57.22594
0.17670, 57.64630
0.17700, 57.67709
0.17730, 57.35468
0.17760, 56.71442
0.17790, 55.74636
0.17820, 54.37809
0.17850, 52.53269
0.17880, 50.13321
0.17910, 47.10271
0.17940, 43.36427
0.17970, 38.86954
0.18000, 33.76785
0.18030, 28.29204
0.18060, 22.67522
0.18090, 17.15052
0.18120, 11.95105
0.18150, 7.30894
0.18180, 3.35131
0.18210, 0.00913
0.18240, -2.80808
0.18270, -5.19085
0.18300, -7.22966
0.18330, -9.01502
0.18360, -10.62223
0.18390, -11.97365
0.18420, -12.90322
0.18450, -13.24380
0.18480, -12.82826
0.18510, -11.48944
0.18540, -9.06046
0.18570, -5.47526
0.18600, -0.92670
0.18630, 4.35145
0.18660, 10.12541
0.18690, 16.16140
0.18720, 22.22562
0.18750, 28.08990
0.18780, 33.61180
0.18810, 38.71595
0.18840, 43.32880
0.18870, 47.37679
0.18900, 50.78635
0.18930, 53.48393
0.18960, 55.42245
0.18990, 56.64970
0.19020, 57.23469
0.19050, 57.24641
0.19080, 56.75386
0.19110, 55.82606
0.19140, 54.52841
0.19170, 52.83533
0.19200, 50.62543
0.19230, 47.77278
0.19260, 44.15142
0.19290, 39.63541
0.19320, 34.09882
0.19350, 27.47922
0.19380, 20.03430
0.19410, 12.12230
0.19440, 4.10149
0.19470, -3.66987
0.19500, -10.83349
0.19530, -17.03504
0.19560, -22.10844
0.19590, -26.15471
0.19620, -29.29516
0.19650, -31.65113
0.19680, -33.34394
0.19710, -34.49491
0.19740, -35.21017
0.19770, -35.48689
0.19800, -35.27474
0.19830, -34.52319
0.19860, -33.18171
0.19890, -31.19978
0.19920, -28.52722
0.19950, -25.15550
0.19980, -21.15627
0.20010, -16.61031
0.20040, -11.59841
0.20070, -6.20136
0.20100, -0.49994
0.20130, 5.41913
0.20160, 11.40697
0.20190, 17.27766
0.20220, 22.84477
0.20250, 27.92189
0.20280, 32.32261
0.20310, 35.86064
0.20340, 38.42908
0.20370, 40.13139
0.20400, 41.10549
0.20430, 41.48929
0.20460, 41.42071
0.20490, 41.03766
0.20520, 40.46906
0.20550, 39.69909
0.20580, 38.59534
0.20610, 37.02207
0.20640, 34.84355
0.20670, 31.92403
0.20700, 28.12778
0.20730, 23.38880
0.20760, 17.89936
0.20790, 11.91147
0.20820, 5.67717
0.20850, -0.55153
0.20880, -6.52259
0.20910, -11.98820
0.20940, -16.81292
0.20970, -20.98322
0.21000, -24.49164
0.21030, -27.33075
0.21060, -29.49312
0.21090, -30.97129
0.21120, -31.76540
0.21150, -31.91490
0.21180, -31.47207
0.21210, -30.48916
0.21240, -29.01846
0.21270, -27.11223
0.21300, -24.82312
0.21330, -22.22386
0.21360, -19.41651
0.21390, -16.50545
0.21420, -13.59505
0.21450, -10.78971
0.21480, -8.19381
0.21510, -5.89871
0.21540, -3.89910
0.21570, -2.14618
0.21600, -0.59092
0.21630, 0.81572
0.21660, 2.12275
0.21690, 3.37877
0.21720, 4.57697
0.21750, 5.60038
0.21780, 6.31904
0.21810, 6.60297
0.21840, 6.32220
0.21870, 5.34678
0.21900, 3.56251
0.21930, 1.02707
0.21960, -2.09623
0.21990, -5.64255
0.22020, -9.44708
0.22050, -13.34497
0.22080, -17.17143
0.22110, -20.79032
0.22140, -24.14390
0.22170, -27.18777
0.22200, -29.87749
0.22230, -32.16866
0.22260, -34.01684
0.22290, -35.38014
0.22320, -36.25891
0.22350, -36.68857
0.22380, -36.70563
0.22410, -36.34657
0.22440, -35.64789
0.22470, -34.64608
0.22500, -33.36693
0.22530, -31.79520
0.22560, -29.90585
0.22590, -27.67383
0.22620, -25.07408
0.22650, -22.08156
0.22680, -18.67385
0.22710, -14.90329
0.22740, -10.90569
0.22770, -6.82128
0.22800, -2.79026
0.22830, 1.04716
0.22860, 4.55077
0.22890, 7.60212
0.22920, 10.20027
0.22950, 12.38371
0.22980, 14.19094
0.23010, 15.66050
0.23040, 16.83091
0.23070, 17.74005
0.23100, 18.39163
0.23130, 18.73779
0.23160, 18.72643
0.23190, 18.30541
0.23220, 17.42265
0.23250, 16.02601
0.23280, 14.07521
0.23310, 11.62113
0.23340, 8.75696
0.23370, 5.57613
0.23400, 2.17207
0.23430, -1.36178
0.23460, -4.93189
0.23490, -8.43146
0.23520, -11.72642
0.23550, -14.67935
0.23580, -17.15284
0.23610, -19.00949
0.23640, -20.11189
0.23670, -20.33899
0.23700, -19.75542
0.23730, -18.54334
0.23760, -16.88681
0.23790, -14.96987
0.23820, -12.97656
0.23850, -11.09087
0.23880, -9.43964
0.23910, -7.98800
0.23940, -6.67274
0.23970, -5.43061
0.24000, -4.19838
0.24030, -2.91279
0.24060, -1.51450
0.24090, -0.01225
0.24120, 1.52691
0.24150, 3.03407
0.24180, 4.44034
0.24210, 5.67679
0.24240, 6.67453
0.24270, 7.37979
0.24300, 7.79885
0.24330, 7.95283
0.24360, 7.86286
0.24390, 7.55009
0.24420, 7.03564
0.24450, 6.34011
0.24480, 5.46771
0.24510, 4.40388
0.24540, 3.13298
0.24570, 1.63940
0.24600, -0.09250
0.24630, -2.07833
0.24660, -4.31805
0.24690, -6.72419
0.24720, -9.17889
0.24750, -11.56430
0.24780, -13.76255
0.24810, -15.65577
0.24840, -17.12704
0.24870, -18.11601
0.24900, -18.65017
0.24930, -18.76460
0.24960, -18.49434
0.24990, -17.87446
0.25020, -16.94003
0.25050, -15.72164
0.25080, -14.21414
0.25110, -12.39524
0.25140, -10.24256
0.25170, -7.73370
0.25200, -4.84629
0.25230, -1.55805
0.25260, 2.13057
0.25290, 6.17119
0.25320, 10.50932
0.25350, 15.09047
0.25380, 19.86014
0.25410, 24.76383
0.25440, 29.74250
0.25470, 34.68322
0.25500, 39.43790
0.25530, 43.85787
0.25560, 47.79444
0.25590, 51.09891
0.25620, 53.62266
0.25650, 55.27593
0.25680, 56.14112
0.25710, 56.33195
0.25740, 55.96212
0.25770, 55.14535
0.25800, 53.99534
0.25830, 52.62161
0.25860, 51.05627
0.25890, 49.26329
0.25920, 47.20426
0.25950, 44.84082
0.25980, 42.13459
0.26010, 39.04717
0.26040, 35.55914
0.26070, 31.72867
0.26100, 27.63383
0.26130, 23.35269
0.26160, 18.96332
0.26190, 14.54379
0.26220, 10.17258
0.26250, 5.94157
0.26280, 1.95845
0.26310, -1.66814
0.26340, -4.82956
0.26370, -7.41719
0.26400, -9.32241
0.26430, -10.46352
0.26460, -10.91465
0.26490, -10.80582
0.26520, -10.26707
0.26550, -9.42848
0.26580, -8.42012
0.26610, -7.37095
0.26640, -6.33840
0.26670, -5.26537
0.26700, -4.08450
0.26730, -2.72842
0.26760, -1.12977
0.26790, 0.77883
0.26820, 3.05504
0.26850, 5.67604
0.26880, 8.57921
0.26910, 11.70166
0.26940, 14.98048
0.26970, 18.35278
0.27000, 21.75563
0.27030, 25.12017
0.27060, 28.36456
0.27090, 31.40525
0.27120, 34.15873
0.27150, 36.54143
0.27180, 38.46983
0.27210, 39.86841
0.27240, 40.76049
0.27270, 41.23589
0.27300, 41.38563
0.27330, 41.30077
0.27360, 41.07233
0.27390, 40.79133
0.27420, 40.50950
0.27450, 40.15982
0.27480, 39.65294
0.27510, 38.89949
0.27540, 37.81013
0.27570, 36.29549
0.27600, 34.27147
0.27630, 31.75576
0.27660, 28.85838
0.27690, 25.69274
0.27720, 22.37219
0.27750, 19.01012
0.27780, 15.71991
0.27810, 12.60602
0.27840, 9.73509
0.27870, 7.16372
0.27900, 4.94854
0.27930, 3.14616
0.27960, 1.81320
0.27990, 1.00464
0.28020, 0.72008
0.28050, 0.89156
0.28080, 1.44699
0.28110, 2.31431
0.28140, 3.42145
0.28170, 4.69632
0.28200, 6.07491
0.28230, 7.54149
0.28260, 9.09820
0.28290, 10.74720
0.28320, 12.49066
0.28350, 14.33075
0.28380, 16.26938
0.28410, 18.28945
0.28440, 20.34253
0.28470, 22.37725
0.28500, 24.34227
0.28530, 26.18622
0.28560, 27.85774
0.28590, 29.30727
0.28620, 30.50063
0.28650, 31.41152
0.28680, 32.01369
0.28710, 32.28089
0.28740, 32.18687
0.28770, 31.70548
0.28800, 30.82957
0.28830, 29.59487
0.28860, 28.04298
0.28890, 26.21549
0.28920, 24.15400
0.28950, 21.90010
0.28980, 19.49745
0.29010, 17.01654
0.29040, 14.54636
0.29070, 12.17631
0.29100, 9.99578
0.29130, 8.09415
0.29160, 6.56081
0.29190, 5.44656
0.29220, 4.68172
0.29250, 4.17316
0.29280, 3.82776
0.29310, 3.55237
0.29340, 3.25387
0.29370, 2.84454
0.29400, 2.34726
0.29430, 1.88820
0.29460, 1.59748
0.29490, 1.60525
0.29520, 2.04164
0.29550, 3.03677
0.29580, 4.68841
0.29610, 6.95235
0.29640, 9.74545
0.29670, 12.98460
0.29700, 16.58668
0.29730, 20.46854
0.29760, 24.54460
0.29790, 28.63967
0.29820, 32.46602
0.29850, 35.72873
0.29880, 38.13290
0.29910, 39.38361
0.29940, 39.18596
0.29970, 38.70764
0.30000, 38.24453
0.30030, 37.68313
0.30060, 37.03061
0.30090, 36.29417
0.30120, 35.48096
0.30150, 34.59819
0.30180, 33.65301
0.30210, 32.65262
0.30240, 31.60419
0.30270, 30.51490
0.30300, 29.39193
0.30330, 28.24247
0.30360, 27.07367
0.30390, 25.89274
0.30420, 24.70684
0.30450, 23.52316
0.30480, 22.34887
0.30510, 21.19116
0.30540, 20.05720
0.30570, 18.95417
0.30600, 17.88925
0.30630, 16.86963
0.30660, 15.90247
0.30690, 14.99496
0.30720, 14.15428
0.30750, 12.14126
0.30780, 10.27963
0.30810, 9.31240
0.30840, 9.03545
0.30870, 9.24466
0.30900, 9.73593
0.30930, 10.30514
0.30960, 10.80048
0.30990, 11.23889
0.31020, 11.67135
0.31050, 12.14883
0.31080, 12.72230
0.31110, 13.44273
0.31140, 14.35820
0.31170, 15.45464
0.31200, 16.65819
0.31230, 17.89258
0.31260, 19.08153
0.31290, 20.14875
0.31320, 21.01798
0.31350, 21.62771
0.31380, 21.98356
0.31410, 22.11016
0.31440, 22.03212
0.31470, 21.77409
0.31500, 21.36068
0.31530, 20.81521
0.31560, 20.10970
0.31590, 19.14985
0.31620, 17.83690
0.31650, 16.07212
0.31680, 13.75677
0.31710, 10.79211
0.31740, 7.11495
0.31770, 2.89042
0.31800, -1.62614
0.31830, -6.17916
0.31860, -10.51306
0.31890, -14.37228
0.31920, -17.50273
0.31950, -19.77809
0.31980, -21.29595
0.32010, -22.17658
0.32040, -22.54022
0.32070, -22.50713
0.32100, -22.19755
0.32130, -21.72170
0.32160, -21.09651
0.32190, -20.28832
0.32220, -19.26294
0.32250, -17.98622
0.32280, -16.42397
0.32310, -14.54204
0.32340, -12.30955
0.32370, -9.70352
0.32400, -6.70215
0.32430, -3.28363
0.32460, 0.57387
0.32490, 4.89215
0.32520, 9.68292
0.32550, 14.81646
0.32580, 20.05900
0.32610, 25.17436
0.32640, 29.92635
0.32670, 34.07879
0.32700, 37.39552
0.32730, 39.72622
0.32760, 41.20722
0.32790, 42.03466
0.32820, 42.40464
0.32850, 42.51331
0.32880, 42.55677
0.32910, 42.72345
0.32940, 43.02754
0.32970, 43.31066
0.33000, 43.40701
0.33030, 43.15081
0.33060, 42.37628
0.33090, 40.91763
0.33120, 38.64449
0.33150, 35.59262
0.33180, 31.84649
0.33210, 27.49061
0.33240, 22.60944
0.33270, 17.28748
0.33300, 11.61007
0.33330, 5.69833
0.33360, -0.27895
0.33390, -6.14967
0.33420, -11.74171
0.33450, -16.88296
0.33480, -21.40131
0.33510, -25.14937
0.33540, -28.14421
0.33570, -30.47001
0.33600, -32.21116
0.33630, -33.45206
0.33660, -34.27708
0.33690, -34.77042
0.33720, -34.99679
0.33750, -34.98569
0.33780, -34.76295
0.33810, -34.35440
0.33840, -33.78583
0.33870, -33.08308
0.33900, -32.26583
0.33930, -31.29463
0.33960, -30.09695
0.33990, -28.59988
0.34020, -26.73051
0.34050, -24.41595
0.34080, -21.58348
0.34110, -18.22832
0.34140, -14.51410
0.34170, -10.63013
0.34200, -6.76569
0.34230, -3.11006
0.34260, 0.14745
0.34290, 2.82868
0.34320, 4.91790
0.34350, 6.52253
0.34380, 7.75305
0.34410, 8.71992
0.34440, 9.53363
0.34470, 10.30464
0.34500, 11.11773
0.34530, 11.96896
0.34560, 12.83522
0.34590, 13.69343
0.34620, 14.52050
0.34650, 15.29332
0.34680, 15.98739
0.34710, 16.54427
0.34740, 16.87091
0.34770, 16.87271
0.34800, 16.45505
0.34830, 15.52333
0.34860, 13.98295
0.34890, 11.76522
0.34920, 8.92747
0.34950, 5.56518
0.34980, 1.77386
0.35010, -2.35097
0.35040, -6.71383
0.35070, -11.21990
0.35100, -15.80516
0.35130, -20.44795
0.35160, -25.12966
0.35190, -29.83167
0.35220, -34.53540
0.35250, -39.22223
0.35280, -43.86622
0.35310, -48.39092
0.35340, -52.69854
0.35370, -56.69125
0.35400, -60.27121
0.35430, -63.34058
0.35460, -65.80214
0.35490, -67.62426
0.35520, -68.89753
0.35550, -69.72593
0.35580, -70.21338
0.35610, -70.46386
0.35640, -70.58131
0.35670, -70.65829
0.35700, -70.67308
0.35730, -70.53802
0.35760, -70.16465
0.35790, -69.46452
0.35820, -68.34918
0.35850, -66.73026
0.35880, -64.56615
0.35910, -61.93483
0.35940, -58.93318
0.35970, -55.65804
0.36000, -52.20628
0.36030, -48.67478
0.36060, -45.15455
0.36090, -41.64755
0.36120, -38.08611
0.36150, -34.40078
0.36180, -30.52205
0.36210, -26.38046
0.36240, -21.90650
0.36270, -17.07738
0.36300, -12.03697
0.36330, -6.96633
0.36360, -2.04653
0.36390, 2.54134
0.36420, 6.61623
0.36450, 10.00192
0.36480, 12.64466
0.36510, 14.61934
0.36540, 16.00699
0.36570, 16.88862
0.36600, 17.34525
0.36630, 17.45790
0.36660, 17.29321
0.36690, 16.84559
0.36720, 16.08681
0.36750, 14.98862
0.36780, 13.52280
0.36810, 11.66110
0.36840, 9.37578
0.36870, 6.66275
0.36900, 3.55141
0.36930, 0.07370
0.36960, -3.73844
0.36990, -7.85307
0.37020, -12.23825
0.37050, -16.85334
0.37080, -21.59551
0.37110, -26.33488
0.37140, -30.94145
0.37170, -35.28522
0.37200, -39.23621
0.37230, -42.66491
0.37260, -45.50048
0.37290, -47.78476
0.37320, -49.57240
0.37350, -50.91803
0.37380, -51.87630
0.37410, -52.50185
0.37440, -52.84555
0.37470, -52.91901
0.37500, -52.71047
0.37530, -52.20788
0.37560, -51.39918
0.37590, -50.27229
0.37620, -48.81516
0.37650, -47.01713
0.37680, -44.87119
0.37710, -42.37096
0.37740, -39.51005
0.37770, -36.28206
0.37800, -32.68060
0.37830, -28.70327
0.37860, -24.41146
0.37890, -19.91783
0.37920, -15.33652
0.37950, -10.78166
0.37980, -6.36739
0.38010, -2.20784
0.38040, 1.60183
0.38070, 5.03656
0.38100, 8.08745
0.38130, 10.74562
0.38160, 13.00217
0.38190, 14.84822
0.38220, 16.27564
0.38250, 17.29645
0.38280, 17.94449
0.38310, 18.25470
0.38340, 18.26200
0.38370, 18.00131
0.38400, 17.50758
0.38430, 16.81411
0.38460, 15.94581
0.38490, 14.92486
0.38520, 13.77344
0.38550, 12.51373
0.38580, 11.16792
0.38610, 9.75794
0.38640, 8.29376
0.38670, 6.76788
0.38700, 5.17140
0.38730, 3.49542
0.38760, 1.73105
0.38790, -0.13060
0.38820, -2.08676
0.38850, -4.04827
0.38880, -5.88717
0.38910, -7.47528
0.38940, -8.68448
0.38970, -9.38659
0.39000, -9.45398
0.39030, -8.82447
0.39060, -7.56569
0.39090, -5.76061
0.39120, -3.49214
0.39150, -0.84324
0.39180, 2.10315
0.39210, 5.26716
0.39240, 8.60219
0.39270, 12.08204
0.39300, 15.68080
0.39330, 19.37257
0.39360, 23.13144
0.39390, 26.93152
0.39420, 30.75196
0.39450, 34.58572
0.39480, 38.42810
0.39510, 42.27441
0.39540, 46.11993
0.39570, 49.95997
0.39600, 53.78779
0.39630, 57.56249
0.39660, 61.21487
0.39690, 64.67490
0.39720, 67.87253
0.39750, 70.73771
0.39780, 73.20040
0.39810, 75.21242
0.39840, 76.80919
0.39870, 78.04606
0.39900, 78.97842
0.39930, 79.66163
0.39960, 80.15107
0.39990, 80.50000
0.40020, 80.70270
0.40050, 80.68771
0.40080, 80.38008
0.40110, 79.70491
0.40140, 78.58724
0.40170, 76.95216
0.40200, 74.75440
0.40230, 72.10830
0.40260, 69.18164
0.40290, 66.14228
0.40320, 63.15804
0.40350, 60.39677
0.40380, 58.02447
0.40410, 56.10624
0.40440, 54.55546
0.40470, 53.27296
0.40500, 52.15962
0.40530, 51.11629
0.40560, 50.04382
0.40590, 48.85734
0.40620, 47.58151
0.40650, 46.29179
0.40680, 45.06389
0.40710, 43.97355
0.40740, 43.09649
0.40770, 42.50818
0.40800, 42.24579
0.40830, 42.26813
0.40860, 42.52446
0.40890, 42.96403
0.40920, 43.53608
0.40950, 44.18986
0.40980, 44.87591
0.41010, 45.55919
0.41040, 46.21386
0.41070, 46.81418
0.41100, 47.33443
0.41130, 47.74887
0.41160, 48.03181
0.41190, 48.17249
0.41220, 48.20241
0.41250, 48.16049
0.41280, 48.08561
0.41310, 48.01668
0.41340, 47.99259
0.41370, 48.04729
0.41400, 48.12762
0.41430, 48.10607
0.41460, 47.85278
0.41490, 47.23786
0.41520, 46.13145
0.41550, 44.40366
0.41580, 41.97597
0.41610, 38.97282
0.41640, 35.56879
0.41670, 31.93848
0.41700, 28.25645
0.41730, 24.69730
0.41760, 21.43309
0.41790, 18.56047
0.41820, 16.08953
0.41850, 14.02560
0.41880, 12.37400
0.41910, 11.14005
0.41940, 10.32908
0.41970, 9.93624
0.42000, 9.90004
0.42030, 10.13938
0.42060, 10.57313
0.42090, 11.12018
0.42120, 11.69940
0.42150, 12.23120
0.42180, 12.72761
0.42210, 13.34258
0.42240, 14.24226
0.42270, 15.59279
0.42300, 17.56034
0.42330, 20.31105
0.42360, 23.97643
0.42390, 28.41188
0.42420, 33.34077
0.42450, 38.48562
0.42480, 43.56896
0.42510, 48.31333
0.42540, 52.44194
0.42570, 55.79016
0.42600, 58.43013
0.42630, 60.46402
0.42660, 61.99399
0.42690, 63.12222
0.42720, 63.95087
0.42750, 64.57635
0.42780, 65.02718
0.42810, 65.28767
0.42840, 65.34135
0.42870, 65.17179
0.42900, 64.76253
0.42930, 64.09711
0.42960, 63.15460
0.42990, 61.90101
0.43020, 60.29997
0.43050, 58.31512
0.43080, 55.91010
0.43110, 53.04853
0.43140, 49.69954
0.43170, 45.93326
0.43200, 41.90856
0.43230, 37.78735
0.43260, 33.73155
0.43290, 29.90306
0.43320, 26.46378
0.43350, 23.54313
0.43380, 21.13757
0.43410, 19.20964
0.43440, 17.72184
0.43470, 16.63670
0.43500, 15.91673
0.43530, 15.52533
0.43560, 15.45384
0.43590, 15.72662
0.43620, 16.36994
0.43650, 17.41009
0.43680, 18.87334
0.43710, 20.78595
0.43740, 23.15926
0.43770, 25.91829
0.43800, 28.95721
0.43830, 32.17014
0.43860, 35.45123
0.43890, 38.69458
0.43920, 41.79481
0.43950, 44.67635
0.43980, 47.31139
0.44010, 49.67636
0.44040, 51.74768
0.44070, 53.50180
0.44100, 54.91514
0.44130, 55.96657
0.44160, 56.65499
0.44190, 56.98921
0.44220, 56.97811
0.44250, 56.63054
0.44280, 55.95540
0.44310, 54.96158
0.44340, 53.66300
0.44370, 52.08455
0.44400, 50.25256
0.44430, 48.19335
0.44460, 45.93325
0.44490, 43.49858
0.44520, 40.91802
0.44550, 38.24898
0.44580, 35.56820
0.44610, 32.95276
0.44640, 30.47975
0.44670, 28.22625
0.44700, 26.26934
0.44730, 24.66301
0.44760, 23.39167
0.44790, 22.42666
0.44820, 21.73934
0.44850, 21.30106
0.44880, 21.08316
0.44910, 21.05872
0.44940, 21.23406
0.44970, 21.64561
0.45000, 22.33089
0.45030, 23.32743
0.45060, 24.67273
0.45090, 26.40431
0.45120, 28.54069
0.45150, 31.01994
0.45180, 33.75891
0.45210, 36.67442
0.45240, 39.68331
0.45270, 42.70240
0.45300, 45.64945
0.45330, 48.47336
0.45360, 51.16098
0.45390, 53.70144
0.45420, 56.08389
0.45450, 58.29747
0.45480, 60.33132
0.45510, 62.17287
0.45540, 63.79948
0.45570, 65.18476
0.45600, 66.30230
0.45630, 67.12570
0.45660, 67.62858
0.45690, 67.78486
0.45720, 67.59207
0.45750, 67.08652
0.45780, 66.30818
0.45810, 65.29698
0.45840, 64.09288
0.45870, 62.73582
0.45900, 61.26430
0.45930, 59.70433
0.45960, 58.07559
0.45990, 56.39768
0.46020, 54.69023
0.46050, 52.97286
0.46080, 51.26519
0.46110, 49.59108
0.46140, 47.98383
0.46170, 46.47802
0.46200, 45.10826
0.46230, 43.90913
0.46260, 42.91522
0.46290, 42.16108
0.46320, 41.68050
0.46350, 41.50676
0.46380, 41.67313
0.46410, 42.21289
0.46440, 43.15931
0.46470, 44.54565
0.46500, 46.37883
0.46530, 48.58361
0.46560, 51.06881
0.46590, 53.74326
0.46620, 56.51576
0.46650, 59.29514
0.46680, 61.99212
0.46710, 64.55629
0.46740, 66.97345
0.46770, 69.23078
0.46800, 71.31548
0.46830, 73.21473
0.46860, 74.91572
0.46890, 76.40598
0.46920, 77.67451
0.46950, 78.71076
0.46980, 79.50415
0.47010, 80.04410
0.47040, 80.32005
0.47070, 80.32129
0.47100, 80.03253
0.47130, 79.43275
0.47160, 78.50054
0.47190, 77.21450
0.47220, 75.55324
0.47250, 73.49535
0.47280, 71.02775
0.47310, 68.18869
0.47340, 65.03607
0.47370, 61.62779
0.47400, 58.02178
0.47430, 54.27595
0.47460, 50.44839
0.47490, 46.61035
0.47520, 42.85541
0.47550, 39.27932
0.47580, 35.97782
0.47610, 33.04666
0.47640, 30.58159
0.47670, 28.66781
0.47700, 27.29668
0.47730, 26.41024
0.47760, 25.95014
0.47790, 25.85797
0.47820, 26.07538
0.47850, 26.54405
0.47880, 27.22800
0.47910, 28.14291
0.47940, 29.31179
0.47970, 30.75767
0.48000, 32.50354
0.48030, 34.57243
0.48060, 36.98341
0.48090, 39.70288
0.48120, 42.65972
0.48150, 45.78202
0.48180, 48.99785
0.48210, 52.23529
0.48240, 55.42243
0.48270, 58.49360
0.48300, 61.40342
0.48330, 64.11054
0.48360, 66.57362
0.48390, 68.75132
0.48420, 70.60230
0.48450, 72.08722
0.48480, 73.20943
0.48510, 74.01332
0.48540, 74.54490
0.48570, 74.85018
0.48600, 74.97520
0.48630, 74.96597
0.48660, 74.85201
0.48690, 74.58821
0.48720, 74.10832
0.48750, 73.34612
0.48780, 72.23535
0.48810, 70.70979
0.48840, 68.70545
0.48870, 66.24516
0.48900, 63.46391
0.48930, 60.50412
0.48960, 57.50824
0.48990, 54.61868
0.49020, 51.97787
0.49050, 49.70944
0.49080, 47.81655
0.49110, 46.25488
0.49140, 44.97997
0.49170, 43.94739
0.49200, 43.11268
0.49230, 42.43188
0.49260, 41.90120
0.49290, 41.58715
0.49320, 41.56336
0.49350, 41.90342
0.49380, 42.68095
0.49410, 43.96955
0.49440, 45.82920
0.49470, 48.19369
0.49500, 50.92845
0.49530, 53.89825
0.49560, 56.96787
0.49590, 60.00206
0.49620, 62.86577
0.49650, 65.47240
0.49680, 67.85145
0.49710, 70.04948
0.49740, 72.11302
0.49770, 74.08861
0.49800, 76.02279
0.49830, 77.95827
0.49860, 79.88429
0.49890, 81.75081
0.49920, 83.50691
0.49950, 85.10165
0.49980, 86.48411
0.50010, 87.60336
0.50040, 88.41943
0.50070, 88.92890
0.50100, 89.13594
0.50130, 89.04472
0.50160, 88.65943
0.50190, 87.98423
0.50220, 87.02231
0.50250, 85.75446
0.50280, 84.13936
0.50310, 82.13474
0.50340, 79.69832
0.50370, 76.78785
0.50400, 73.36103
0.50430, 69.39957
0.50460, 64.99731
0.50490, 60.28088
0.50520, 55.37696
0.50550, 50.41219
0.50580, 45.51324
0.50610, 40.80543
0.50640, 36.36020
0.50670, 32.17720
0.50700, 28.25111
0.50730, 24.57661
0.50760, 21.14836
0.50790, 17.96106
0.50820, 15.02190
0.50850, 12.42110
0.50880, 10.28271
0.50910, 8.73087
0.50940, 7.88974
0.50970, 7.88346
0.51000, 8.83522
0.51030, 10.77790
0.51060, 13.58160
0.51090, 17.09932
0.51120, 21.18407
0.51150, 25.68885
0.51180, 30.46668
0.51210, 35.37524
0.51240, 40.31737
0.51270, 45.22107
0.51300, 50.01465
0.51330, 54.62638
0.51360, 58.98456
0.51390, 63.01755
0.51420, 66.67571
0.51450, 69.96381
0.51480, 72.89490
0.51510, 75.48204
0.51540, 77.73828
0.51570, 79.67667
0.51600, 81.30908
0.51630, 82.63012
0.51660, 83.62137
0.51690, 84.26409
0.51720, 84.53952
0.51750, 84.42891
0.51780, 83.91352
0.51810, 82.98278
0.51840, 81.65432
0.51870, 79.95182
0.51900, 77.89899
0.51930, 75.51950
0.51960, 72.83705
0.51990, 69.87640
0.52020, 66.68761
0.52050, 63.34652
0.52080, 59.93011
0.52110, 56.51539
0.52140, 53.17935
0.52170, 49.99897
0.52200, 47.04244
0.52230, 44.33528
0.52260, 41.89010
0.52290, 39.71952
0.52320, 37.83613
0.52350, 36.25256
0.52380, 34.98152
0.52410, 34.04095
0.52440, 33.45591
0.52470, 33.25198
0.52500, 33.45473
0.52530, 34.08974
0.52560, 35.18260
0.52590, 36.74938
0.52620, 38.74096
0.52650, 41.08074
0.52680, 43.69208
0.52710, 46.49829
0.52740, 49.42270
0.52770, 52.38882
0.52800, 55.33699
0.52830, 58.23885
0.52860, 61.06951
0.52890, 63.80402
0.52920, 66.41748
0.52950, 68.88496
0.52980, 71.18214
0.53010, 73.29063
0.53040, 75.19550
0.53070, 76.88183
0.53100, 78.33471
0.53130, 79.53924
0.53160, 80.48053
0.53190, 81.14947
0.53220, 81.55179
0.53250, 81.69553
0.53280, 81.58874
0.53310, 81.23947
0.53340, 80.65576
0.53370, 79.84478
0.53400, 78.80009
0.53430, 77.50469
0.53460, 75.94131
0.53490, 74.09266
0.53520, 71.94146
0.53550, 69.47042
0.53580, 66.67689
0.53610, 63.61035
0.53640, 60.33189
0.53670, 56.90258
0.53700, 53.38352
0.53730, 49.83577
0.53760, 46.32077
0.53790, 42.90829
0.53820, 39.67689
0.53850, 36.70552
0.53880, 34.07316
0.53910, 31.85877
0.53940, 30.14132
0.53970, 28.97496
0.54000, 28.28942
0.54030, 27.97553
0.54060, 27.92412
0.54090, 28.02600
0.54120, 28.17198
0.54150, 28.25486
0.54180, 28.26089
0.54210, 28.30832
0.54240, 28.52540
0.54270, 29.04040
0.54300, 29.98155
0.54330, 31.47710
0.54360, 33.62838
0.54390, 36.34475
0.54420, 39.45224
0.54450, 42.77655
0.54480, 46.14338
0.54510, 49.37843
0.54540, 52.30796
0.54570, 54.82433
0.54600, 56.94661
0.54630, 58.70825
0.54660, 60.14265
0.54690, 61.28326
0.54720, 62.16349
0.54750, 62.81502
0.54780, 63.25120
0.54810, 63.47451
0.54840, 63.48730
0.54870, 63.29190
0.54900, 62.89065
0.54930, 62.28587
0.54960, 61.46880
0.54990, 60.40142
0.55020, 59.04093
0.55050, 57.34455
0.55080, 55.26948
0.55110, 52.77295
0.55140, 49.81538
0.55170, 46.40849
0.55200, 42.60519
0.55230, 38.45952
0.55260, 34.02555
0.55290, 29.35733
0.55320, 24.50892
0.55350, 19.55549
0.55380, 14.64993
0.55410, 9.96310
0.55440, 5.66581
0.55470, 1.92889
0.55500, -1.07682
0.55530, -3.18630
0.55560, -4.38854
0.55590, -4.83886
0.55620, -4.70084
0.55650, -4.13808
0.55680, -3.31416
0.55710, -2.39268
0.55740, -1.49385
0.55770, -0.51294
0.55800, 0.72753
0.55830, 2.40508
0.55860, 4.69722
0.55890, 7.78146
0.55920, 11.83244
0.55950, 16.87820
0.55980, 22.73339
0.56010, 29.19581
0.56040, 36.06327
0.56070, 43.13358
0.56100, 50.20455
0.56130, 57.07982
0.56160, 63.60618
0.56190, 69.64975
0.56220, 75.07674
0.56250, 79.75336
0.56280, 83.54580
0.56310, 86.32110
0.56340, 88.05054
0.56370, 88.91170
0.56400, 89.10641
0.56430, 88.83649
0.56460, 88.30376
0.56490, 87.71006
0.56520, 87.23888
0.56550, 86.87537
0.56580, 86.48329
0.56610, 85.92468
0.56640, 85.06154
0.56670, 83.75592
0.56700, 81.86991
0.56730, 79.31822
0.56760, 76.15896
0.56790, 72.47444
0.56820, 68.34697
0.56850, 63.85888
0.56880, 59.09246
0.56910, 54.13106
0.56940, 49.07495
0.56970, 44.03847
0.57000, 39.13637
0.57030, 34.48338
0.57060, 30.19424
0.57090, 26.38371
0.57120, 23.13877
0.57150, 20.44062
0.57180, 18.24526
0.57210, 16.50867
0.57240, 15.18685
0.57270, 14.23579
0.57300, 13.61194
0.57330, 13.28481
0.57360, 13.23843
0.57390, 13.45759
0.57420, 13.92707
0.57450, 14.63166
0.57480, 15.55613
0.57510, 16.69062
0.57540, 18.05390
0.57570, 19.67433
0.57600, 21.58028
0.57630, 23.80009
0.57660, 26.36214
0.57690, 29.29366
0.57720, 32.55946
0.57750, 36.03077
0.57780, 39.57109
0.57810, 43.04393
0.57840, 46.31281
0.57870, 49.24125
0.57900, 51.70870
0.57930, 53.71689
0.57960, 55.32407
0.57990, 56.58879
0.58020, 57.56963
0.58050, 58.32513
0.58080, 58.91361
0.58110, 59.35758
0.58140, 59.60644
0.58170, 59.60071
0.58200, 59.28088
0.58230, 58.58746
0.58260, 57.46094
0.58290, 55.85016
0.58320, 53.79789
0.58350, 51.40613
0.58380, 48.77780
0.58410, 46.01583
0.58440, 43.22317
0.58470, 40.50268
0.58500, 37.92266
0.58530, 35.45394
0.58560, 33.05032
0.58590, 30.66560
0.58620, 28.25358
0.58650, 25.76806
0.58680, 23.16774
0.58710, 20.49725
0.58740, 17.87439
0.58770, 15.41928
0.58800, 13.25204
0.58830, 11.49281
0.58860, 10.26170
0.58890, 9.63685
0.58920, 9.53079
0.58950, 9.81524
0.58980, 10.36190
0.59010, 11.04250
0.59040, 11.72874
0.59070, 12.29673
0.59100, 12.75267
0.59130, 13.25190
0.59160, 13.95791
0.59190, 15.03420
0.59220, 16.64427
0.59250, 18.95162
0.59280, 22.03847
0.59310, 25.53526
0.59340, 28.91644
0.59370, 31.65629
0.59400, 33.22910
0.59430, 33.10915
0.59460, 31.59439
0.59490, 30.78111
0.59520, 29.82221
0.59550, 28.72888
0.59580, 27.51229
0.59610, 26.18361
0.59640, 24.75403
0.59670, 23.23471
0.59700, 21.63684
0.59730, 19.97158
0.59760, 18.25012
0.59790, 16.48364
0.59820, 14.68330
0.59850, 12.86029
0.59880, 11.02579
0.59910, 9.19096
0.59940, 7.36698
0.59970, 5.56503
0.60000, 3.79629
0.60030, 2.07194
0.60060, 0.40314
0.60090, -1.19892
0.60120, -2.72307
0.60150, -4.15813
0.60180, -5.49293
0.60210, -6.71628
0.60240, -8.14301
0.60270, -11.14182
0.60300, -12.44480
0.60330, -12.43653
0.60360, -11.50153
0.60390, -10.02436
0.60420, -8.38957
0.60450, -6.96729
0.60480, -5.86308
0.60510, -4.95041
0.60540, -4.09494
0.60570, -3.16228
0.60600, -2.01806
0.60630, -0.52793
0.60660, 1.40179
0.60690, 3.69876
0.60720, 6.24829
0.60750, 8.93570
0.60780, 11.64633
0.60810, 14.26549
0.60840, 16.68089
0.60870, 18.85535
0.60900, 20.84033
0.60930, 22.69242
0.60960, 24.46818
0.60990, 26.22418
0.61020, 28.01700
0.61050, 29.88845
0.61080, 31.79551
0.61110, 33.66485
0.61140, 35.42312
0.61170, 36.99696
0.61200, 38.31301
0.61230, 39.29860
0.61260, 39.92426
0.61290, 40.22944
0.61320, 40.25974
0.61350, 40.06074
0.61380, 39.67803
0.61410, 39.15722
0.61440, 38.53804
0.61470, 37.81192
0.61500, 36.94653
0.61530, 35.90934
0.61560, 34.66787
0.61590, 33.18958
0.61620, 31.44216
0.61650, 29.42704
0.61680, 27.21904
0.61710, 24.90259
0.61740, 22.56214
0.61770, 20.28214
0.61800, 18.14703
0.61830, 16.23916
0.61860, 14.61509
0.61890, 13.31414
0.61920, 12.37532
0.61950, 11.83763
0.61980, 11.74007
0.62010, 12.12162
0.62040, 12.98522
0.62070, 14.22549
0.62100, 15.71672
0.62130, 17.33323
0.62160, 18.94932
0.62190, 20.43930
0.62220, 21.68187
0.62250, 22.64063
0.62280, 23.35580
0.62310, 23.87039
0.62340, 24.22739
0.62370, 24.46981
0.62400, 24.64063
0.62430, 24.77479
0.62460, 24.87322
0.62490, 24.92789
0.62520, 24.93074
0.62550, 24.87375
0.62580, 24.74888
0.62610, 24.54853
0.62640, 24.28041
0.62670, 23.97083
0.62700, 23.64719
0.62730, 23.33691
0.62760, 23.06740
0.62790, 22.86608
0.62820, 22.75463
0.62850, 22.72055
0.62880, 22.73875
0.62910, 22.78411
0.62940, 22.83152
0.62970, 22.85586
0.63000, 22.83213
0.63030, 22.74303
0.63060, 22.58393
0.63090, 22.35136
0.63120, 22.04186
0.63150, 21.65199
0.63180, 21.17826
0.63210, 20.61479
0.63240, 19.93473
0.63270, 19.10063
0.63300, 18.07492
0.63330, 16.82006
0.63360, 15.29849
0.63390, 13.47288
0.63420, 11.34891
0.63450, 9.02885
0.63480, 6.62812
0.63510, 4.26212
0.63540, 2.04626
0.63570, 0.09594
0.63600, -1.48368
0.63630, -2.71846
0.63660, -3.72469
0.63690, -4.62041
0.63720, -5.52370
0.63750, -6.55263
0.63780, -7.82523
0.63810, -9.40748
0.63840, -11.20341
0.63870, -13.08568
0.63900, -14.92694
0.63930, -16.59986
0.63960, -17.97707
0.63990, -18.93646
0.64020, -19.46141
0.64050, -19.63348
0.64080, -19.53796
0.64110, -19.26014
0.64140, -18.88532
0.64170, -18.49879
0.64200, -18.16938
0.64230, -17.89412
0.64260, -17.65046
0.64290, -17.41583
0.64320, -17.16767
0.64350, -16.88343
0.64380, -16.54130
0.64410, -16.14741
0.64440, -15.74274
0.64470, -15.37050
0.64500, -15.07390
0.64530, -14.89615
0.64560, -14.88045
0.64590, -15.06173
0.64620, -15.42397
0.64650, -15.93168
0.64680, -16.54937
0.64710, -17.24152
0.64740, -17.97263
0.64770, -18.70746
0.64800, -19.43090
0.64830, -20.16198
0.64860, -20.92301
0.64890, -21.73630
0.64920, -22.62417
0.64950, -23.60893
0.64980, -24.71031
0.65010, -25.92499
0.65040, -27.23756
0.65070, -28.63254
0.65100, -30.09442
0.65130, -31.60770
0.65160, -33.15695
0.65190, -34.74185
0.65220, -36.39715
0.65250, -38.16254
0.65280, -40.07769
0.65310, -42.18230
0.65340, -44.51604
0.65370, -47.11257
0.65400, -49.92524
0.65430, -52.85027
0.65460, -55.78269
0.65490, -58.61751
0.65520, -61.24975
0.65550, -63.57442
0.65580, -65.51556
0.65610, -67.09046
0.65640, -68.33509
0.65670, -69.28546
0.65700, -69.97755
0.65730, -70.44734
0.65760, -70.73086
0.65790, -70.86490
0.65820, -70.88695
0.65850, -70.83457
0.65880, -70.74528
0.65910, -70.65664
0.65940, -70.60617
0.65970, -70.62664
0.66000, -70.72926
0.66030, -70.91913
0.66060, -71.20139
0.66090, -71.58114
0.66120, -72.06350
0.66150, -72.65333
0.66180, -73.34510
0.66210, -74.11994
0.66240, -74.95810
0.66270, -75.83981
0.66300, -76.74533
0.66330, -77.65488
0.66360, -78.55046
0.66390, -79.42510
0.66420, -80.27619
0.66450, -81.10114
0.66480, -81.89737
0.66510, -82.66227
0.66540, -83.39307
0.66570, -84.07209
0.66600, -84.65556
0.66630, -85.09711
0.66660, -85.35036
0.66690, -85.36895
0.66720, -85.10649
0.66750, -84.51945
0.66780, -83.59039
0.66810, -82.31601
0.66840, -80.69315
0.66870, -78.71861
0.66900, -76.38925
0.66930, -73.70194
0.66960, -70.67018
0.66990, -67.34724
0.67020, -63.79216
0.67050, -60.06401
0.67080, -56.22184
0.67110, -52.32471
0.67140, -48.43223
0.67170, -44.61163
0.67200, -40.93575
0.67230, -37.47754
0.67260, -34.30995
0.67290, -31.50595
0.67320, -29.13848
0.67350, -27.25699
0.67380, -25.83284
0.67410, -24.82115
0.67440, -24.17706
0.67470, -23.85570
0.67500, -23.81221
0.67530, -24.00169
0.67560, -24.37845
0.67590, -24.89601
0.67620, -25.50787
0.67650, -26.16754
0.67680, -26.82849
0.67710, -27.44424
0.67740, -27.98051
0.67770, -28.46025
0.67800, -28.92306
0.67830, -29.40856
0.67860, -29.95639
0.67890, -30.60615
0.67920, -31.39633
0.67950, -32.31906
0.67980, -33.30487
0.68010, -34.28002
0.68040, -35.17080
0.68070, -35.90349
0.68100, -36.40435
0.68130, -36.60932
0.68160, -36.51813
0.68190, -36.15648
0.68220, -35.55013
0.68250, -34.72484
0.68280, -33.70638
0.68310, -32.52060
0.68340, -31.20046
0.68370, -29.79180
0.68400, -28.34180
0.68430, -26.89762
0.68460, -25.50646
0.68490, -24.21547
0.68520, -23.06743
0.68550, -22.06292
0.68580, -21.17899
0.68610, -20.39244
0.68640, -19.68007
0.68670, -19.01868
0.68700, -18.38514
0.68730, -17.78419
0.68760, -17.28928
0.68790, -16.98431
0.68820, -16.95315
0.68850, -17.27967
0.68880, -18.04777
0.68910, -19.33510
0.68940, -21.12881
0.68970, -23.34779
0.69000, -25.90923
0.69030, -28.73031
0.69060, -31.72823
0.69090, -34.82019
0.69120, -37.93543
0.69150, -41.04464
0.69180, -44.12741
0.69210, -47.16332
0.69240, -50.13196
0.69270, -53.01292
0.69300, -55.78642
0.69330, -58.44783
0.69360, -61.00793
0.69390, -63.47816
0.69420, -65.86998
0.69450, -68.19485
0.69480, -70.46422
0.69510, -72.67399
0.69540, -74.74494
0.69570, -76.57517
0.69600, -78.06275
0.69630, -79.10580
0.69660, -79.60238
0.69690, -79.45272
0.69720, -78.64950
0.69750, -77.31201
0.69780, -75.56865
0.69810, -73.54784
0.69840, -71.37800
0.69870, -69.18754
0.69900, -67.08665
0.69930, -65.06049
0.69960, -63.04174
0.69990, -60.96295
0.70020, -58.75661
0.70050, -56.35527
0.70080, -53.69208
0.70110, -50.76839
0.70140, -47.71194
0.70170, -44.66425
0.70200, -41.76682
0.70230, -39.16115
0.70260, -36.98875
0.70290, -35.37806
0.70320, -34.32711
0.70350, -33.75904
0.70380, -33.59608
0.70410, -33.76046
0.70440, -34.17442
0.70470, -34.76028
0.70500, -35.47390
0.70530, -36.35666
0.70560, -37.46334
0.70590, -38.84873
0.70620, -40.56765
0.70650, -42.67487
0.70680, -45.21557
0.70710, -48.08859
0.70740, -51.07899
0.70770, -53.96886
0.70800, -56.54027
0.70830, -58.57532
