0.25050, -0.04540
0.25060, -0.04540
0.25070, -0.03991
0.25080, -0.03991
0.25090, -0.03442
0.25100, -0.03442
0.25110, -0.02893
0.25120, -0.02893
0.25130, -0.02893
0.25140, -0.03716
0.25150, -0.03716
0.25160, -0.04540
0.25170, -0.04540
0.25180, -0.05638
0.25190, -0.05638
0.25200, -0.07010
0.25210, -0.07010
0.25220, -0.07834
0.25230, -0.09481
0.25240, -0.09481
0.25250, -0.10304
0.25260, -0.10304
0.25270, -0.10853
0.25280, -0.10853
0.25290, -0.10030
0.25300, -0.10030
0.25310, -0.08108
0.25320, -0.07285
0.25330, -0.07285
0.25340, -0.05912
0.25350, -0.05912
0.25360, -0.04265
0.25370, -0.04265
0.25380, -0.02893
0.25390, -0.02893
0.25400, -0.01246
0.25410, -0.00697
0.25420, -0.00697
0.25430, -0.02069
0.25440, -0.02069
0.25450, -0.04265
0.25460, -0.04265
0.25470, 0.02323
0.25480, 0.02323
0.25490, 0.01225
0.25490, -0.17715
0.25500, -0.01520
0.25500, -0.19911
0.25510, -0.01520
0.25510, -0.19911
0.25520, -0.13323
0.25530, -0.13323
0.25540, -0.15519
0.25550, -0.15519
0.25560, -0.16892
0.25570, -0.16892
0.25580, -0.15794
0.25590, -0.02618
0.25590, -0.21009
0.25600, -0.02618
0.25600, -0.21009
0.25610, 0.01774
0.25610, -0.18539
0.25620, 0.01774
0.25620, -0.18539
0.25630, 0.07264
0.25630, -0.15519
0.25640, 0.07264
0.25640, -0.15519
0.25650, 0.13302
0.25650, -0.10853
0.25660, 0.13302
0.25660, -0.10853
0.25670, 0.17145
0.25670, -0.06736
0.25680, 0.19341
0.25680, -0.02893
0.25690, 0.19341
0.25690, -0.02893
0.25700, 0.19890
0.25700, -0.00422
0.25710, 0.19890
0.25710, -0.00422
0.25720, 0.11655
0.25730, 0.11655
0.25740, 0.13577
0.25750, 0.13577
0.25760, 0.12204
0.25770, 0.19890
0.25770, 0.00676
0.25780, 0.19890
0.25780, 0.00676
0.25790, 0.18792
0.25790, -0.02618
0.25800, 0.18792
0.25800, -0.02618
0.25810, 0.17145
0.25810, -0.06187
0.25820, 0.17145
0.25820, -0.06187
0.25830, 0.13851
0.25830, -0.10853
0.25840, 0.13851
0.25840, -0.10853
0.25850, 0.08361
0.25850, -0.16343
0.25860, 0.02872
0.25860, -0.20186
0.25870, 0.02872
0.25870, -0.20186
0.25880, -0.02069
0.25880, -0.23205
0.25890, -0.02069
0.25890, -0.23205
0.25900, -0.08657
0.25900, -0.26499
0.25910, -0.08657
0.25910, -0.26499
0.25920, -0.20735
0.25930, -0.20735
0.25940, -0.22107
0.25950, -0.22107
0.25960, -0.21009
0.25970, -0.19362
0.25980, -0.19362
0.25990, -0.17441
0.26000, -0.17441
0.26010, -0.15519
0.26020, -0.15519
0.26030, -0.13598
0.26040, -0.13598
0.26050, -0.12226
0.26060, -0.10579
0.26070, -0.10579
0.26080, -0.09206
0.26090, -0.09206
0.26100, -0.09206
0.26110, -0.09206
0.26120, -0.09755
0.26130, -0.09755
0.26140, -0.10304
0.26150, -0.10853
0.26160, -0.10853
0.26170, -0.10853
0.26180, -0.10853
0.26190, -0.09755
0.26200, -0.09755
0.26210, -0.08383
0.26220, -0.08383
0.26230, -0.06736
0.26240, -0.05363
0.26250, -0.05363
0.26260, -0.03716
0.26270, -0.03716
0.26280, -0.02344
0.26290, -0.02344
0.26300, -0.00697
0.26310, -0.00697
0.26320, 0.00676
0.26330, 0.01225
0.26340, 0.01225
0.26350, 0.00127
0.26360, 0.00127
0.26370, -0.01520
0.26380, -0.01520
0.26390, -0.03716
0.26400, -0.03716
0.26410, 0.03421
0.26410, -0.14970
0.26420, 0.01225
0.26420, -0.17990
0.26430, 0.01225
0.26430, -0.17990
0.26440, -0.02069
0.26440, -0.21558
0.26450, -0.02069
0.26450, -0.21558
0.26460, -0.05363
0.26460, -0.24303
0.26470, -0.05363
0.26470, -0.24303
0.26480, -0.09206
0.26490, -0.09206
0.26500, -0.19911
0.26510, -0.21558
0.26520, -0.21558
0.26530, -0.20460
0.26540, -0.20460
0.26550, -0.07559
0.26550, -0.25950
0.26560, -0.07559
0.26560, -0.25950
0.26570, -0.00971
0.26570, -0.22382
0.26580, -0.00971
0.26580, -0.22382
0.26590, 0.07264
0.26590, -0.17715
0.26600, 0.15498
0.26600, -0.02069
0.26600, -0.21009
0.26610, 0.15498
0.26610, -0.02069
0.26610, -0.21009
0.26620, 0.23733
0.26620, 0.06166
0.26620, -0.14696
0.26630, 0.23733
0.26630, 0.06166
0.26630, -0.14696
0.26640, 0.31419
0.26640, 0.13851
0.26640, -0.07559
0.26650, 0.31419
0.26650, 0.13851
0.26650, -0.07559
0.26660, 0.35262
0.26660, 0.17694
0.26660, -0.02618
0.26670, 0.35262
0.26670, 0.17694
0.26670, -0.02618
0.26680, 0.37458
0.26680, 0.19890
0.26690, 0.38556
0.26690, 0.15773
0.26700, 0.38556
0.26700, 0.15773
0.26710, 0.39105
0.26710, 0.19890
0.26720, 0.39105
0.26720, 0.19890
0.26730, 0.39105
0.26740, 0.39105
0.26750, 0.39105
0.26750, 0.18243
0.26760, 0.39105
0.26760, 0.18243
0.26770, 0.39105
0.26770, 0.13577
0.26780, 0.38007
0.26780, 0.20439
0.26780, -0.00971
0.26790, 0.38007
0.26790, 0.20439
0.26790, -0.00971
0.26800, 0.35262
0.26800, 0.17694
0.26800, -0.07559
0.26810, 0.35262
0.26810, 0.17694
0.26810, -0.07559
0.26820, 0.29223
0.26820, 0.11655
0.26820, -0.05912
0.26820, -0.24578
0.26830, 0.29223
0.26830, 0.11655
0.26830, -0.05912
0.26830, -0.24578
0.26840, 0.20439
0.26840, 0.02872
0.26840, -0.14696
0.26840, -0.33636
0.26850, 0.20439
0.26850, 0.02872
0.26850, -0.14696
0.26850, -0.33636
0.26860, 0.11655
0.26860, -0.05912
0.26860, -0.31715
0.26870, 0.01774
0.26870, -0.15794
0.26870, -0.37479
0.26880, 0.01774
0.26880, -0.15794
0.26880, -0.37479
0.26890, -0.08657
0.26890, -0.34185
0.26900, -0.08657
0.26900, -0.34185
0.26910, -0.19088
0.26910, -0.39400
0.26920, -0.19088
0.26920, -0.39400
0.26930, -0.24578
0.26930, -0.42420
0.26940, -0.24578
0.26940, -0.42420
0.26950, -0.19637
0.26950, -0.39949
0.26960, -0.12500
0.26960, -0.36106
0.26970, -0.12500
0.26970, -0.36106
0.26980, -0.05363
0.26980, -0.22931
0.26980, -0.41047
0.26990, -0.05363
0.26990, -0.22931
0.26990, -0.41047
0.27000, 0.01774
0.27000, -0.15794
0.27000, -0.35557
0.27010, 0.01774
0.27010, -0.15794
0.27010, -0.35557
0.27020, 0.08910
0.27020, -0.08657
0.27020, -0.28970
0.27030, 0.08910
0.27030, -0.08657
0.27030, -0.28970
0.27040, 0.14400
0.27040, -0.03167
0.27040, -0.22656
0.27050, 0.14949
0.27050, -0.10030
0.27060, 0.14949
0.27060, -0.10030
0.27070, 0.14949
0.27070, -0.06461
0.27080, 0.14949
0.27080, -0.06461
0.27090, 0.14949
0.27090, -0.03167
0.27100, 0.14949
0.27100, -0.03167
0.27110, 0.14949
0.27110, -0.03167
0.27120, 0.14949
0.27120, -0.03167
0.27130, 0.14400
0.27130, -0.06461
0.27140, 0.13851
0.27140, -0.10030
0.27150, 0.13851
0.27150, -0.10030
0.27160, 0.11106
0.27160, -0.14696
0.27170, 0.11106
0.27170, -0.14696
0.27180, 0.06715
0.27180, -0.10853
0.27190, 0.06715
0.27190, -0.10853
0.27200, 0.00676
0.27200, -0.23205
0.27210, 0.00676
0.27210, -0.23205
0.27220, -0.05912
0.27220, -0.26774
0.27230, -0.11951
0.27230, -0.30068
0.27240, -0.11951
0.27240, -0.30068
0.27250, -0.22931
0.27260, -0.22931
0.27270, -0.10853
0.27270, -0.29519
0.27280, -0.10853
0.27280, -0.29519
0.27290, -0.04814
0.27290, -0.26225
0.27300, -0.04814
0.27300, -0.26225
0.27310, 0.01225
0.27310, -0.22656
0.27320, 0.01225
0.27320, -0.22656
0.27330, 0.07264
0.27330, -0.18264
0.27340, 0.10008
0.27340, -0.14147
0.27350, 0.10008
0.27350, -0.14147
0.27360, 0.11655
0.27360, -0.10579
0.27370, 0.11655
0.27370, -0.10579
0.27380, 0.11655
0.27380, -0.07559
0.27390, 0.11655
0.27390, -0.07559
0.27400, 0.04244
0.27410, 0.04244
0.27420, 0.07538
0.27430, 0.06715
0.27440, 0.06715
0.27450, 0.05342
0.27460, 0.05342
0.27470, 0.04519
0.27480, 0.04519
0.27490, 0.03146
0.27500, 0.03146
0.27510, 0.02048
0.27520, 0.02872
0.27530, 0.02872
0.27540, 0.14400
0.27550, 0.14400
0.27560, 0.20439
0.27560, -0.00148
0.27570, 0.20439
0.27570, -0.00148
0.27580, 0.27027
0.27580, 0.03695
0.27590, 0.27027
0.27590, 0.03695
0.27600, 0.33066
0.27600, 0.07813
0.27610, 0.39654
0.27610, 0.13577
0.27620, 0.39654
0.27620, 0.13577
0.27630, 0.42948
0.27630, 0.17969
0.27640, 0.42948
0.27640, 0.17969
0.27650, 0.44046
0.27650, 0.21263
0.27660, 0.44046
0.27660, 0.21263
0.27670, 0.44595
0.27670, 0.24831
0.27680, 0.44595
0.27680, 0.24831
0.27690, 0.36634
0.27700, 0.45144
0.27700, 0.27027
0.27710, 0.45144
0.27710, 0.27027
0.27720, 0.44595
0.27720, 0.23459
0.27730, 0.44595
0.27730, 0.23459
0.27740, 0.44046
0.27740, 0.19067
0.27750, 0.44046
0.27750, 0.19067
0.27760, 0.41850
0.27760, 0.24282
0.27760, 0.05068
0.27770, 0.41850
0.27770, 0.24282
0.27770, 0.05068
0.27780, 0.37458
0.27780, 0.19890
0.27780, -0.00697
0.27790, 0.30870
0.27790, 0.13302
0.27790, -0.06461
0.27800, 0.30870
0.27800, 0.13302
0.27800, -0.06461
0.27810, 0.24282
0.27810, -0.01795
0.27820, 0.24282
0.27820, -0.01795
0.27830, 0.16596
0.27830, -0.06187
0.27840, 0.16596
0.27840, -0.06187
0.27850, 0.08361
0.27850, -0.10579
0.27860, 0.08361
0.27860, -0.10579
0.27870, -0.05912
0.27880, -0.06187
0.27890, -0.06187
0.27900, -0.03991
0.27910, -0.03991
0.27920, 0.06715
0.27930, 0.06715
0.27940, 0.08361
0.27940, -0.09481
0.27950, 0.08361
0.27950, -0.09481
0.27960, 0.01225
0.27970, 0.02872
0.27980, 0.02872
0.27990, 0.03970
0.28000, 0.03970
0.28010, 0.02597
0.28020, 0.02597
0.28030, 0.08910
0.28030, -0.08932
0.28040, 0.08910
0.28040, -0.08932
0.28050, 0.07813
0.28050, -0.11951
0.28060, 0.06715
0.28060, -0.14970
0.28070, 0.06715
0.28070, -0.14970
0.28080, 0.02872
0.28080, -0.18264
0.28090, 0.02872
0.28090, -0.18264
0.28100, -0.01520
0.28100, -0.21009
0.28110, -0.01520
0.28110, -0.21009
0.28120, -0.05912
0.28130, -0.05912
0.28140, -0.17166
0.28150, -0.17166
0.28160, -0.17166
0.28170, -0.14421
0.28180, -0.14421
0.28190, -0.00422
0.28190, -0.20186
0.28200, -0.00422
0.28200, -0.20186
0.28210, 0.04519
0.28210, -0.17166
0.28220, 0.04519
0.28220, -0.17166
0.28230, 0.07264
0.28230, -0.14147
0.28240, 0.08910
0.28240, -0.11128
0.28250, 0.08910
0.28250, -0.11128
0.28260, 0.08910
0.28260, -0.08932
0.28270, 0.08910
0.28270, -0.08932
0.28280, 0.02048
0.28290, 0.02048
0.28300, 0.00950
0.28310, 0.00950
0.28320, 0.08910
0.28320, -0.11677
0.28330, 0.08361
0.28330, -0.15794
0.28340, 0.08361
0.28340, -0.15794
0.28350, 0.06715
0.28350, -0.10853
0.28350, -0.29244
0.28360, 0.06715
0.28360, -0.10853
0.28360, -0.29244
0.28370, 0.02323
0.28370, -0.15245
0.28370, -0.35283
0.28380, 0.02323
0.28380, -0.15245
0.28380, -0.35283
0.28390, -0.02618
0.28390, -0.20186
0.28390, -0.40498
0.28400, -0.02618
0.28400, -0.20186
0.28400, -0.40498
0.28410, -0.09755
0.28410, -0.27323
0.28410, -0.45439
0.28420, -0.17441
0.28420, -0.41047
0.28430, -0.17441
0.28430, -0.41047
0.28440, -0.25127
0.28440, -0.44890
0.28450, -0.25127
0.28450, -0.44890
0.28460, -0.39949
0.28470, -0.39949
0.28480, -0.40498
0.28490, -0.40498
0.28500, -0.28970
0.28510, -0.24029
0.28510, -0.43792
0.28520, -0.24029
0.28520, -0.43792
0.28530, -0.19088
0.28530, -0.40773
0.28540, -0.19088
0.28540, -0.40773
0.28550, -0.14147
0.28550, -0.36655
0.28560, -0.14147
0.28560, -0.36655
0.28570, -0.11402
0.28570, -0.33087
0.28580, -0.11402
0.28580, -0.33087
0.28590, -0.09206
0.28590, -0.29519
0.28600, -0.09206
0.28600, -0.29519
0.28610, -0.07559
0.28610, -0.26225
0.28620, -0.13872
0.28630, -0.13872
0.28640, -0.10304
0.28650, -0.10304
0.28660, -0.06736
0.28670, -0.06736
0.28680, -0.03167
0.28690, -0.03167
0.28700, 0.10008
0.28700, -0.08383
0.28710, 0.15498
0.28710, -0.04814
0.28720, 0.15498
0.28720, -0.04814
0.28730, 0.20988
0.28730, -0.00971
0.28740, 0.20988
0.28740, -0.00971
0.28750, 0.27027
0.28750, 0.03146
0.28760, 0.27027
0.28760, 0.03146
0.28770, 0.32517
0.28770, 0.08361
0.28780, 0.32517
0.28780, 0.08361
0.28790, 0.36360
0.28790, 0.12479
0.28800, 0.38007
0.28800, 0.16047
0.28810, 0.38007
0.28810, 0.16047
0.28820, 0.38556
0.28820, 0.19067
0.28830, 0.38556
0.28830, 0.19067
0.28840, 0.30870
0.28850, 0.30870
0.28860, 0.32517
0.28870, 0.32517
0.28880, 0.31144
0.28890, 0.38007
0.28890, 0.19616
0.28900, 0.38007
0.28900, 0.19616
0.28910, 0.37458
0.28910, 0.16871
0.28920, 0.37458
0.28920, 0.16871
0.28930, 0.35811
0.28930, 0.14400
0.28940, 0.35811
0.28940, 0.14400
0.28950, 0.31968
0.28950, 0.11381
0.28960, 0.31968
0.28960, 0.11381
0.28970, 0.27027
0.28970, 0.08636
0.28980, 0.14949
0.28990, 0.14949
0.29000, 0.12479
0.29010, 0.12479
0.29020, 0.12479
0.29030, 0.12479
0.29040, 0.14400
0.29050, 0.14400
0.29060, 0.25380
0.29070, 0.28674
0.29070, 0.10008
0.29080, 0.28674
0.29080, 0.10008
0.29090, 0.30321
0.29090, 0.11930
0.29100, 0.30321
0.29100, 0.11930
0.29110, 0.22910
0.29120, 0.22910
0.29130, 0.25106
0.29140, 0.25106
0.29150, 0.26478
0.29160, 0.25106
0.29170, 0.25106
0.29180, 0.31419
0.29180, 0.13577
0.29190, 0.31419
0.29190, 0.13577
0.29200, 0.30870
0.29200, 0.10008
0.29210, 0.30870
0.29210, 0.10008
0.29220, 0.29772
0.29220, 0.06166
0.29230, 0.29772
0.29230, 0.06166
0.29240, 0.27576
0.29240, 0.01774
0.29250, 0.22635
0.29250, 0.05068
0.29250, -0.13049
0.29260, 0.22635
0.29260, 0.05068
0.29260, -0.13049
0.29270, 0.17145
0.29270, -0.00422
0.29270, -0.19088
0.29280, 0.17145
0.29280, -0.00422
0.29280, -0.19088
0.29290, 0.11106
0.29290, -0.06461
0.29290, -0.25401
0.29300, 0.11106
0.29300, -0.06461
0.29300, -0.25401
0.29310, 0.04519
0.29310, -0.13049
0.29310, -0.32264
0.29320, 0.04519
0.29320, -0.13049
0.29320, -0.32264
0.29330, -0.02069
0.29330, -0.19637
0.29330, -0.37753
0.29340, -0.09206
0.29340, -0.33910
0.29350, -0.09206
0.29350, -0.33910
0.29360, -0.15794
0.29360, -0.38851
0.29370, -0.15794
0.29370, -0.38851
0.29380, -0.22382
0.29380, -0.42694
0.29390, -0.22382
0.29390, -0.42694
0.29400, -0.38028
0.29410, -0.38028
0.29420, -0.41047
0.29430, -0.41871
0.29440, -0.41871
0.29450, -0.40224
0.29460, -0.40224
0.29470, -0.38577
0.29480, -0.38577
0.29490, -0.26774
0.29490, -0.44890
0.29500, -0.26774
0.29500, -0.44890
0.29510, -0.22931
0.29510, -0.42420
0.29520, -0.19088
0.29520, -0.38851
0.29530, -0.19088
0.29530, -0.38851
0.29540, -0.15794
0.29540, -0.35283
0.29550, -0.15794
0.29550, -0.35283
0.29560, -0.14147
0.29560, -0.32538
0.29570, -0.14147
0.29570, -0.32538
0.29580, -0.21558
0.29590, -0.21558
0.29600, -0.19362
0.29610, -0.17441
0.29620, -0.17441
0.29630, -0.16068
0.29640, -0.16068
0.29650, -0.16617
0.29660, -0.16617
0.29670, -0.17715
0.29680, -0.17715
0.29690, -0.18539
0.29700, -0.19637
0.29710, -0.19637
0.29720, -0.20460
0.29730, -0.20460
0.29740, -0.21284
0.29750, -0.21284
0.29760, -0.21558
0.29770, -0.21558
0.29780, -0.20735
0.29790, -0.19362
0.29800, -0.19362
0.29810, -0.17990
0.29820, -0.17990
0.29830, -0.16343
0.29840, -0.16343
0.29850, -0.14421
0.29860, -0.14421
0.29870, -0.12500
0.29880, -0.10030
0.29890, -0.10030
0.29900, -0.07834
0.29910, -0.07834
0.29920, -0.05912
0.29930, -0.05912
0.29940, -0.03716
0.29950, -0.03716
0.29960, -0.01795
0.29970, -0.01795
0.29980, 0.00127
0.29990, 0.02597
0.30000, 0.02597
0.30010, 0.04519
0.30020, 0.04519
0.30030, 0.06166
0.30040, 0.06166
0.30050, 0.07538
0.30060, 0.07538
0.30070, 0.09185
0.30080, 0.10283
0.30090, 0.10283
0.30100, 0.11106
0.30110, 0.11106
0.30120, 0.11381
0.30130, 0.11381
0.30140, 0.10557
0.30150, 0.10557
0.30160, 0.09185
0.30170, 0.07538
0.30180, 0.07538
0.30190, 0.05342
0.30200, 0.05342
0.30210, 0.03421
0.30220, 0.03421
0.30230, 0.00950
0.30240, 0.00950
0.30250, -0.00697
0.30260, -0.02893
0.30270, -0.02893
0.30280, -0.04814
0.30290, -0.04814
0.30300, -0.06736
0.30310, -0.06736
0.30320, -0.08383
0.30330, -0.08383
0.30340, -0.09206
0.30350, -0.09755
0.30360, -0.09755
0.30370, -0.09206
0.30380, -0.09206
0.30390, -0.08657
0.30400, -0.08657
0.30410, -0.07834
0.30420, -0.07834
0.30430, -0.07010
0.30440, -0.06187
0.30450, -0.06187
0.30460, -0.05363
0.30470, -0.05363
0.30480, -0.04814
0.30490, -0.04814
0.30500, -0.04265
0.30510, -0.04265
0.30520, -0.03991
0.30530, -0.03716
0.30540, -0.03716
0.30550, -0.03991
0.30560, -0.03991
0.30570, -0.04265
0.30580, -0.04265
0.30590, -0.04265
0.30600, -0.04265
0.30610, -0.04814
0.30620, -0.04814
0.30630, -0.04814
0.30640, -0.04265
0.30650, -0.04265
0.30660, -0.03716
0.30670, -0.03716
0.30680, -0.02893
0.30690, -0.02893
0.30700, -0.01795
0.30710, -0.00697
0.30720, -0.00697
0.30730, 0.00676
0.30740, 0.00676
0.30750, 0.02323
0.30760, 0.02323
0.30770, 0.03970
0.30780, 0.03970
0.30790, 0.05068
0.30800, 0.05891
0.30810, 0.05891
0.30820, 0.06715
0.30830, 0.06715
0.30840, 0.06715
0.30850, 0.06715
0.30860, 0.06166
0.30870, 0.06166
0.30880, 0.05068
0.30890, 0.03695
0.30900, 0.03695
0.30910, 0.02597
0.30920, 0.02597
0.30930, 0.01499
0.30940, 0.01499
0.30950, 0.00127
0.30960, 0.00127
0.30970, -0.00697
0.30980, -0.01246
0.30990, -0.01246
0.31000, -0.02069
0.31010, -0.02069
0.31020, -0.02344
0.31030, -0.02344
0.31040, -0.01795
0.31050, -0.01795
0.31060, -0.00971
0.31070, -0.00422
0.31080, -0.00422
0.31090, 0.00401
0.31100, 0.00401
0.31110, 0.01774
0.31120, 0.01774
0.31130, 0.03695
0.31140, 0.03695
0.31150, 0.05342
0.31160, 0.07264
0.31170, 0.07264
0.31180, 0.09185
0.31190, 0.09185
0.31200, 0.11106
0.31210, 0.11106
0.31220, 0.13851
0.31230, 0.13851
0.31240, 0.16596
0.31250, 0.16596
0.31260, 0.19067
0.31270, 0.21263
0.31280, 0.21263
0.31290, 0.23184
0.31300, 0.23184
0.31310, 0.24557
0.31320, 0.24557
0.31330, 0.25929
0.31340, 0.25929
0.31350, 0.26753
0.31360, 0.25929
0.31370, 0.25929
0.31380, 0.24282
0.31390, 0.24282
0.31400, 0.22361
0.31410, 0.22361
0.31420, 0.20439
0.31430, 0.20439
0.31440, 0.17969
0.31450, 0.24282
0.31460, 0.24282
0.31470, 0.21537
0.31470, 0.03695
0.31480, 0.21537
0.31480, 0.03695
0.31490, 0.18792
0.31490, 0.00676
0.31500, 0.18792
0.31500, 0.00676
0.31510, 0.15498
0.31510, -0.02618
0.31520, 0.15498
0.31520, -0.02618
0.31530, 0.12204
0.31530, -0.05638
0.31540, 0.09459
0.31540, -0.08657
0.31550, 0.09459
0.31550, -0.08657
0.31560, 0.06166
0.31560, -0.11951
0.31570, 0.06166
0.31570, -0.11951
0.31580, 0.02872
0.31590, 0.02872
0.31600, -0.08108
0.31610, -0.08108
0.31620, -0.09755
0.31630, -0.11402
0.31640, -0.11402
0.31650, -0.11677
0.31660, -0.11677
0.31670, -0.09755
0.31680, -0.09755
0.31690, -0.07834
0.31700, -0.07834
0.31710, 0.03421
0.31710, -0.14696
0.31720, 0.06715
0.31720, -0.12226
0.31730, 0.06715
0.31730, -0.12226
0.31740, 0.08361
0.31740, -0.09481
0.31750, 0.08361
0.31750, -0.09481
0.31760, 0.01499
0.31770, 0.01499
0.31780, 0.03146
0.31790, 0.03146
0.31800, 0.05068
0.31810, 0.04793
0.31820, 0.04793
0.31830, 0.03146
0.31840, 0.03146
0.31850, 0.01499
0.31860, 0.01499
0.31870, 0.08361
0.31870, -0.09481
0.31880, 0.08361
0.31880, -0.09481
0.31890, -0.02344
0.31900, -0.04540
0.31910, -0.04540
0.31920, -0.06187
0.31930, -0.06187
0.31940, -0.07559
0.31950, -0.07559
0.31960, -0.07010
0.31970, -0.07010
0.31980, -0.05638
0.31990, -0.04265
0.32000, -0.04265
0.32010, -0.02618
0.32020, -0.02618
0.32030, -0.00971
0.32040, -0.00971
0.32050, 0.00676
0.32060, 0.00676
0.32070, 0.02048
0.32080, 0.01225
0.32090, 0.01225
0.32100, -0.00422
0.32110, -0.00422
0.32120, -0.02344
0.32130, -0.02344
0.32140, 0.05068
0.32140, -0.13323
0.32150, 0.05068
0.32150, -0.13323
0.32160, 0.02872
0.32160, -0.16343
0.32170, -0.00422
0.32170, -0.19911
0.32180, -0.00422
0.32180, -0.19911
0.32190, -0.04265
0.32190, -0.23205
0.32200, -0.04265
0.32200, -0.23205
0.32210, -0.07559
0.32220, -0.07559
0.32230, -0.18264
0.32240, -0.18264
0.32250, -0.19637
0.32260, -0.18813
0.32270, -0.18813
0.32280, -0.16617
0.32290, -0.16617
0.32300, -0.04814
0.32300, -0.23205
0.32310, -0.04814
0.32310, -0.23205
0.32320, -0.02069
0.32320, -0.21009
0.32330, -0.02069
0.32330, -0.21009
0.32340, -0.00971
0.32340, -0.19088
0.32350, -0.07834
0.32360, -0.07834
0.32370, -0.05912
0.32380, -0.05912
0.32390, -0.04265
0.32400, -0.04265
0.32410, -0.04540
0.32420, -0.04540
0.32430, -0.06461
0.32440, -0.08657
0.32450, -0.08657
0.32460, -0.00971
0.32460, -0.19362
0.32470, -0.00971
0.32470, -0.19362
0.32480, -0.03167
0.32480, -0.22382
0.32490, -0.03167
0.32490, -0.22382
0.32500, -0.06461
0.32500, -0.25676
0.32510, -0.06461
0.32510, -0.25676
0.32520, -0.10304
0.32520, -0.28695
0.32530, -0.21833
0.32540, -0.21833
0.32550, -0.24029
0.32560, -0.24029
0.32570, -0.25950
0.32580, -0.25950
0.32590, -0.26499
0.32600, -0.26499
0.32610, -0.25401
0.32620, -0.25401
0.32630, -0.23754
0.32640, -0.22107
0.32650, -0.22107
0.32660, -0.20186
0.32670, -0.20186
0.32680, -0.17715
0.32690, -0.17715
0.32700, -0.16068
0.32710, -0.16068
0.32720, -0.14421
0.32730, -0.13323
0.32740, -0.13323
0.32750, -0.12226
0.32760, -0.12226
0.32770, -0.11951
0.32780, -0.11951
0.32790, -0.12774
0.32800, -0.12774
0.32810, -0.13872
0.32820, -0.15519
0.32830, -0.15519
0.32840, -0.16892
0.32850, -0.16892
0.32860, -0.17990
0.32870, -0.17990
0.32880, -0.18813
0.32890, -0.18813
0.32900, -0.19911
0.32910, -0.20735
0.32920, -0.20735
0.32930, -0.21009
0.32940, -0.21009
0.32950, -0.19637
0.32960, -0.19637
0.32970, -0.18264
0.32980, -0.18264
0.32990, -0.16617
0.33000, -0.14421
0.33010, -0.14421
0.33020, -0.12500
0.33030, -0.12500
0.33040, -0.09755
0.33050, -0.09755
0.33060, -0.07285
0.33070, -0.07285
0.33080, -0.05363
0.33090, -0.03716
0.33100, -0.03716
0.33110, -0.02069
0.33120, -0.02069
0.33130, -0.00697
0.33140, -0.00697
0.33150, -0.01246
0.33160, -0.01246
0.33170, -0.02618
0.33180, -0.03991
0.33190, -0.03991
0.33200, -0.05638
0.33210, -0.05638
0.33220, -0.07834
0.33230, -0.07834
0.33240, -0.10304
0.33250, -0.10304
0.33260, -0.11951
0.33270, -0.13598
0.33280, -0.13598
0.33290, -0.14970
0.33300, -0.14970
0.33310, -0.16343
0.33320, -0.16343
0.33330, -0.16617
0.33340, -0.16617
0.33350, -0.15794
0.33360, -0.14970
0.33370, -0.14970
0.33380, -0.13598
0.33390, -0.13598
0.33400, -0.12774
0.33410, -0.12774
0.33420, -0.11402
0.33430, -0.11402
0.33440, -0.10304
0.33450, -0.08932
0.33460, -0.08932
0.33470, -0.07285
0.33480, -0.07285
0.33490, -0.05912
0.33500, -0.05912
0.33510, -0.03442
0.33520, -0.03442
0.33530, -0.01795
0.33540, 0.00401
0.33550, 0.00401
0.33560, 0.03146
0.33570, 0.03146
0.33580, 0.14949
0.33580, -0.03167
0.33590, 0.14949
0.33590, -0.03167
0.33600, 0.18792
0.33600, 0.00127
0.33610, 0.18792
0.33610, 0.00127
0.33620, 0.22635
0.33620, 0.03421
0.33630, 0.26478
0.33630, 0.06989
0.33640, 0.26478
0.33640, 0.06989
0.33650, 0.28125
0.33650, 0.09459
0.33660, 0.28125
0.33660, 0.09459
0.33670, 0.20439
0.33680, 0.20439
0.33690, 0.22635
0.33700, 0.22635
0.33710, 0.24831
0.33720, 0.26753
0.33730, 0.26753
0.33740, 0.26478
0.33750, 0.26478
0.33760, 0.25655
0.33770, 0.25655
0.33780, 0.25106
0.33790, 0.25106
0.33800, 0.24282
0.33810, 0.23459
0.33820, 0.23459
0.33830, 0.22910
0.33840, 0.22910
0.33850, 0.22910
0.33860, 0.22910
0.33870, 0.24008
0.33880, 0.24008
0.33890, 0.25106
0.33900, 0.26204
0.33910, 0.26204
0.33920, 0.27302
0.33930, 0.27302
0.33940, 0.28674
0.33950, 0.28674
0.33960, 0.29772
0.33970, 0.29772
0.33980, 0.30595
0.33990, 0.30595
0.34000, 0.31419
0.34010, 0.30870
0.34020, 0.30870
0.34030, 0.29772
0.34040, 0.29772
0.34050, 0.29223
0.34060, 0.29223
0.34070, 0.28125
0.34080, 0.28125
0.34090, 0.26753
0.34100, 0.25655
0.34110, 0.25655
0.34120, 0.24282
0.34130, 0.24282
0.34140, 0.23184
0.34150, 0.23184
0.34160, 0.22086
0.34170, 0.22086
0.34180, 0.20988
0.34190, 0.19890
0.34200, 0.19890
0.34210, 0.18792
0.34220, 0.18792
0.34230, 0.17145
0.34240, 0.17145
0.34250, 0.15773
0.34260, 0.15773
0.34270, 0.14126
0.34280, 0.12479
0.34290, 0.12479
0.34300, 0.10557
0.34310, 0.10557
0.34320, 0.09185
0.34330, 0.09185
0.34340, 0.07538
0.34350, 0.07538
0.34360, 0.06166
0.34370, 0.04793
0.34380, 0.04793
0.34390, 0.03695
0.34400, 0.03695
0.34410, 0.03146
0.34420, 0.03146
0.34430, 0.03146
0.34440, 0.03146
0.34450, 0.02323
0.34460, 0.01499
0.34470, 0.01499
0.34480, -0.00148
0.34490, -0.00148
0.34500, -0.01520
0.34510, -0.01520
0.34520, -0.03442
0.34530, -0.03442
0.34540, -0.05638
0.34550, -0.08108
0.34560, -0.08108
0.34570, -0.10304
0.34580, -0.10304
0.34590, -0.11951
0.34600, -0.11951
0.34610, -0.13872
0.34620, -0.13872
0.34630, -0.15519
0.34640, -0.16892
0.34650, -0.16892
0.34660, -0.16617
0.34670, -0.16617
0.34680, -0.16068
0.34690, -0.16068
0.34700, -0.14970
0.34710, -0.14970
0.34720, -0.14421
0.34730, -0.14147
0.34740, -0.14147
0.34750, -0.16068
0.34760, -0.16068
0.34770, -0.18813
0.34780, -0.18813
0.34790, -0.11402
0.34790, -0.30342
0.34800, -0.11402
0.34800, -0.30342
0.34810, -0.11951
0.34810, -0.33361
0.34820, -0.14147
0.34820, -0.37204
0.34830, -0.14147
0.34830, -0.37204
0.34840, -0.17990
0.34840, -0.41871
0.34850, -0.17990
0.34850, -0.41871
0.34860, -0.22931
0.34860, -0.47086
0.34870, -0.22931
0.34870, -0.47086
0.34880, -0.27872
0.34880, -0.50655
0.34890, -0.27872
0.34890, -0.50655
0.34900, -0.33361
0.34900, -0.54223
0.34910, -0.38851
0.34910, -0.57242
0.34920, -0.38851
0.34920, -0.57242
0.34930, -0.51204
0.34940, -0.51204
0.34950, -0.53399
0.34960, -0.53399
0.34970, -0.52576
0.34980, -0.52576
0.34990, -0.50655
0.35000, -0.49008
0.35010, -0.49008
0.35020, -0.37204
0.35020, -0.55321
0.35030, -0.37204
0.35030, -0.55321
0.35040, -0.34459
0.35040, -0.52851
0.35050, -0.34459
0.35050, -0.52851
0.35060, -0.32264
0.35060, -0.50106
0.35070, -0.32264
0.35070, -0.50106
0.35080, -0.38302
0.35090, -0.35283
0.35100, -0.35283
0.35110, -0.32538
0.35120, -0.32538
0.35130, -0.29793
0.35140, -0.29793
0.35150, -0.27323
0.35160, -0.27323
0.35170, -0.25127
0.35180, -0.22382
0.35190, -0.22382
0.35200, -0.19911
0.35210, -0.19911
0.35220, -0.17166
0.35230, -0.17166
0.35240, -0.14421
0.35250, -0.14421
0.35260, -0.11677
0.35270, -0.11677
0.35280, -0.00422
0.35290, -0.06461
0.35300, -0.06461
0.35310, -0.03991
0.35320, -0.03991
0.35330, -0.01246
0.35340, -0.01246
0.35350, 0.00401
0.35360, 0.00401
0.35370, 0.02048
0.35380, 0.03695
0.35390, 0.03695
0.35400, 0.04793
0.35410, 0.04793
0.35420, 0.05068
0.35430, 0.05068
0.35440, 0.03970
0.35450, 0.03970
0.35460, 0.03146
0.35470, 0.02048
0.35480, 0.02048
0.35490, 0.00676
0.35500, 0.00676
0.35510, -0.00422
0.35520, -0.00422
0.35530, -0.02069
0.35540, -0.02069
0.35550, -0.03167
0.35560, -0.04265
0.35570, -0.04265
0.35580, -0.05089
0.35590, -0.05089
0.35600, -0.05363
0.35610, -0.05363
0.35620, -0.05089
0.35630, -0.05089
0.35640, -0.04265
0.35650, -0.03991
0.35660, -0.03991
0.35670, -0.03442
0.35680, -0.03442
0.35690, -0.02618
0.35700, -0.02618
0.35710, -0.02618
0.35720, -0.02618
0.35730, -0.03442
0.35740, -0.04265
0.35750, -0.04265
0.35760, -0.05363
0.35770, -0.05363
0.35780, -0.05912
0.35790, -0.05912
0.35800, -0.06736
0.35810, -0.06736
0.35820, -0.07285
0.35830, -0.07559
0.35840, -0.07559
0.35850, -0.06736
0.35860, -0.06736
0.35870, -0.05638
0.35880, -0.05638
0.35890, -0.04814
0.35900, -0.04814
0.35910, -0.03442
0.35920, -0.02069
0.35930, -0.02069
0.35940, -0.00971
0.35950, -0.00971
0.35960, -0.00148
0.35970, -0.00148
0.35980, 0.00950
0.35990, 0.00950
0.36000, 0.02323
0.36010, 0.04244
0.36020, 0.04244
0.36030, 0.06715
0.36040, 0.06715
0.36050, 0.08910
0.36060, 0.08910
0.36070, 0.21537
0.36070, 0.03146
0.36080, 0.21537
0.36080, 0.03146
0.36090, 0.27576
0.36090, 0.06715
0.36100, 0.34164
0.36100, 0.11106
0.36110, 0.34164
0.36110, 0.11106
0.36120, 0.40203
0.36120, 0.15773
0.36130, 0.40203
0.36130, 0.15773
0.36140, 0.46242
0.36140, 0.20988
0.36150, 0.46242
0.36150, 0.20988
0.36160, 0.52829
0.36160, 0.35262
0.36170, 0.52829
0.36170, 0.35262
0.36180, 0.56123
0.36180, 0.31144
0.36190, 0.57221
0.36190, 0.34713
0.36200, 0.57221
0.36200, 0.34713
0.36210, 0.57770
0.36210, 0.38007
0.36220, 0.57770
0.36220, 0.38007
0.36230, 0.50084
0.36240, 0.50084
0.36250, 0.52280
0.36260, 0.52280
0.36270, 0.51182
0.36280, 0.49261
0.36290, 0.49261
0.36300, 0.57221
0.36300, 0.38281
0.36310, 0.57221
0.36310, 0.38281
0.36320, 0.55025
0.36320, 0.35536
0.36330, 0.55025
0.36330, 0.35536
0.36340, 0.52280
0.36340, 0.33340
0.36350, 0.52280
0.36350, 0.33340
0.36360, 0.39379
0.36370, 0.37458
0.36380, 0.37458
0.36390, 0.34713
0.36400, 0.34713
0.36410, 0.32791
0.36420, 0.32791
0.36430, 0.33066
0.36440, 0.33066
0.36450, 0.33615
0.36460, 0.33889
0.36470, 0.33889
0.36480, 0.34713
0.36490, 0.34713
0.36500, 0.35262
0.36510, 0.35262
0.36520, 0.34438
0.36530, 0.34438
0.36540, 0.32791
0.36550, 0.30870
0.36560, 0.30870
0.36570, 0.28674
0.36580, 0.28674
0.36590, 0.35811
0.36590, 0.17420
0.36600, 0.35811
0.36600, 0.17420
0.36610, 0.33615
0.36610, 0.14675
0.36620, 0.33615
0.36620, 0.14675
0.36630, 0.30321
0.36630, 0.11106
0.36640, 0.30321
0.36640, 0.11106
0.36650, 0.27027
0.36650, 0.08361
0.36660, 0.23184
0.36660, 0.05068
0.36670, 0.23184
0.36670, 0.05068
0.36680, 0.19890
0.36690, 0.19890
0.36700, 0.08636
0.36710, 0.08636
0.36720, 0.06166
0.36730, 0.06166
0.36740, 0.03970
0.36750, 0.01225
0.36760, 0.01225
0.36770, -0.00971
0.36780, -0.00971
0.36790, -0.03716
0.36800, -0.03716
0.36810, -0.06187
0.36820, -0.06187
0.36830, 0.00676
0.36830, -0.17715
0.36840, -0.01520
0.36840, -0.21558
0.36850, -0.01520
0.36850, -0.21558
0.36860, -0.04265
0.36860, -0.25676
0.36870, -0.04265
0.36870, -0.25676
0.36880, -0.07010
0.36880, -0.29793
0.36890, -0.07010
0.36890, -0.29793
0.36900, -0.11402
0.36900, -0.34734
0.36910, -0.11402
0.36910, -0.34734
0.36920, -0.15245
0.36920, -0.39400
0.36930, -0.20186
0.36930, -0.44067
0.36940, -0.20186
0.36940, -0.44067
0.36950, -0.25676
0.36950, -0.48184
0.36960, -0.25676
0.36960, -0.48184
0.36970, -0.31166
0.36970, -0.52576
0.36980, -0.31166
0.36980, -0.52576
0.36990, -0.36655
0.36990, -0.56144
0.37000, -0.36655
0.37000, -0.56144
0.37010, -0.50655
0.37020, -0.53674
0.37030, -0.53674
0.37040, -0.55046
0.37050, -0.55046
0.37060, -0.56968
0.37070, -0.56968
0.37080, -0.58340
0.37090, -0.58340
0.37100, -0.58615
0.37110, -0.58340
0.37120, -0.58340
0.37130, -0.57791
0.37140, -0.57791
0.37150, -0.57517
0.37160, -0.57517
0.37170, -0.56693
0.37180, -0.56693
0.37190, -0.55595
0.37200, -0.54497
0.37210, -0.54497
0.37220, -0.53125
0.37230, -0.53125
0.37240, -0.52027
0.37250, -0.52027
0.37260, -0.51204
0.37270, -0.51204
0.37280, -0.50380
0.37290, -0.49557
0.37300, -0.49557
0.37310, -0.49008
0.37320, -0.49008
0.37330, -0.48459
0.37340, -0.48459
0.37350, -0.49008
0.37360, -0.49008
0.37370, -0.49831
0.37380, -0.50380
0.37390, -0.50380
0.37400, -0.50929
0.37410, -0.50929
0.37420, -0.51478
0.37430, -0.51478
0.37440, -0.51753
0.37450, -0.51753
0.37460, -0.50380
0.37470, -0.49008
0.37480, -0.49008
0.37490, -0.46537
0.37500, -0.46537
0.37510, -0.44067
0.37520, -0.44067
0.37530, -0.31715
0.37530, -0.50106
0.37540, -0.31715
0.37540, -0.50106
0.37550, -0.27872
0.37550, -0.47086
0.37560, -0.24029
0.37560, -0.44067
0.37570, -0.24029
0.37570, -0.44067
0.37580, -0.20186
0.37580, -0.40224
0.37590, -0.20186
0.37590, -0.40224
0.37600, -0.17441
0.37600, -0.36930
0.37610, -0.17441
0.37610, -0.36930
0.37620, -0.14696
0.37620, -0.33361
0.37630, -0.14696
0.37630, -0.33361
0.37640, -0.11951
0.37640, -0.30068
0.37650, -0.18539
0.37660, -0.18539
0.37670, -0.15794
0.37680, -0.15794
0.37690, -0.13323
0.37700, -0.13323
0.37710, -0.10853
0.37720, -0.10853
0.37730, -0.08108
0.37740, -0.05363
0.37750, -0.05363
0.37760, -0.02618
0.37770, -0.02618
0.37780, 0.08910
0.37790, 0.08910
0.37800, 0.13302
0.37800, -0.05638
0.37810, 0.13302
0.37810, -0.05638
0.37820, 0.17145
0.37820, -0.02344
0.37830, 0.21537
0.37830, 0.01499
0.37840, 0.21537
0.37840, 0.01499
0.37850, 0.25380
0.37850, 0.05342
0.37860, 0.25380
0.37860, 0.05342
0.37870, 0.29772
0.37870, 0.09185
0.37880, 0.29772
0.37880, 0.09185
0.37890, 0.33615
0.37890, 0.13028
0.37900, 0.33615
0.37900, 0.13028
0.37910, 0.37458
0.37910, 0.17145
0.37920, 0.40203
0.37920, 0.20439
0.37930, 0.40203
0.37930, 0.20439
0.37940, 0.42399
0.37940, 0.23733
0.37950, 0.42399
0.37950, 0.23733
0.37960, 0.44595
0.37960, 0.26753
0.37970, 0.44595
0.37970, 0.26753
0.37980, 0.38281
0.37990, 0.38281
0.38000, 0.40752
0.38010, 0.40752
0.38020, 0.42948
0.38030, 0.44595
0.38040, 0.44595
0.38050, 0.46242
0.38060, 0.46242
0.38070, 0.47340
0.38080, 0.47340
0.38090, 0.48438
0.38100, 0.48438
0.38110, 0.49810
0.38120, 0.51182
0.38130, 0.51182
0.38140, 0.52006
0.38150, 0.52006
0.38160, 0.52829
0.38170, 0.52829
0.38180, 0.53378
0.38190, 0.53378
0.38200, 0.53927
0.38210, 0.53378
0.38220, 0.53378
0.38230, 0.52829
0.38240, 0.52829
0.38250, 0.52280
0.38260, 0.52280
0.38270, 0.51731
0.38280, 0.51731
0.38290, 0.50633
0.38300, 0.50084
0.38310, 0.50084
0.38320, 0.49535
0.38330, 0.49535
0.38340, 0.48986
0.38350, 0.48986
0.38360, 0.48986
0.38370, 0.48986
0.38380, 0.49261
0.38390, 0.49810
0.38400, 0.49810
0.38410, 0.50084
0.38420, 0.50084
0.38430, 0.50084
0.38440, 0.50084
0.38450, 0.48438
0.38460, 0.48438
0.38470, 0.46791
0.38480, 0.44320
0.38490, 0.44320
0.38500, 0.51182
0.38500, 0.33066
0.38510, 0.51182
0.38510, 0.33066
0.38520, 0.50084
0.38520, 0.30046
0.38530, 0.50084
0.38530, 0.30046
0.38540, 0.47889
0.38540, 0.26478
0.38550, 0.47889
0.38550, 0.26478
0.38560, 0.45144
0.38560, 0.22635
0.38570, 0.40203
0.38570, 0.17694
0.38580, 0.40203
0.38580, 0.17694
0.38590, 0.35811
0.38590, 0.13028
0.38600, 0.35811
0.38600, 0.13028
0.38610, 0.30870
0.38610, 0.09459
0.38620, 0.30870
0.38620, 0.09459
0.38630, 0.25929
0.38630, 0.06166
0.38640, 0.25929
0.38640, 0.06166
0.38650, 0.20988
0.38650, 0.03146
0.38660, 0.09185
0.38670, 0.09185
0.38680, 0.06715
0.38690, 0.06715
0.38700, 0.05068
0.38710, 0.05068
0.38720, 0.05342
0.38730, 0.05342
0.38740, 0.06166
0.38750, 0.06715
0.38760, 0.06715
0.38770, 0.07538
0.38780, 0.07538
0.38790, 0.07538
0.38800, 0.07538
0.38810, 0.05617
0.38820, 0.05617
0.38830, 0.11106
0.38830, -0.07010
0.38840, 0.10557
0.38840, -0.11402
0.38850, 0.10557
0.38850, -0.11402
0.38860, 0.10008
0.38860, -0.16068
0.38870, 0.10008
0.38870, -0.16068
0.38880, 0.07264
0.38880, -0.10304
0.38880, -0.31440
0.38890, 0.07264
0.38890, -0.10304
0.38890, -0.31440
0.38900, 0.03421
0.38900, -0.14147
0.38900, -0.38851
0.38910, 0.03421
0.38910, -0.14147
0.38910, -0.38851
0.38920, -0.02069
0.38920, -0.19637
0.38920, -0.37204
0.38920, -0.55595
0.38930, -0.10304
0.38930, -0.27872
0.38930, -0.45439
0.38930, -0.65203
0.38940, -0.10304
0.38940, -0.27872
0.38940, -0.45439
0.38940, -0.65203
0.38950, -0.19088
0.38950, -0.36655
0.38950, -0.54223
0.38950, -0.72340
0.38960, -0.19088
0.38960, -0.36655
0.38960, -0.54223
0.38960, -0.72340
0.38970, -0.28421
0.38970, -0.45988
0.38970, -0.70967
0.38980, -0.28421
0.38980, -0.45988
0.38980, -0.70967
0.38990, -0.39400
0.38990, -0.56968
0.38990, -0.78653
0.39000, -0.39400
0.39000, -0.56968
0.39000, -0.78653
0.39010, -0.49831
0.39010, -0.75359
0.39020, -0.60811
0.39020, -0.80849
0.39030, -0.60811
0.39030, -0.80849
0.39040, -0.75633
0.39050, -0.75633
0.39060, -0.64654
0.39060, -0.82770
0.39070, -0.64654
0.39070, -0.82770
0.39080, -0.57517
0.39080, -0.78927
0.39090, -0.57517
0.39090, -0.78927
0.39100, -0.49831
0.39100, -0.74810
0.39110, -0.43792
0.39110, -0.61360
0.39110, -0.79476
0.39120, -0.43792
0.39120, -0.61360
0.39120, -0.79476
0.39130, -0.37204
0.39130, -0.54772
0.39130, -0.73986
0.39140, -0.37204
0.39140, -0.54772
0.39140, -0.73986
0.39150, -0.35008
0.39150, -0.60811
0.39160, -0.35008
0.39160, -0.60811
0.39170, -0.33361
0.39170, -0.56419
0.39180, -0.33361
0.39180, -0.56419
0.39190, -0.32813
0.39190, -0.52851
0.39200, -0.40498
0.39210, -0.40498
0.39220, -0.39675
0.39230, -0.39675
0.39240, -0.33361
0.39240, -0.51204
0.39250, -0.33361
0.39250, -0.51204
0.39260, -0.34459
0.39260, -0.53948
0.39270, -0.34459
0.39270, -0.53948
0.39280, -0.35008
0.39280, -0.56419
0.39290, -0.35008
0.39290, -0.56419
0.39300, -0.39400
0.39300, -0.59713
0.39310, -0.43243
0.39310, -0.62458
0.39320, -0.43243
0.39320, -0.62458
0.39330, -0.55870
0.39340, -0.55870
0.39350, -0.58066
0.39360, -0.58066
0.39370, -0.57242
0.39380, -0.57242
0.39390, -0.44341
0.39390, -0.63007
0.39400, -0.38302
0.39400, -0.59713
0.39410, -0.38302
0.39410, -0.59713
0.39420, -0.32264
0.39420, -0.55870
0.39430, -0.32264
0.39430, -0.55870
0.39440, -0.26225
0.39440, -0.50929
0.39450, -0.26225
0.39450, -0.50929
0.39460, -0.21284
0.39460, -0.45988
0.39470, -0.21284
0.39470, -0.45988
0.39480, -0.19088
0.39480, -0.42420
0.39490, -0.17990
0.39490, -0.38851
0.39500, -0.17990
0.39500, -0.38851
0.39510, -0.17441
0.39510, -0.35557
0.39520, -0.17441
0.39520, -0.35557
0.39530, -0.23754
0.39540, -0.23754
0.39550, -0.20735
0.39560, -0.20735
0.39570, -0.21009
0.39580, -0.22382
0.39590, -0.22382
0.39600, -0.23754
0.39610, -0.23754
0.39620, -0.25127
0.39630, -0.25127
0.39640, -0.26225
0.39650, -0.26225
0.39660, -0.27597
0.39670, -0.28421
0.39680, -0.28421
0.39690, -0.27872
0.39700, -0.27872
0.39710, -0.24852
0.39720, -0.24852
0.39730, -0.10853
0.39730, -0.30068
0.39740, -0.10853
0.39740, -0.30068
0.39750, -0.03442
0.39750, -0.25676
0.39760, 0.04519
0.39760, -0.21009
0.39770, 0.04519
0.39770, -0.21009
0.39780, 0.12753
0.39780, -0.04814
0.39780, -0.24303
0.39790, 0.12753
0.39790, -0.04814
0.39790, -0.24303
0.39800, 0.20988
0.39800, 0.03421
0.39800, -0.17990
0.39810, 0.20988
0.39810, 0.03421
0.39810, -0.17990
0.39820, 0.29223
0.39820, 0.11655
0.39820, -0.10579
0.39830, 0.29223
0.39830, 0.11655
0.39830, -0.10579
0.39840, 0.37458
0.39840, 0.19890
0.39840, -0.03167
0.39850, 0.44046
0.39850, 0.27027
0.39850, 0.03421
0.39860, 0.44046
0.39860, 0.27027
0.39860, 0.03421
0.39870, 0.47889
0.39870, 0.30321
0.39870, 0.10008
0.39880, 0.47889
0.39880, 0.30321
0.39880, 0.10008
0.39890, 0.50084
0.39890, 0.24008
0.39900, 0.50084
0.39900, 0.24008
0.39910, 0.51182
0.39910, 0.28674
0.39920, 0.51182
0.39920, 0.28674
0.39930, 0.51182
0.39930, 0.32791
0.39940, 0.45693
0.39950, 0.45693
0.39960, 0.46791
0.39970, 0.46791
0.39980, 0.45967
0.39990, 0.45967
0.40000, 0.44595
0.40010, 0.44595
0.40020, 0.44046
0.40030, 0.42948
0.40040, 0.42948
0.40050, 0.44595
0.40060, 0.44595
0.40070, 0.57221
0.40070, 0.38830
0.40080, 0.57221
0.40080, 0.38830
0.40090, 0.64907
0.40090, 0.42673
0.40100, 0.64907
0.40100, 0.42673
0.40110, 0.73691
0.40110, 0.56123
0.40120, 0.82475
0.40120, 0.64907
0.40120, 0.44046
0.40130, 0.82475
0.40130, 0.64907
0.40130, 0.44046
0.40140, 0.93454
0.40140, 0.75887
0.40140, 0.51182
0.40150, 0.93454
0.40150, 0.75887
0.40150, 0.51182
0.40160, 1.00591
0.40160, 0.83024
0.40160, 0.58868
0.40170, 1.00591
0.40170, 0.83024
0.40170, 0.58868
0.40180, 1.04434
0.40180, 0.86867
0.40180, 0.64633
0.40190, 1.04434
0.40190, 0.86867
0.40190, 0.64633
0.40200, 1.06630
0.40200, 0.89063
0.40200, 0.69848
0.40210, 1.06630
0.40210, 0.83024
0.40220, 1.06630
0.40220, 0.83024
0.40230, 1.06630
0.40230, 0.87416
0.40240, 1.06630
0.40240, 0.87416
0.40250, 1.06630
0.40250, 0.86043
0.40260, 1.06630
0.40260, 0.86043
0.40270, 1.06630
0.40270, 0.89063
0.40270, 0.71220
0.40280, 1.06630
0.40280, 0.89063
0.40280, 0.71220
0.40290, 1.05532
0.40290, 0.87965
0.40290, 0.64633
0.40300, 1.03885
0.40300, 0.86318
0.40300, 0.68750
0.40300, 0.47614
0.40310, 1.03885
0.40310, 0.86318
0.40310, 0.68750
0.40310, 0.47614
0.40320, 0.98395
0.40320, 0.80828
0.40320, 0.63260
0.40320, 0.39928
0.40330, 0.98395
0.40330, 0.80828
0.40330, 0.63260
0.40330, 0.39928
0.40340, 0.91533
0.40340, 0.75338
0.40340, 0.57770
0.40340, 0.40203
0.40340, 0.22361
0.40350, 0.91533
0.40350, 0.75338
0.40350, 0.57770
0.40350, 0.40203
0.40350, 0.22361
0.40360, 0.78083
0.40360, 0.60515
0.40360, 0.42948
0.40360, 0.17694
0.40370, 0.78083
0.40370, 0.60515
0.40370, 0.42948
0.40370, 0.17694
0.40380, 0.66005
0.40380, 0.48438
0.40380, 0.30870
0.40380, 0.08361
0.40390, 0.53927
0.40390, 0.36360
0.40390, 0.18792
0.40390, -0.01246
0.40400, 0.53927
0.40400, 0.36360
0.40400, 0.18792
0.40400, -0.01246
0.40410, 0.43222
0.40410, 0.27027
0.40410, 0.09459
0.40420, 0.43222
0.40420, 0.27027
0.40420, 0.09459
0.40430, 0.29223
0.40430, 0.11655
0.40430, -0.08108
0.40440, 0.29223
0.40440, 0.11655
0.40440, -0.08108
0.40450, 0.17145
0.40450, -0.06187
0.40460, 0.17145
0.40460, -0.06187
0.40470, 0.07813
0.40470, -0.11402
0.40480, -0.06187
0.40490, -0.06187
0.40500, -0.10853
0.40510, -0.10853
0.40520, -0.14421
0.40530, -0.14421
0.40540, -0.17441
0.40550, -0.17441
0.40560, -0.11402
0.40560, -0.29244
0.40570, -0.12500
0.40570, -0.32813
0.40580, -0.12500
0.40580, -0.32813
0.40590, -0.14696
0.40590, -0.37204
0.40600, -0.14696
0.40600, -0.37204
0.40610, -0.17441
0.40610, -0.41871
0.40620, -0.17441
0.40620, -0.41871
0.40630, -0.21833
0.40630, -0.47361
0.40640, -0.21833
0.40640, -0.47361
0.40650, -0.26225
0.40650, -0.43792
0.40660, -0.26225
0.40660, -0.43792
0.40670, -0.31715
0.40670, -0.49282
0.40670, -0.67399
0.40680, -0.37753
0.40680, -0.55321
0.40680, -0.73712
0.40690, -0.37753
0.40690, -0.55321
0.40690, -0.73712
0.40700, -0.44341
0.40700, -0.61909
0.40700, -0.80025
0.40710, -0.44341
0.40710, -0.61909
0.40710, -0.80025
0.40720, -0.49831
0.40720, -0.75359
0.40730, -0.49831
0.40730, -0.75359
0.40740, -0.57517
0.40740, -0.80025
0.40750, -0.57517
0.40750, -0.80025
0.40760, -0.63556
0.40760, -0.83045
0.40770, -0.77829
0.40780, -0.77829
0.40790, -0.81123
0.40800, -0.81123
0.40810, -0.81398
0.40820, -0.81398
0.40830, -0.80025
0.40840, -0.80025
0.40850, -0.78653
0.40860, -0.76457
0.40870, -0.76457
0.40880, -0.74535
0.40890, -0.74535
0.40900, -0.72065
0.40910, -0.72065
0.40920, -0.69869
0.40930, -0.69869
0.40940, -0.67399
0.40950, -0.64654
0.40960, -0.64654
0.40970, -0.61360
0.40980, -0.61360
0.40990, -0.49282
0.40990, -0.67124
0.41000, -0.49282
0.41000, -0.67124
0.41010, -0.44890
0.41010, -0.63556
0.41020, -0.44890
0.41020, -0.63556
0.41030, -0.39400
0.41030, -0.59713
0.41040, -0.33910
0.41040, -0.55595
0.41050, -0.33910
0.41050, -0.55595
0.41060, -0.28970
0.41060, -0.51478
0.41070, -0.28970
0.41070, -0.51478
0.41080, -0.23480
0.41080, -0.46812
0.41090, -0.23480
0.41090, -0.46812
0.41100, -0.18539
0.41100, -0.42145
0.41110, -0.18539
0.41110, -0.42145
0.41120, -0.13049
0.41120, -0.36930
0.41130, -0.07559
0.41130, -0.31440
0.41140, -0.07559
0.41140, -0.31440
0.41150, -0.03167
0.41150, -0.26499
0.41160, -0.03167
0.41160, -0.26499
0.41170, -0.00971
0.41170, -0.22931
0.41180, -0.00971
0.41180, -0.22931
0.41190, 0.01774
0.41190, -0.18813
0.41200, 0.01774
0.41200, -0.18813
0.41210, 0.04519
0.41210, -0.14970
0.41220, 0.07264
0.41220, -0.10853
0.41230, 0.07264
0.41230, -0.10853
0.41240, 0.02048
0.41250, 0.02048
0.41260, 0.17145
0.41260, -0.02069
0.41270, 0.17145
0.41270, -0.02069
0.41280, 0.23733
0.41280, 0.02872
0.41290, 0.23733
0.41290, 0.02872
0.41300, 0.31419
0.41300, 0.08087
0.41310, 0.40203
0.41310, 0.22635
0.41320, 0.40203
0.41320, 0.22635
0.41330, 0.48986
0.41330, 0.31419
0.41330, 0.10832
0.41340, 0.48986
0.41340, 0.31419
0.41340, 0.10832
0.41350, 0.57770
0.41350, 0.40203
0.41350, 0.17420
0.41360, 0.57770
0.41360, 0.40203
0.41360, 0.17420
0.41370, 0.66554
0.41370, 0.48986
0.41370, 0.25380
0.41380, 0.66554
0.41380, 0.48986
0.41380, 0.25380
0.41390, 0.75338
0.41390, 0.57770
0.41390, 0.33340
0.41400, 0.84122
0.41400, 0.66554
0.41400, 0.41850
0.41410, 0.84122
0.41410, 0.66554
0.41410, 0.41850
0.41420, 0.90160
0.41420, 0.72593
0.41420, 0.49261
0.41430, 0.90160
0.41430, 0.72593
0.41430, 0.49261
0.41440, 0.92356
0.41440, 0.74789
0.41440, 0.54751
0.41450, 0.92356
0.41450, 0.74789
0.41450, 0.54751
0.41460, 0.93454
0.41460, 0.68476
0.41470, 0.93454
0.41470, 0.68476
0.41480, 0.93454
0.41480, 0.72867
0.41490, 0.86043
0.41500, 0.86043
0.41510, 0.86043
0.41520, 0.86043
0.41530, 0.93454
0.41530, 0.73965
0.41540, 0.93454
0.41540, 0.73965
0.41550, 0.92905
0.41550, 0.70671
0.41560, 0.92905
0.41560, 0.70671
0.41570, 0.91258
0.41570, 0.66554
0.41580, 0.88514
0.41580, 0.70946
0.41580, 0.52829
0.41590, 0.88514
0.41590, 0.70946
0.41590, 0.52829
0.41600, 0.82475
0.41600, 0.64907
0.41600, 0.45693
0.41610, 0.82475
0.41610, 0.64907
0.41610, 0.45693
0.41620, 0.76436
0.41620, 0.58868
0.41620, 0.39379
0.41630, 0.76436
0.41630, 0.58868
0.41630, 0.39379
0.41640, 0.70397
0.41640, 0.52829
0.41640, 0.32791
0.41650, 0.70397
0.41650, 0.52829
0.41650, 0.32791
0.41660, 0.64358
0.41660, 0.46791
0.41660, 0.25929
0.41670, 0.57221
0.41670, 0.39654
0.41670, 0.18792
0.41680, 0.57221
0.41680, 0.39654
0.41680, 0.18792
0.41690, 0.49535
0.41690, 0.31968
0.41690, 0.10557
0.41700, 0.49535
0.41700, 0.31968
0.41700, 0.10557
0.41710, 0.42399
0.41710, 0.24831
0.41710, 0.01774
0.41720, 0.42399
0.41720, 0.24831
0.41720, 0.01774
0.41730, 0.34713
0.41730, 0.17145
0.41730, -0.07010
0.41740, 0.34713
0.41740, 0.17145
0.41740, -0.07010
0.41750, 0.27576
0.41750, 0.10008
0.41750, -0.15519
0.41760, 0.19890
0.41760, 0.02323
0.41760, -0.15245
0.41760, -0.33361
0.41770, 0.19890
0.41770, 0.02323
0.41770, -0.15245
0.41770, -0.33361
0.41780, 0.12753
0.41780, -0.04814
0.41780, -0.22382
0.41780, -0.41871
0.41790, 0.12753
0.41790, -0.04814
0.41790, -0.22382
0.41790, -0.41871
0.41800, 0.02872
0.41800, -0.14696
0.41800, -0.32264
0.41800, -0.51478
0.41810, 0.02872
0.41810, -0.14696
0.41810, -0.32264
0.41810, -0.51478
0.41820, -0.07010
0.41820, -0.24578
0.41820, -0.42145
0.41820, -0.61085
0.41830, -0.07010
0.41830, -0.24578
0.41830, -0.42145
0.41830, -0.61085
0.41840, -0.17441
0.41840, -0.35008
0.41840, -0.52576
0.41840, -0.70967
0.41850, -0.27323
0.41850, -0.44890
0.41850, -0.62458
0.41850, -0.80300
0.41860, -0.27323
0.41860, -0.44890
0.41860, -0.62458
0.41860, -0.80300
0.41870, -0.37753
0.41870, -0.55321
0.41870, -0.79202
0.41880, -0.37753
0.41880, -0.55321
0.41880, -0.79202
0.41890, -0.47086
0.41890, -0.64654
0.41890, -0.86064
0.41900, -0.47086
0.41900, -0.64654
0.41900, -0.86064
0.41910, -0.56419
0.41910, -0.73986
0.41920, -0.56419
0.41920, -0.73986
0.41930, -0.65752
0.41940, -0.75084
0.41950, -0.75084
0.41960, -0.87986
0.41970, -0.87986
0.41980, -0.87437
0.41990, -0.87437
0.42000, -0.74535
0.42010, -0.74535
0.42020, -0.66301
0.42030, -0.66301
0.42040, -0.56968
0.42040, -0.74535
0.42050, -0.47635
0.42050, -0.65203
0.42050, -0.86613
0.42060, -0.47635
0.42060, -0.65203
0.42060, -0.86613
0.42070, -0.36106
0.42070, -0.53674
0.42070, -0.77829
0.42080, -0.36106
0.42080, -0.53674
0.42080, -0.77829
0.42090, -0.24029
0.42090, -0.41596
0.42090, -0.59164
0.42090, -0.77555
0.42100, -0.24029
0.42100, -0.41596
0.42100, -0.59164
0.42100, -0.77555
0.42110, -0.11951
0.42110, -0.29519
0.42110, -0.47086
0.42110, -0.68222
0.42120, -0.11951
0.42120, -0.29519
0.42120, -0.47086
0.42120, -0.68222
0.42130, -0.00422
0.42130, -0.17990
0.42130, -0.35557
0.42130, -0.58066
0.42140, 0.11655
0.42140, -0.05912
0.42140, -0.23480
0.42140, -0.47361
0.42150, 0.11655
0.42150, -0.05912
0.42150, -0.23480
0.42150, -0.47361
0.42160, 0.23733
0.42160, 0.06166
0.42160, -0.11402
0.42160, -0.36106
0.42170, 0.23733
0.42170, 0.06166
0.42170, -0.11402
0.42170, -0.36106
0.42180, 0.35811
0.42180, 0.18243
0.42180, 0.00676
0.42180, -0.24029
0.42190, 0.35811
0.42190, 0.18243
0.42190, 0.00676
0.42190, -0.24029
0.42200, 0.47889
0.42200, 0.30321
0.42200, 0.12753
0.42200, -0.11951
0.42210, 0.47889
0.42210, 0.30321
0.42210, 0.12753
0.42210, -0.11951
0.42220, 0.59966
0.42220, 0.42399
0.42220, 0.24831
0.42220, -0.00148
0.42230, 0.72044
0.42230, 0.54476
0.42230, 0.36909
0.42230, 0.11930
0.42240, 0.72044
0.42240, 0.54476
0.42240, 0.36909
0.42240, 0.11930
0.42250, 0.83024
0.42250, 0.65456
0.42250, 0.47889
0.42250, 0.23459
0.42260, 0.83024
0.42260, 0.65456
0.42260, 0.47889
0.42260, 0.23459
0.42270, 0.89611
0.42270, 0.72044
0.42270, 0.54476
0.42270, 0.32791
0.42280, 0.89611
0.42280, 0.72044
0.42280, 0.54476
0.42280, 0.32791
0.42290, 0.96199
0.42290, 0.78632
0.42290, 0.61064
0.42290, 0.42124
0.42300, 0.96199
0.42300, 0.78632
0.42300, 0.61064
0.42300, 0.42124
0.42310, 1.00042
0.42310, 0.82475
0.42310, 0.58868
0.42320, 1.00591
0.42320, 0.83024
0.42320, 0.65182
0.42330, 1.00591
0.42330, 0.83024
0.42330, 0.65182
0.42340, 1.01140
0.42340, 0.80279
0.42350, 1.01140
0.42350, 0.80279
0.42360, 1.01140
0.42360, 0.83298
0.42370, 1.01140
0.42370, 0.83298
0.42380, 1.01140
0.42380, 0.80004
0.42390, 1.01140
0.42390, 0.80004
0.42400, 1.01140
0.42400, 0.83573
0.42400, 0.63809
0.42410, 1.00591
0.42410, 0.83024
0.42410, 0.65456
0.42410, 0.45967
0.42420, 1.00591
0.42420, 0.83024
0.42420, 0.65456
0.42420, 0.45967
0.42430, 0.97846
0.42430, 0.80279
0.42430, 0.62711
0.42430, 0.37183
0.42440, 0.97846
0.42440, 0.80279
0.42440, 0.62711
0.42440, 0.37183
0.42450, 0.94003
0.42450, 0.76436
0.42450, 0.58868
0.42450, 0.41301
0.42450, 0.17420
0.42460, 0.94003
0.42460, 0.76436
0.42460, 0.58868
0.42460, 0.41301
0.42460, 0.17420
0.42470, 0.84122
0.42470, 0.66554
0.42470, 0.48986
0.42470, 0.31419
0.42470, 0.13851
0.42470, -0.05363
0.42480, 0.84122
0.42480, 0.66554
0.42480, 0.48986
0.42480, 0.31419
0.42480, 0.13851
0.42480, -0.05363
0.42490, 0.70397
0.42490, 0.52829
0.42490, 0.35262
0.42490, 0.17694
0.42490, 0.00127
0.42490, -0.21284
0.42500, 0.55574
0.42500, 0.38007
0.42500, 0.20439
0.42500, 0.02872
0.42500, -0.14696
0.42500, -0.37753
0.42510, 0.55574
0.42510, 0.38007
0.42510, 0.20439
0.42510, 0.02872
0.42510, -0.14696
0.42510, -0.37753
0.42520, 0.40203
0.42520, 0.22635
0.42520, 0.05068
0.42520, -0.12500
0.42520, -0.30068
0.42520, -0.54497
0.42530, 0.40203
0.42530, 0.22635
0.42530, 0.05068
0.42530, -0.12500
0.42530, -0.30068
0.42530, -0.54497
0.42540, 0.21537
0.42540, 0.03970
0.42540, -0.13598
0.42540, -0.31166
0.42540, -0.48733
0.42540, -0.73163
0.42550, 0.21537
0.42550, 0.03970
0.42550, -0.13598
0.42550, -0.31166
0.42550, -0.48733
0.42550, -0.73163
0.42560, 0.03421
0.42560, -0.14147
0.42560, -0.31715
0.42560, -0.49282
0.42560, -0.66850
0.42570, 0.03421
0.42570, -0.14147
0.42570, -0.31715
0.42570, -0.49282
0.42570, -0.66850
0.42580, -0.14696
0.42580, -0.32264
0.42580, -0.49831
0.42580, -0.67399
0.42590, -0.32813
0.42590, -0.50380
0.42590, -0.67948
0.42600, -0.32813
0.42600, -0.50380
0.42600, -0.67948
0.42610, -0.49831
0.42610, -0.67399
0.42620, -0.49831
0.42620, -0.67399
0.42630, -0.69046
0.42640, -0.69046
0.42650, -0.72889
0.42660, -0.72889
0.42670, -0.52851
0.42670, -0.68497
0.42680, -0.37204
0.42680, -0.54772
0.42680, -0.72340
0.42690, -0.37204
0.42690, -0.54772
0.42690, -0.72340
0.42700, -0.17990
0.42700, -0.35557
0.42700, -0.53125
0.42700, -0.70693
0.42710, -0.17990
0.42710, -0.35557
0.42710, -0.53125
0.42710, -0.70693
0.42720, 0.01774
0.42720, -0.15794
0.42720, -0.33361
0.42720, -0.50929
0.42720, -0.68497
0.42730, 0.01774
0.42730, -0.15794
0.42730, -0.33361
0.42730, -0.50929
0.42730, -0.68497
0.42740, 0.20988
0.42740, 0.03421
0.42740, -0.14147
0.42740, -0.31715
0.42740, -0.49282
0.42740, -0.74261
0.42750, 0.20988
0.42750, 0.03421
0.42750, -0.14147
0.42750, -0.31715
0.42750, -0.49282
0.42750, -0.74261
0.42760, 0.42948
0.42760, 0.27576
0.42760, 0.10008
0.42760, -0.07559
0.42760, -0.25127
0.42760, -0.42694
0.42760, -0.62732
0.42770, 0.55574
0.42770, 0.38007
0.42770, 0.20439
0.42770, 0.02872
0.42770, -0.14696
0.42770, -0.39949
0.42770, -0.50655
0.42780, 0.55574
0.42780, 0.38007
0.42780, 0.20439
0.42780, 0.02872
0.42780, -0.14696
0.42780, -0.39949
0.42780, -0.50655
0.42790, 0.65456
0.42790, 0.47889
0.42790, 0.30321
0.42790, 0.12753
0.42790, -0.04814
0.42790, -0.25950
0.42800, 0.65456
0.42800, 0.47889
0.42800, 0.30321
0.42800, 0.12753
0.42800, -0.04814
0.42800, -0.25950
0.42810, 0.69848
0.42810, 0.52280
0.42810, 0.34713
0.42810, 0.17145
0.42810, -0.05089
0.42820, 0.69848
0.42820, 0.52280
0.42820, 0.34713
0.42820, 0.17145
0.42820, -0.05089
0.42830, 0.70946
0.42830, 0.53378
0.42830, 0.35811
0.42830, 0.14126
0.42840, 0.70946
0.42840, 0.53378
0.42840, 0.35811
0.42840, 0.14126
0.42850, 0.71495
0.42850, 0.53927
0.42850, 0.32791
0.42860, 0.71495
0.42860, 0.47614
0.42870, 0.71495
0.42870, 0.47614
0.42880, 0.71495
0.42880, 0.53927
0.42880, 0.34987
0.42890, 0.71495
0.42890, 0.53927
0.42890, 0.34987
0.42900, 0.70946
0.42900, 0.53378
0.42900, 0.27302
0.42910, 0.70946
0.42910, 0.53378
0.42910, 0.27302
0.42920, 0.69299
0.42920, 0.51731
0.42920, 0.34164
0.42920, 0.10008
0.42930, 0.69299
0.42930, 0.51731
0.42930, 0.34164
0.42930, 0.10008
0.42940, 0.65456
0.42940, 0.47889
0.42940, 0.30321
0.42940, 0.12753
0.42940, -0.08108
0.42950, 0.55574
0.42950, 0.38007
0.42950, 0.20439
0.42950, 0.02872
0.42950, -0.20460
0.42960, 0.55574
0.42960, 0.38007
0.42960, 0.20439
0.42960, 0.02872
0.42960, -0.20460
0.42970, 0.44046
0.42970, 0.28125
0.42970, 0.10557
0.42970, -0.07010
0.42970, -0.33087
0.42980, 0.44046
0.42980, 0.28125
0.42980, 0.10557
0.42980, -0.07010
0.42980, -0.33087
0.42990, 0.27576
0.42990, 0.10008
0.42990, -0.07559
0.42990, -0.25127
0.42990, -0.47635
0.43000, 0.27576
0.43000, 0.10008
0.43000, -0.07559
0.43000, -0.25127
0.43000, -0.47635
0.43010, 0.12753
0.43010, -0.04814
0.43010, -0.22382
0.43010, -0.47910
0.43020, 0.12753
0.43020, -0.04814
0.43020, -0.22382
0.43020, -0.47910
0.43030, -0.02069
0.43030, -0.19637
0.43030, -0.37204
0.43030, -0.55870
0.43040, -0.17441
0.43040, -0.35008
0.43040, -0.55046
0.43050, -0.17441
0.43050, -0.35008
0.43050, -0.55046
0.43060, -0.30068
0.43060, -0.52576
0.43070, -0.30068
0.43070, -0.52576
0.43080, -0.27872
0.43080, -0.51478
0.43090, -0.27872
0.43090, -0.51478
0.43100, -0.17990
0.43100, -0.35557
0.43100, -0.55046
0.43110, -0.17990
0.43110, -0.35557
0.43110, -0.55046
0.43120, -0.07559
0.43120, -0.25127
0.43120, -0.49008
0.43130, 0.02323
0.43130, -0.15245
0.43130, -0.32813
0.43130, -0.51204
0.43140, 0.02323
0.43140, -0.15245
0.43140, -0.32813
0.43140, -0.51204
0.43150, 0.12204
0.43150, -0.05363
0.43150, -0.22931
0.43150, -0.41596
0.43160, 0.12204
0.43160, -0.05363
0.43160, -0.22931
0.43160, -0.41596
0.43170, 0.17145
0.43170, -0.00422
0.43170, -0.25676
0.43180, 0.17145
0.43180, -0.00422
0.43180, -0.25676
0.43190, 0.19890
0.43190, 0.02323
0.43190, -0.19637
0.43200, 0.19890
0.43200, 0.02323
0.43200, -0.19637
0.43210, 0.20439
0.43210, -0.05638
0.43220, 0.20439
0.43220, -0.00422
0.43230, 0.20439
0.43230, -0.00422
0.43240, 0.13028
0.43250, 0.13028
0.43260, 0.12204
0.43270, 0.12204
0.43280, 0.20439
0.43280, 0.00127
0.43290, 0.20439
0.43290, 0.00127
0.43300, 0.19890
0.43300, -0.02344
0.43310, 0.19890
0.43310, -0.02344
0.43320, 0.17145
0.43320, -0.06461
0.43330, 0.13302
0.43330, -0.10853
0.43340, 0.13302
0.43340, -0.10853
0.43350, 0.07813
0.43350, -0.14696
0.43360, 0.07813
0.43360, -0.14696
0.43370, 0.02323
0.43370, -0.17715
0.43380, 0.02323
0.43380, -0.17715
0.43390, -0.02069
0.43390, -0.20186
0.43400, -0.02069
0.43400, -0.20186
0.43410, -0.14696
0.43420, -0.17166
0.43430, -0.17166
0.43440, -0.16617
0.43450, -0.16617
0.43460, -0.15519
0.43470, -0.15519
0.43480, -0.13598
0.43490, -0.13598
0.43500, -0.11677
0.43510, -0.09481
0.43520, -0.09481
0.43530, -0.07010
0.43540, -0.07010
0.43550, -0.04540
0.43560, -0.04540
0.43570, -0.02069
0.43580, -0.02069
0.43590, 0.00676
0.43600, 0.03695
0.43610, 0.03695
0.43620, 0.15498
0.43630, 0.15498
0.43640, 0.18792
0.43640, 0.00950
0.43650, 0.18792
0.43650, 0.00950
0.43660, 0.20988
0.43670, 0.20988
0.43680, 0.14126
0.43690, 0.16047
0.43700, 0.16047
0.43710, 0.17969
0.43720, 0.17969
0.43730, 0.18518
0.43740, 0.18518
0.43750, 0.17145
0.43760, 0.17145
0.43770, 0.14675
0.43780, 0.22086
0.43780, 0.03421
0.43790, 0.22086
0.43790, 0.03421
0.43800, 0.20988
0.43800, 0.00401
0.43810, 0.20988
0.43810, 0.00401
0.43820, 0.18243
0.43820, -0.02618
0.43830, 0.18243
0.43830, -0.02618
0.43840, 0.13851
0.43840, -0.07010
0.43850, 0.13851
0.43850, -0.07010
0.43860, 0.10008
0.43860, -0.10030
0.43870, 0.05617
0.43870, -0.12226
0.43880, 0.05617
0.43880, -0.12226
0.43890, -0.05638
0.43900, -0.05638
0.43910, -0.07559
0.43920, -0.07559
0.43930, -0.07285
0.43940, -0.07285
0.43950, -0.05089
0.43960, 0.05617
0.43970, 0.05617
0.43980, 0.08910
0.43980, -0.09481
0.43990, 0.08910
0.43990, -0.09481
0.44000, 0.12204
0.44000, -0.06461
0.44010, 0.12204
0.44010, -0.06461
0.44020, 0.15498
0.44020, -0.02893
0.44030, 0.15498
0.44030, -0.02893
0.44040, 0.07813
0.44050, 0.09734
0.44060, 0.09734
0.44070, 0.11381
0.44080, 0.11381
0.44090, 0.10557
0.44100, 0.10557
0.44110, 0.08636
0.44120, 0.08636
0.44130, 0.15498
0.44130, -0.02893
0.44140, 0.14400
0.44140, -0.05363
0.44150, 0.14400
0.44150, -0.05363
0.44160, 0.12204
0.44160, -0.08932
0.44170, 0.12204
0.44170, -0.08932
0.44180, 0.08361
0.44180, -0.11951
0.44190, 0.08361
0.44190, -0.11951
0.44200, 0.03970
0.44200, -0.15245
0.44210, 0.03970
0.44210, -0.15245
0.44220, 0.00127
0.44220, -0.18264
0.44230, -0.11951
0.44240, -0.11951
0.44250, -0.14421
0.44260, -0.14421
0.44270, -0.16068
0.44280, -0.16068
0.44290, -0.16068
0.44300, -0.16068
0.44310, -0.14421
0.44320, -0.13049
0.44330, -0.13049
0.44340, -0.10853
0.44350, -0.10853
0.44360, -0.08932
0.44370, -0.08932
0.44380, -0.06187
0.44390, -0.06187
0.44400, -0.04265
0.44410, -0.02618
0.44420, -0.02618
0.44430, -0.00971
0.44440, -0.00971
0.44450, -0.00148
0.44460, -0.00148
0.44470, -0.00697
0.44480, -0.00697
0.44490, -0.02344
0.44500, -0.04265
0.44510, -0.04265
0.44520, -0.06736
0.44530, -0.06736
0.44540, -0.00422
0.44540, -0.18539
0.44550, -0.00422
0.44550, -0.18539
0.44560, -0.02618
0.44560, -0.21284
0.44570, -0.02618
0.44570, -0.21284
0.44580, -0.05912
0.44580, -0.24852
0.44590, -0.09206
0.44590, -0.27597
0.44600, -0.09206
0.44600, -0.27597
0.44610, -0.12500
0.44620, -0.12500
0.44630, -0.24029
0.44640, -0.24029
0.44650, -0.25950
0.44660, -0.25950
0.44670, -0.28146
0.44680, -0.28146
0.44690, -0.29519
0.44700, -0.29244
0.44710, -0.29244
0.44720, -0.27597
0.44730, -0.27597
0.44740, -0.25401
0.44750, -0.25401
0.44760, -0.12500
0.44760, -0.30891
0.44770, -0.12500
0.44770, -0.30891
0.44780, -0.07010
0.44780, -0.27597
0.44790, -0.01520
0.44790, -0.23480
0.44800, -0.01520
0.44800, -0.23480
0.44810, 0.03421
0.44810, -0.19637
0.44820, 0.03421
0.44820, -0.19637
0.44830, 0.08361
0.44830, -0.15245
0.44840, 0.08361
0.44840, -0.15245
0.44850, 0.12753
0.44850, -0.10304
0.44860, 0.12753
0.44860, -0.10304
0.44870, 0.15498
0.44870, -0.06187
0.44880, 0.16596
0.44880, -0.02893
0.44890, 0.16596
0.44890, -0.02893
0.44900, 0.08636
0.44910, 0.08636
0.44920, 0.11381
0.44930, 0.11381
0.44940, 0.13577
0.44950, 0.13577
0.44960, 0.13302
0.44970, 0.11930
0.44980, 0.11930
0.44990, 0.10283
0.45000, 0.10283
