0.00000, -0.03363
0.00100, -0.03382
0.00200, -0.03172
0.00300, -0.02730
0.00400, -0.02051
0.00500, -0.01132
0.00600, 0.00032
0.00700, 0.01440
0.00800, 0.03028
0.00900, 0.04700
0.01000, 0.06359
0.01100, 0.07906
0.01200, 0.09244
0.01300, 0.10277
0.01400, 0.10978
0.01500, 0.11410
0.01600, 0.11640
0.01700, 0.11737
0.01800, 0.11768
0.01900, 0.11801
0.02000, 0.11871
0.02100, 0.11912
0.02200, 0.11840
0.02300, 0.11574
0.02400, 0.11028
0.02500, 0.10121
0.02600, 0.08792
0.02700, 0.07144
0.02800, 0.05349
0.02900, 0.03580
0.03000, 0.02013
0.03100, 0.00821
0.03200, 0.00170
0.03300, 0.00089
0.03400, 0.00474
0.03500, 0.01214
0.03600, 0.02199
0.03700, 0.03316
0.03800, 0.04457
0.03900, 0.05528
0.04000, 0.06475
0.04100, 0.07248
0.04200, 0.07797
0.04300, 0.08073
0.04400, 0.08026
0.04500, 0.07630
0.04600, 0.06973
0.04700, 0.06183
0.04800, 0.05388
0.04900, 0.04713
0.05000, 0.04287
0.05100, 0.04231
0.05200, 0.04595
0.05300, 0.05377
0.05400, 0.06574
0.05500, 0.08182
0.05600, 0.10197
0.05700, 0.12616
0.05800, 0.15361
0.05900, 0.18238
0.06000, 0.21043
0.06100, 0.23570
0.06200, 0.25617
0.06300, 0.26977
0.06400, 0.27501
0.06500, 0.27234
0.06600, 0.26270
0.06700, 0.24701
0.06800, 0.22621
0.06900, 0.20120
0.07000, 0.17295
0.07100, 0.14245
0.07200, 0.11079
0.07300, 0.07901
0.07400, 0.04820
0.07500, 0.01940
0.07600, -0.00631
0.07700, -0.02824
0.07800, -0.04608
0.07900, -0.05956
0.08000, -0.06839
0.08100, -0.07232
0.08200, -0.07106
0.08300, -0.06459
0.08400, -0.05360
0.08500, -0.03889
0.08600, -0.02125
0.08700, -0.00148
0.08800, 0.01962
0.08900, 0.04127
0.09000, 0.06271
0.09100, 0.08323
0.09200, 0.10209
0.09300, 0.11857
0.09400, 0.13195
0.09500, 0.14152
0.09600, 0.14697
0.09700, 0.14835
0.09800, 0.14570
0.09900, 0.13908
0.10000, 0.12856
0.10100, 0.11419
0.10200, 0.09645
0.10300, 0.07664
0.10400, 0.05617
0.10500, 0.03646
0.10600, 0.01892
0.10700, 0.00495
0.10800, -0.00432
0.10900, -0.00917
0.11000, -0.01029
0.11100, -0.00836
0.11200, -0.00408
0.11300, 0.00187
0.11400, 0.00883
0.11500, 0.01651
0.11600, 0.02490
0.11700, 0.03395
0.11800, 0.04367
0.11900, 0.05401
0.12000, 0.06496
0.12100, 0.07627
0.12200, 0.08738
0.12300, 0.09771
0.12400, 0.10667
0.12500, 0.11366
0.12600, 0.11810
0.12700, 0.11971
0.12800, 0.11927
0.12900, 0.11778
0.13000, 0.11626
0.13100, 0.11572
0.13200, 0.11717
0.13300, 0.12146
0.13400, 0.12811
0.13500, 0.13595
0.13600, 0.14381
0.13700, 0.15051
0.13800, 0.15488
0.13900, 0.15576
0.14000, 0.15276
0.14100, 0.14634
0.14200, 0.13701
0.14300, 0.12528
0.14400, 0.11164
0.14500, 0.09661
0.14600, 0.08070
0.14700, 0.06441
0.14800, 0.04827
0.14900, 0.03280
0.15000, 0.01850
0.15100, 0.00590
0.15200, -0.00453
0.15300, -0.01254
0.15400, -0.01797
0.15500, -0.02065
0.15600, -0.02043
0.15700, -0.01714
0.15800, -0.01067
0.15900, -0.00157
0.16000, 0.00902
0.16100, 0.01994
0.16200, 0.03003
0.16300, 0.03814
0.16400, 0.04310
0.16500, 0.04456
0.16600, 0.04365
0.16700, 0.04165
0.16800, 0.03985
0.16900, 0.03954
0.17000, 0.04201
0.17100, 0.04816
0.17200, 0.05721
0.17300, 0.06788
0.17400, 0.07892
0.17500, 0.08907
0.17600, 0.09705
0.17700, 0.10169
0.17800, 0.10289
0.17900, 0.10121
0.18000, 0.09723
0.18100, 0.09153
0.18200, 0.08470
0.18300, 0.07730
0.18400, 0.06982
0.18500, 0.06257
0.18600, 0.05585
0.18700, 0.04998
0.18800, 0.04525
0.18900, 0.04198
0.19000, 0.04023
0.19100, 0.03926
0.19200, 0.03818
0.19300, 0.03607
0.19400, 0.03206
0.19500, 0.02524
0.19600, 0.01489
0.19700, 0.00178
0.19800, -0.01266
0.19900, -0.02695
0.20000, -0.03964
0.20100, -0.04925
0.20200, -0.05439
0.20300, -0.05469
0.20400, -0.05095
0.20500, -0.04403
0.20600, -0.03477
0.20700, -0.02402
0.20800, -0.01264
0.20900, -0.00133
0.21000, 0.00952
0.21100, 0.01957
0.21200, 0.02850
0.21300, 0.03596
0.21400, 0.04163
0.21500, 0.04523
0.21600, 0.04699
0.21700, 0.04727
0.21800, 0.04645
0.21900, 0.04489
0.22000, 0.04298
0.22100, 0.04109
0.22200, 0.03976
0.22300, 0.03965
0.22400, 0.04144
0.22500, 0.04578
0.22600, 0.05336
0.22700, 0.06482
0.22800, 0.08003
0.22900, 0.09745
0.23000, 0.11542
0.23100, 0.13224
0.23200, 0.14625
0.23300, 0.15577
0.23400, 0.15956
0.23500, 0.15818
0.23600, 0.15267
0.23700, 0.14405
0.23800, 0.13336
0.23900, 0.12164
0.24000, 0.10986
0.24100, 0.09859
0.24200, 0.08810
0.24300, 0.07868
0.24400, 0.07060
0.24500, 0.06413
0.24600, 0.05956
0.24700, 0.05710
0.24800, 0.05689
0.24900, 0.05905
0.25000, 0.06373
0.25100, 0.07105
0.25200, 0.08114
0.25300, 0.09374
0.25400, 0.10734
0.25500, 0.12025
0.25600, 0.13075
0.25700, 0.13713
0.25800, 0.13766
0.25900, 0.13093
0.26000, 0.11768
0.26100, 0.09961
0.26200, 0.07845
0.26300, 0.05589
0.26400, 0.03367
0.26500, 0.01345
0.26600, -0.00398
0.26700, -0.01871
0.26800, -0.03089
0.26900, -0.04066
0.27000, -0.04815
0.27100, -0.05350
0.27200, -0.05675
0.27300, -0.05772
0.27400, -0.05622
0.27500, -0.05203
0.27600, -0.04495
0.27700, -0.03477
0.27800, -0.02145
0.27900, -0.00584
0.28000, 0.01092
0.28100, 0.02769
0.28200, 0.04334
0.28300, 0.05672
0.28400, 0.06677
0.28500, 0.07342
0.28600, 0.07735
0.28700, 0.07929
0.28800, 0.07993
0.28900, 0.07999
0.29000, 0.08017
0.29100, 0.08098
0.29200, 0.08256
0.29300, 0.08504
0.29400, 0.08854
0.29500, 0.09318
0.29600, 0.09909
0.29700, 0.10630
0.29800, 0.11461
0.29900, 0.12373
0.30000, 0.13337
0.30100, 0.14325
0.30200, 0.15309
0.30300, 0.16260
0.30400, 0.17144
0.30500, 0.17927
0.30600, 0.18575
0.30700, 0.19053
0.30800, 0.19325
0.30900, 0.19358
0.31000, 0.19145
0.31100, 0.18717
0.31200, 0.18103
0.31300, 0.17336
0.31400, 0.16446
0.31500, 0.15465
0.31600, 0.14416
0.31700, 0.13305
0.31800, 0.12132
0.31900, 0.10899
0.32000, 0.09605
0.32100, 0.08253
0.32200, 0.06849
0.32300, 0.05433
0.32400, 0.04061
0.32500, 0.02789
0.32600, 0.01672
0.32700, 0.00767
0.32800, 0.00127
0.32900, -0.00244
0.33000, -0.00385
0.33100, -0.00338
0.33200, -0.00145
0.33300, 0.00152
0.33400, 0.00511
0.33500, 0.00896
0.33600, 0.01279
0.33700, 0.01638
0.33800, 0.01947
0.33900, 0.02181
0.34000, 0.02316
0.34100, 0.02344
0.34200, 0.02333
0.34300, 0.02381
0.34400, 0.02581
0.34500, 0.03029
0.34600, 0.03819
0.34700, 0.05036
0.34800, 0.06614
0.34900, 0.08382
0.35000, 0.10167
0.35100, 0.11795
0.35200, 0.13094
0.35300, 0.13891
0.35400, 0.14115
0.35500, 0.13851
0.35600, 0.13196
0.35700, 0.12246
0.35800, 0.11101
0.35900, 0.09856
0.36000, 0.08610
0.36100, 0.07465
0.36200, 0.06524
0.36300, 0.05888
0.36400, 0.05659
0.36500, 0.05940
0.36600, 0.06812
0.36700, 0.08149
0.36800, 0.09719
0.36900, 0.11289
0.37000, 0.12625
0.37100, 0.13495
0.37200, 0.13669
0.37300, 0.13089
0.37400, 0.11892
0.37500, 0.10227
0.37600, 0.08242
0.37700, 0.06087
0.37800, 0.03909
0.37900, 0.01834
0.38000, -0.00082
0.38100, -0.01788
0.38200, -0.03237
0.38300, -0.04381
0.38400, -0.05170
0.38500, -0.05570
0.38600, -0.05618
0.38700, -0.05384
0.38800, -0.04935
0.38900, -0.04342
0.39000, -0.03673
0.39100, -0.02994
0.39200, -0.02338
0.39300, -0.01706
0.39400, -0.01101
0.39500, -0.00522
0.39600, 0.00031
0.39700, 0.00555
0.39800, 0.01045
0.39900, 0.01482
0.40000, 0.01848
0.40100, 0.02123
0.40200, 0.02288
0.40300, 0.02323
0.40400, 0.02211
0.40500, 0.01936
0.40600, 0.01486
0.40700, 0.00847
0.40800, 0.00006
0.40900, -0.01051
0.41000, -0.02330
0.41100, -0.03765
0.41200, -0.05238
0.41300, -0.06630
0.41400, -0.07825
0.41500, -0.08704
0.41600, -0.09151
0.41700, -0.09112
0.41800, -0.08631
0.41900, -0.07755
0.42000, -0.06534
0.42100, -0.05016
0.42200, -0.03252
0.42300, -0.01291
0.42400, 0.00809
0.42500, 0.02989
0.42600, 0.05192
0.42700, 0.07357
0.42800, 0.09428
0.42900, 0.11347
0.43000, 0.13072
0.43100, 0.14566
0.43200, 0.15795
0.43300, 0.16723
0.43400, 0.17314
0.43500, 0.17535
0.43600, 0.17397
0.43700, 0.16962
0.43800, 0.16293
0.43900, 0.15455
0.44000, 0.14511
0.44100, 0.13526
0.44200, 0.12548
0.44300, 0.11590
0.44400, 0.10660
0.44500, 0.09764
0.44600, 0.08911
0.44700, 0.08107
0.44800, 0.07359
0.44900, 0.06667
0.45000, 0.06029
0.45100, 0.05442
0.45200, 0.04904
0.45300, 0.04413
0.45400, 0.03968
0.45500, 0.03595
0.45600, 0.03339
0.45700, 0.03249
0.45800, 0.03370
0.45900, 0.03751
0.46000, 0.04437
0.46100, 0.05413
0.46200, 0.06550
0.46300, 0.07708
0.46400, 0.08746
0.46500, 0.09523
0.46600, 0.09898
0.46700, 0.09769
0.46800, 0.09199
0.46900, 0.08292
0.47000, 0.07155
0.47100, 0.05894
0.47200, 0.04614
0.47300, 0.03418
0.47400, 0.02368
0.47500, 0.01499
0.47600, 0.00847
0.47700, 0.00447
0.47800, 0.00336
0.47900, 0.00547
0.48000, 0.01075
0.48100, 0.01857
0.48200, 0.02828
0.48300, 0.03920
0.48400, 0.05067
0.48500, 0.06204
0.48600, 0.07269
0.48700, 0.08214
0.48800, 0.08998
0.48900, 0.09575
0.49000, 0.09902
0.49100, 0.09936
0.49200, 0.09645
0.49300, 0.09089
0.49400, 0.08373
0.49500, 0.07602
0.49600, 0.06879
0.49700, 0.06310
0.49800, 0.05994
0.49900, 0.05959
0.50000, 0.06153
0.50100, 0.06520
0.50200, 0.07005
0.50300, 0.07554
0.50400, 0.08110
0.50500, 0.08629
0.50600, 0.09087
0.50700, 0.09464
0.50800, 0.09740
0.50900, 0.09895
0.51000, 0.09909
0.51100, 0.09758
0.51200, 0.09402
0.51300, 0.08795
0.51400, 0.07890
0.51500, 0.06641
0.51600, 0.05001
0.51700, 0.02934
0.51800, 0.00535
0.51900, -0.01990
0.52000, -0.04438
0.52100, -0.06602
0.52200, -0.08276
0.52300, -0.09255
0.52400, -0.09457
0.52500, -0.08999
0.52600, -0.08021
0.52700, -0.06663
0.52800, -0.05064
0.52900, -0.03363
0.53000, -0.01679
0.53100, -0.00045
0.53200, 0.01527
0.53300, 0.03023
0.53400, 0.04433
0.53500, 0.05742
0.53600, 0.06941
0.53700, 0.08030
0.53800, 0.09014
0.53900, 0.09900
0.54000, 0.10696
0.54100, 0.11409
0.54200, 0.12044
0.54300, 0.12620
0.54400, 0.13166
0.54500, 0.13714
0.54600, 0.14293
0.54700, 0.14934
0.54800, 0.15670
0.54900, 0.16503
0.55000, 0.17364
0.55100, 0.18168
0.55200, 0.18830
0.55300, 0.19267
0.55400, 0.19393
0.55500, 0.19135
0.55600, 0.18494
0.55700, 0.17503
0.55800, 0.16196
0.55900, 0.14608
0.56000, 0.12772
0.56100, 0.10722
0.56200, 0.08520
0.56300, 0.06250
0.56400, 0.03997
0.56500, 0.01847
0.56600, -0.00115
0.56700, -0.01803
0.56800, -0.03147
0.56900, -0.04109
0.57000, -0.04655
0.57100, -0.04752
0.57200, -0.04366
0.57300, -0.03463
0.57400, -0.02030
0.57500, -0.00162
0.57600, 0.02010
0.57700, 0.04359
0.57800, 0.06755
0.57900, 0.09068
0.58000, 0.11172
0.58100, 0.12977
0.58200, 0.14419
0.58300, 0.15437
0.58400, 0.15966
0.58500, 0.15945
0.58600, 0.15312
0.58700, 0.14084
0.58800, 0.12402
0.58900, 0.10417
0.59000, 0.08282
0.59100, 0.06150
0.59200, 0.04172
0.59300, 0.02474
0.59400, 0.01078
0.59500, -0.00014
0.59600, -0.00803
0.59700, -0.01289
0.59800, -0.01471
0.59900, -0.01351
0.60000, -0.00939
0.60100, -0.00251
0.60200, 0.00697
0.60300, 0.01889
0.60400, 0.03309
0.60500, 0.04939
0.60600, 0.06718
0.60700, 0.08531
0.60800, 0.10260
0.60900, 0.11787
0.61000, 0.12994
0.61100, 0.13762
0.61200, 0.14033
0.61300, 0.13903
0.61400, 0.13497
0.61500, 0.12938
0.61600, 0.12351
0.61700, 0.11860
0.61800, 0.11575
0.61900, 0.11518
0.62000, 0.11677
0.62100, 0.12036
0.62200, 0.12582
0.62300, 0.13302
0.62400, 0.14176
0.62500, 0.15116
0.62600, 0.15963
0.62700, 0.16560
0.62800, 0.16745
0.62900, 0.16360
0.63000, 0.15246
0.63100, 0.13340
0.63200, 0.10770
0.63300, 0.07685
0.63400, 0.04238
0.63500, 0.00578
0.63600, -0.03143
0.63700, -0.06776
0.63800, -0.10172
0.63900, -0.13181
0.64000, -0.15656
0.64100, -0.17448
0.64200, -0.18409
0.64300, -0.18398
0.64400, -0.17397
0.64500, -0.15463
0.64600, -0.12661
0.64700, -0.09051
0.64800, -0.04694
0.64900, 0.00344
0.65000, 0.05907
0.65100, 0.11695
0.65200, 0.17398
0.65300, 0.22705
0.65400, 0.27305
0.65500, 0.30887
0.65600, 0.33233
0.65700, 0.34440
0.65800, 0.34675
0.65900, 0.34106
0.66000, 0.32897
0.66100, 0.31218
0.66200, 0.29232
0.66300, 0.27092
0.66400, 0.24941
0.66500, 0.22923
0.66600, 0.21184
0.66700, 0.19866
0.66800, 0.19108
0.66900, 0.18876
0.67000, 0.18935
0.67100, 0.19044
0.67200, 0.18960
0.67300, 0.18440
0.67400, 0.17241
0.67500, 0.15218
0.67600, 0.12479
0.67700, 0.09166
0.67800, 0.05425
0.67900, 0.01400
0.68000, -0.02765
0.68100, -0.06923
0.68200, -0.10914
0.68300, -0.14571
0.68400, -0.17729
0.68500, -0.20223
0.68600, -0.21885
0.68700, -0.22559
0.68800, -0.22211
0.68900, -0.20917
0.69000, -0.18756
0.69100, -0.15809
0.69200, -0.12153
0.69300, -0.07869
0.69400, -0.03080
0.69500, 0.02011
0.69600, 0.07191
0.69700, 0.12247
0.69800, 0.16965
0.69900, 0.21134
0.70000, 0.24568
0.70100, 0.27208
0.70200, 0.29028
0.70300, 0.30003
0.70400, 0.30107
0.70500, 0.29316
0.70600, 0.27612
0.70700, 0.25068
0.70800, 0.21814
0.70900, 0.17982
0.71000, 0.13704
0.71100, 0.09111
0.71200, 0.04336
0.71300, -0.00470
0.71400, -0.05128
0.71500, -0.09456
0.71600, -0.13273
0.71700, -0.16398
0.71800, -0.18650
0.71900, -0.19911
0.72000, -0.20267
0.72100, -0.19848
0.72200, -0.18781
0.72300, -0.17196
0.72400, -0.15220
0.72500, -0.12981
0.72600, -0.10605
0.72700, -0.08213
0.72800, -0.05929
0.72900, -0.03876
0.73000, -0.02176
0.73100, -0.00950
0.73200, -0.00248
0.73300, -0.00044
0.73400, -0.00312
0.73500, -0.01023
0.73600, -0.02148
0.73700, -0.03660
0.73800, -0.05511
0.73900, -0.07606
0.74000, -0.09843
0.74100, -0.12122
0.74200, -0.14341
0.74300, -0.16398
0.74400, -0.18196
0.74500, -0.19660
0.74600, -0.20723
0.74700, -0.21318
0.74800, -0.21378
0.74900, -0.20836
0.75000, -0.19630
0.75100, -0.17786
0.75200, -0.15397
0.75300, -0.12559
0.75400, -0.09371
0.75500, -0.05926
0.75600, -0.02322
0.75700, 0.01394
0.75800, 0.05258
0.75900, 0.09316
0.76000, 0.13613
0.76100, 0.18194
0.76200, 0.23105
0.76300, 0.28317
0.76400, 0.33506
0.76500, 0.38269
0.76600, 0.42202
0.76700, 0.44903
0.76800, 0.45968
0.76900, 0.45039
0.77000, 0.42248
0.77100, 0.38018
0.77200, 0.32780
0.77300, 0.26962
0.77400, 0.20994
0.77500, 0.15303
0.77600, 0.10196
0.77700, 0.05828
0.77800, 0.02341
0.77900, -0.00122
0.78000, -0.01419
0.78100, -0.01407
0.78200, -0.00054
0.78300, 0.02340
0.78400, 0.05413
0.78500, 0.08801
0.78600, 0.12142
0.78700, 0.15074
0.78800, 0.17272
0.78900, 0.18687
0.79000, 0.19399
0.79100, 0.19485
0.79200, 0.19025
0.79300, 0.18096
0.79400, 0.16777
0.79500, 0.15156
0.79600, 0.13324
0.79700, 0.11377
0.79800, 0.09408
0.79900, 0.07510
0.80000, 0.05778
0.80100, 0.04279
0.80200, 0.03022
0.80300, 0.02008
0.80400, 0.01238
0.80500, 0.00715
0.80600, 0.00440
0.80700, 0.00412
0.80800, 0.00626
0.80900, 0.01073
0.81000, 0.01745
0.81100, 0.02633
0.81200, 0.03730
0.81300, 0.05022
0.81400, 0.06418
0.81500, 0.07769
0.81600, 0.08926
0.81700, 0.09736
0.81800, 0.10051
0.81900, 0.09722
0.82000, 0.08724
0.82100, 0.07238
0.82200, 0.05464
0.82300, 0.03601
0.82400, 0.01851
0.82500, 0.00412
0.82600, -0.00552
0.82700, -0.01019
0.82800, -0.01001
0.82900, -0.00510
0.83000, 0.00441
0.83100, 0.01841
0.83200, 0.03663
0.83300, 0.05744
0.83400, 0.07842
0.83500, 0.09715
0.83600, 0.11120
0.83700, 0.11815
0.83800, 0.11562
0.83900, 0.10317
0.84000, 0.08273
0.84100, 0.05638
0.84200, 0.02621
0.84300, -0.00572
0.84400, -0.03731
0.84500, -0.06686
0.84600, -0.09371
0.84700, -0.11740
0.84800, -0.13745
0.84900, -0.15339
0.85000, -0.16476
0.85100, -0.17115
0.85200, -0.17268
0.85300, -0.16966
0.85400, -0.16242
0.85500, -0.15127
0.85600, -0.13655
0.85700, -0.11857
0.85800, -0.09778
0.85900, -0.07472
0.86000, -0.04994
0.86100, -0.02399
0.86200, 0.00258
0.86300, 0.02922
0.86400, 0.05520
0.86500, 0.07946
0.86600, 0.10086
0.86700, 0.11829
0.86800, 0.13062
0.86900, 0.13674
0.87000, 0.13591
0.87100, 0.12938
0.87200, 0.11901
0.87300, 0.10663
0.87400, 0.09409
0.87500, 0.08326
0.87600, 0.07590
0.87700, 0.07281
0.87800, 0.07411
0.87900, 0.07989
0.88000, 0.09026
0.88100, 0.10529
0.88200, 0.12508
0.88300, 0.14867
0.88400, 0.17351
0.88500, 0.19691
0.88600, 0.21617
0.88700, 0.22862
0.88800, 0.23156
0.88900, 0.22317
0.89000, 0.20476
0.89100, 0.17834
0.89200, 0.14594
0.89300, 0.10956
0.89400, 0.07122
0.89500, 0.03305
0.89600, -0.00178
0.89700, -0.02953
0.89800, -0.04647
0.89900, -0.04886
0.90000, -0.03295
0.90100, 0.00482
0.90200, 0.06291
0.90300, 0.13380
0.90400, 0.20961
0.90500, 0.28249
0.90600, 0.34458
0.90700, 0.38801
0.90800, 0.40798
0.90900, 0.40770
0.91000, 0.39166
0.91100, 0.36437
0.91200, 0.33032
0.91300, 0.29402
0.91400, 0.25964
0.91500, 0.22925
0.91600, 0.20409
0.91700, 0.18541
0.91800, 0.17445
0.91900, 0.17244
0.92000, 0.18051
0.92100, 0.19758
0.92200, 0.22062
0.92300, 0.24654
0.92400, 0.27225
0.92500, 0.29466
0.92600, 0.31068
0.92700, 0.31798
0.92800, 0.31568
0.92900, 0.30307
0.93000, 0.27945
0.93100, 0.24411
0.93200, 0.19634
0.93300, 0.13626
0.93400, 0.06779
0.93500, -0.00407
0.93600, -0.07431
0.93700, -0.13790
0.93800, -0.18985
0.93900, -0.22547
0.94000, -0.24408
0.94100, -0.24768
0.94200, -0.23831
0.94300, -0.21800
0.94400, -0.18879
0.94500, -0.15272
0.94600, -0.11139
0.94700, -0.06580
0.94800, -0.01691
0.94900, 0.03433
0.95000, 0.08697
0.95100, 0.14007
0.95200, 0.19274
0.95300, 0.24441
0.95400, 0.29455
0.95500, 0.34263
0.95600, 0.38812
0.95700, 0.43051
0.95800, 0.46919
0.95900, 0.50296
0.96000, 0.53034
0.96100, 0.54983
0.96200, 0.55994
0.96300, 0.55917
0.96400, 0.54609
0.96500, 0.52061
0.96600, 0.48415
0.96700, 0.43820
0.96800, 0.38425
0.96900, 0.32380
0.97000, 0.25834
0.97100, 0.18983
0.97200, 0.12135
0.97300, 0.05618
0.97400, -0.00244
0.97500, -0.05123
0.97600, -0.08694
0.97700, -0.10696
0.97800, -0.11255
0.97900, -0.10643
0.98000, -0.09129
0.98100, -0.06985
0.98200, -0.04480
0.98300, -0.01880
0.98400, 0.00635
0.98500, 0.02951
0.98600, 0.04961
0.98700, 0.06554
0.98800, 0.07622
0.98900, 0.08056
0.99000, 0.07854
0.99100, 0.07200
0.99200, 0.06303
0.99300, 0.05369
0.99400, 0.04606
0.99500, 0.04219
0.99600, 0.04358
0.99700, 0.04917
0.99800, 0.05726
0.99900, 0.06611
1.00000, 0.07401
1.00100, 0.07923
1.00200, 0.08024
1.00300, 0.07741
1.00400, 0.07238
1.00500, 0.06675
1.00600, 0.06217
1.00700, 0.06025
1.00800, 0.06261
1.00900, 0.06991
1.01000, 0.08155
1.01100, 0.09685
1.01200, 0.11511
1.01300, 0.13564
1.01400, 0.15774
1.01500, 0.18035
1.01600, 0.20118
1.01700, 0.21776
1.01800, 0.22756
1.01900, 0.22810
1.02000, 0.21687
1.02100, 0.19197
1.02200, 0.15603
1.02300, 0.11381
1.02400, 0.07009
1.02500, 0.02964
1.02600, -0.00276
1.02700, -0.02248
1.02800, -0.02832
1.02900, -0.02259
1.03000, -0.00778
1.03100, 0.01363
1.03200, 0.03915
1.03300, 0.06630
1.03400, 0.09294
1.03500, 0.11777
1.03600, 0.13956
1.03700, 0.15711
1.03800, 0.16922
1.03900, 0.17466
1.04000, 0.17250
1.04100, 0.16318
1.04200, 0.14766
1.04300, 0.12689
1.04400, 0.10181
1.04500, 0.07336
1.04600, 0.04252
1.04700, 0.01056
1.04800, -0.02101
1.04900, -0.05068
1.05000, -0.07693
1.05100, -0.09823
1.05200, -0.11309
1.05300, -0.12074
1.05400, -0.12171
1.05500, -0.11663
1.05600, -0.10614
1.05700, -0.09089
1.05800, -0.07152
1.05900, -0.04877
1.06000, -0.02377
1.06100, 0.00226
1.06200, 0.02810
1.06300, 0.05251
1.06400, 0.07428
1.06500, 0.09224
1.06600, 0.10604
1.06700, 0.11573
1.06800, 0.12140
1.06900, 0.12314
1.07000, 0.12102
1.07100, 0.11513
1.07200, 0.10591
1.07300, 0.09423
1.07400, 0.08099
1.07500, 0.06709
1.07600, 0.05342
1.07700, 0.04090
1.07800, 0.03021
1.07900, 0.02141
1.08000, 0.01447
1.08100, 0.00935
1.08200, 0.00600
1.08300, 0.00438
1.08400, 0.00443
1.08500, 0.00594
1.08600, 0.00863
1.08700, 0.01221
1.08800, 0.01642
1.08900, 0.02096
1.09000, 0.02556
1.09100, 0.02999
1.09200, 0.03402
1.09300, 0.03746
1.09400, 0.04010
1.09500, 0.04173
1.09600, 0.04214
1.09700, 0.04124
1.09800, 0.03921
1.09900, 0.03623
1.10000, 0.03251
1.10100, 0.02823
1.10200, 0.02361
1.10300, 0.01896
1.10400, 0.01531
1.10500, 0.01390
1.10600, 0.01597
1.10700, 0.02275
1.10800, 0.03549
1.10900, 0.05528
1.11000, 0.08120
1.11100, 0.11086
1.11200, 0.14184
1.11300, 0.17172
1.11400, 0.19806
1.11500, 0.21848
1.11600, 0.23169
1.11700, 0.23825
1.11800, 0.23888
1.11900, 0.23430
1.12000, 0.22521
1.12100, 0.21235
1.12200, 0.19646
1.12300, 0.17844
1.12400, 0.15920
1.12500, 0.13966
1.12600, 0.12074
1.12700, 0.10337
1.12800, 0.08842
1.12900, 0.07629
1.13000, 0.06714
1.13100, 0.06113
1.13200, 0.05840
1.13300, 0.05911
1.13400, 0.06339
1.13500, 0.07107
1.13600, 0.08154
1.13700, 0.09418
1.13800, 0.10837
1.13900, 0.12349
1.14000, 0.13892
1.14100, 0.15377
1.14200, 0.16640
1.14300, 0.17502
1.14400, 0.17788
1.14500, 0.17320
1.14600, 0.15921
1.14700, 0.13458
1.14800, 0.10083
1.14900, 0.06063
1.15000, 0.01670
1.15100, -0.02830
1.15200, -0.07166
1.15300, -0.11076
1.15400, -0.14427
1.15500, -0.17203
1.15600, -0.19394
1.15700, -0.20988
1.15800, -0.21975
1.15900, -0.22342
1.16000, -0.22110
1.16100, -0.21357
1.16200, -0.20169
1.16300, -0.18632
1.16400, -0.16831
1.16500, -0.14853
1.16600, -0.12789
1.16700, -0.10753
1.16800, -0.08870
1.16900, -0.07260
1.17000, -0.06048
1.17100, -0.05356
1.17200, -0.05291
1.17300, -0.05774
1.17400, -0.06594
1.17500, -0.07538
1.17600, -0.08394
1.17700, -0.08949
1.17800, -0.08992
1.17900, -0.08393
1.18000, -0.07140
1.18100, -0.05233
1.18200, -0.02672
1.18300, 0.00544
1.18400, 0.04416
1.18500, 0.08885
1.18600, 0.13690
1.18700, 0.18524
1.18800, 0.23083
1.18900, 0.27059
1.19000, 0.30147
1.19100, 0.32072
1.19200, 0.32826
1.19300, 0.32538
1.19400, 0.31339
1.19500, 0.29359
1.19600, 0.26728
1.19700, 0.23578
1.19800, 0.20048
1.19900, 0.16283
1.20000, 0.12434
1.20100, 0.08647
1.20200, 0.05070
1.20300, 0.01852
1.20400, -0.00884
1.20500, -0.03077
1.20600, -0.04676
1.20700, -0.05630
1.20800, -0.05885
1.20900, -0.05392
1.21000, -0.04127
1.21100, -0.02241
1.21200, 0.00049
1.21300, 0.02527
1.21400, 0.04973
1.21500, 0.07172
1.21600, 0.08913
1.21700, 0.10094
1.21800, 0.10713
1.21900, 0.10766
1.22000, 0.10252
1.22100, 0.09170
1.22200, 0.07518
1.22300, 0.05353
1.22400, 0.02843
1.22500, 0.00164
1.22600, -0.02502
1.22700, -0.04979
1.22800, -0.07087
1.22900, -0.08678
1.23000, -0.09745
1.23100, -0.10318
1.23200, -0.10427
1.23300, -0.10102
1.23400, -0.09374
1.23500, -0.08280
1.23600, -0.06922
1.23700, -0.05449
1.23800, -0.04009
1.23900, -0.02750
1.24000, -0.01819
1.24100, -0.01363
1.24200, -0.01383
1.24300, -0.01682
1.24400, -0.02046
1.24500, -0.02261
1.24600, -0.02114
1.24700, -0.01393
1.24800, 0.00060
1.24900, 0.02212
1.25000, 0.04997
1.25100, 0.08346
1.25200, 0.12190
1.25300, 0.16462
1.25400, 0.21065
1.25500, 0.25669
1.25600, 0.29834
1.25700, 0.33119
1.25800, 0.35082
1.25900, 0.35281
1.26000, 0.33293
1.26100, 0.29137
1.26200, 0.23303
1.26300, 0.16305
1.26400, 0.08658
1.26500, 0.00875
1.26600, -0.06531
1.26700, -0.13141
1.26800, -0.18761
1.26900, -0.23230
1.27000, -0.26384
1.27100, -0.28064
1.27200, -0.28107
1.27300, -0.26420
1.27400, -0.23296
1.27500, -0.19166
1.27600, -0.14464
1.27700, -0.09622
1.27800, -0.05070
1.27900, -0.01226
1.28000, 0.01759
1.28100, 0.03943
1.28200, 0.05390
1.28300, 0.06164
1.28400, 0.06329
1.28500, 0.05952
1.28600, 0.05133
1.28700, 0.04040
1.28800, 0.02849
1.28900, 0.01733
1.29000, 0.00868
1.29100, 0.00429
1.29200, 0.00540
1.29300, 0.01130
1.29400, 0.02072
1.29500, 0.03240
1.29600, 0.04508
1.29700, 0.05751
1.29800, 0.06849
1.29900, 0.07732
1.30000, 0.08364
1.30100, 0.08710
1.30200, 0.08734
1.30300, 0.08399
1.30400, 0.07672
1.30500, 0.06607
1.30600, 0.05374
1.30700, 0.04153
1.30800, 0.03121
1.30900, 0.02456
1.31000, 0.02339
1.31100, 0.02878
1.31200, 0.03981
1.31300, 0.05516
1.31400, 0.07350
1.31500, 0.09352
1.31600, 0.11391
1.31700, 0.13343
1.31800, 0.15161
1.31900, 0.16830
1.32000, 0.18333
1.32100, 0.19656
1.32200, 0.20784
1.32300, 0.21703
1.32400, 0.22433
1.32500, 0.23030
1.32600, 0.23548
1.32700, 0.24045
1.32800, 0.24575
1.32900, 0.25195
1.33000, 0.25885
1.33100, 0.26458
1.33200, 0.26706
1.33300, 0.26420
1.33400, 0.25391
1.33500, 0.23410
1.33600, 0.20329
1.33700, 0.16319
1.33800, 0.11659
1.33900, 0.06629
1.34000, 0.01506
1.34100, -0.03431
1.34200, -0.07908
1.34300, -0.11726
1.34400, -0.14743
1.34500, -0.16818
1.34600, -0.17809
1.34700, -0.17576
1.34800, -0.15979
1.34900, -0.12985
1.35000, -0.08738
1.35100, -0.03399
1.35200, 0.02874
1.35300, 0.09918
1.35400, 0.17576
1.35500, 0.25626
1.35600, 0.33622
1.35700, 0.41063
1.35800, 0.47447
1.35900, 0.52272
1.36000, 0.55036
1.36100, 0.55292
1.36200, 0.53126
1.36300, 0.48927
1.36400, 0.43085
1.36500, 0.35993
1.36600, 0.28042
1.36700, 0.19621
1.36800, 0.11003
1.36900, 0.02313
1.37000, -0.06330
1.37100, -0.14807
1.37200, -0.23002
1.37300, -0.30795
1.37400, -0.38065
1.37500, -0.44675
1.37600, -0.50490
1.37700, -0.55370
1.37800, -0.59178
1.37900, -0.61777
1.38000, -0.63045
1.38100, -0.62967
1.38200, -0.61574
1.38300, -0.58897
1.38400, -0.54968
1.38500, -0.49817
1.38600, -0.43478
1.38700, -0.36044
1.38800, -0.27662
1.38900, -0.18483
1.39000, -0.08657
1.39100, 0.01667
1.39200, 0.12338
1.39300, 0.23105
1.39400, 0.33507
1.39500, 0.43057
1.39600, 0.51269
1.39700, 0.57657
1.39800, 0.61733
1.39900, 0.63124
1.40000, 0.62008
1.40100, 0.58733
1.40200, 0.53651
1.40300, 0.47110
1.40400, 0.39461
1.40500, 0.31059
1.40600, 0.22354
1.40700, 0.13860
1.40800, 0.06092
1.40900, -0.00435
1.41000, -0.05204
1.41100, -0.07706
1.41200, -0.07729
1.41300, -0.05527
1.41400, -0.01392
1.41500, 0.04384
1.41600, 0.11506
1.41700, 0.19683
1.41800, 0.28562
1.41900, 0.37572
1.42000, 0.46093
1.42100, 0.53509
1.42200, 0.59199
1.42300, 0.62545
1.42400, 0.62996
1.42500, 0.60621
1.42600, 0.55819
1.42700, 0.48990
1.42800, 0.40536
1.42900, 0.30858
1.43000, 0.20359
1.43100, 0.09514
1.43200, -0.01120
1.43300, -0.10982
1.43400, -0.19510
1.43500, -0.26142
1.43600, -0.30316
1.43700, -0.31703
1.43800, -0.30577
1.43900, -0.27308
1.44000, -0.22270
1.44100, -0.15835
1.44200, -0.08374
1.44300, -0.00243
1.44400, 0.08305
1.44500, 0.17059
1.44600, 0.25806
1.44700, 0.34336
1.44800, 0.42437
1.44900, 0.49902
1.45000, 0.56601
1.45100, 0.62478
1.45200, 0.67474
1.45300, 0.71535
1.45400, 0.74604
1.45500, 0.76625
1.45600, 0.77568
1.45700, 0.77454
1.45800, 0.76310
1.45900, 0.74162
1.46000, 0.71037
1.46100, 0.66963
1.46200, 0.61973
1.46300, 0.56143
1.46400, 0.49559
1.46500, 0.42306
1.46600, 0.34471
1.46700, 0.26139
1.46800, 0.17416
1.46900, 0.08638
1.47000, 0.00298
1.47100, -0.07111
1.47200, -0.13094
1.47300, -0.17155
1.47400, -0.18809
1.47500, -0.17960
1.47600, -0.15077
1.47700, -0.10679
1.47800, -0.05281
1.47900, 0.00601
1.48000, 0.06450
1.48100, 0.11785
1.48200, 0.16240
1.48300, 0.19474
1.48400, 0.21146
1.48500, 0.20914
1.48600, 0.18438
1.48700, 0.13468
1.48800, 0.06539
1.48900, -0.01426
1.49000, -0.09503
1.49100, -0.16765
1.49200, -0.22286
1.49300, -0.25165
1.49400, -0.25102
1.49500, -0.22468
1.49600, -0.17663
1.49700, -0.11090
1.49800, -0.03151
1.49900, 0.05751
1.50000, 0.15154
1.50100, 0.24441
1.50200, 0.32978
1.50300, 0.40125
1.50400, 0.45247
1.50500, 0.47706
1.50600, 0.46995
1.50700, 0.43368
1.50800, 0.37363
1.50900, 0.29518
1.51000, 0.20370
1.51100, 0.10458
1.51200, 0.00311
1.51300, -0.09688
1.51400, -0.19272
1.51500, -0.28181
1.51600, -0.36153
1.51700, -0.42926
1.51800, -0.48242
1.51900, -0.52014
1.52000, -0.54472
1.52100, -0.55879
1.52200, -0.56497
1.52300, -0.56591
1.52400, -0.56424
1.52500, -0.56164
1.52600, -0.55584
1.52700, -0.54348
1.52800, -0.52120
1.52900, -0.48565
1.53000, -0.43345
1.53100, -0.36181
1.53200, -0.27401
1.53300, -0.17715
1.53400, -0.07841
1.53500, 0.01506
1.53600, 0.09611
1.53700, 0.15765
1.53800, 0.19631
1.53900, 0.21382
1.54000, 0.21223
1.54100, 0.19363
1.54200, 0.16007
1.54300, 0.11364
1.54400, 0.05746
1.54500, -0.00204
1.54600, -0.05779
1.54700, -0.10272
1.54800, -0.12976
1.54900, -0.13185
1.55000, -0.10316
1.55100, -0.04764
1.55200, 0.02624
1.55300, 0.10998
1.55400, 0.19509
1.55500, 0.27306
1.55600, 0.33558
1.55700, 0.37904
1.55800, 0.40466
1.55900, 0.41387
1.56000, 0.40811
1.56100, 0.38882
1.56200, 0.35744
1.56300, 0.31564
1.56400, 0.26565
1.56500, 0.20974
1.56600, 0.15022
1.56700, 0.08936
1.56800, 0.02947
1.56900, -0.02746
1.57000, -0.08102
1.57100, -0.13132
1.57200, -0.17850
1.57300, -0.22269
1.57400, -0.26402
1.57500, -0.30258
1.57600, -0.33788
1.57700, -0.36897
1.57800, -0.39489
1.57900, -0.41468
1.58000, -0.42738
1.58100, -0.43204
1.58200, -0.42789
1.58300, -0.41453
1.58400, -0.39154
1.58500, -0.35855
1.58600, -0.31517
1.58700, -0.26100
1.58800, -0.19614
1.58900, -0.12263
1.59000, -0.04298
1.59100, 0.04029
1.59200, 0.12466
1.59300, 0.20762
1.59400, 0.28661
1.59500, 0.35877
1.59600, 0.42103
1.59700, 0.47033
1.59800, 0.50359
1.59900, 0.51776
1.60000, 0.50987
1.60100, 0.48081
1.60200, 0.43637
1.60300, 0.38268
1.60400, 0.32589
1.60500, 0.27211
1.60600, 0.22748
1.60700, 0.19652
1.60800, 0.17910
1.60900, 0.17426
1.61000, 0.18103
1.61100, 0.19842
1.61200, 0.22548
1.61300, 0.26101
1.61400, 0.30211
1.61500, 0.34517
1.61600, 0.38659
1.61700, 0.42275
1.61800, 0.45003
1.61900, 0.46493
1.62000, 0.46634
1.62100, 0.45549
1.62200, 0.43369
1.62300, 0.40228
1.62400, 0.36256
1.62500, 0.31585
1.62600, 0.26381
1.62700, 0.20878
1.62800, 0.15319
1.62900, 0.09948
1.63000, 0.05009
1.63100, 0.00743
1.63200, -0.02672
1.63300, -0.05412
1.63400, -0.07762
1.63500, -0.10009
1.63600, -0.12439
1.63700, -0.15340
1.63800, -0.18959
1.63900, -0.23046
1.64000, -0.26980
1.64100, -0.30132
1.64200, -0.31873
1.64300, -0.31574
1.64400, -0.28614
1.64500, -0.22846
1.64600, -0.14884
1.64700, -0.05408
1.64800, 0.04900
1.64900, 0.15358
1.65000, 0.25286
1.65100, 0.34100
1.65200, 0.41582
1.65300, 0.47596
1.65400, 0.52010
1.65500, 0.54689
1.65600, 0.55499
1.65700, 0.54349
1.65800, 0.51550
1.65900, 0.47635
1.66000, 0.43137
1.66100, 0.38592
1.66200, 0.34533
1.66300, 0.31488
1.66400, 0.29710
1.66500, 0.29127
1.66600, 0.29647
1.66700, 0.31177
1.66800, 0.33626
1.66900, 0.36902
1.67000, 0.40785
1.67100, 0.44711
1.67200, 0.48060
1.67300, 0.50210
1.67400, 0.50540
1.67500, 0.48430
1.67600, 0.43411
1.67700, 0.36049
1.67800, 0.27324
1.67900, 0.18221
1.68000, 0.09724
1.68100, 0.02817
1.68200, -0.01554
1.68300, -0.03183
1.68400, -0.02538
1.68500, -0.00110
1.68600, 0.03608
1.68700, 0.08124
1.68800, 0.12946
1.68900, 0.17589
1.69000, 0.21579
1.69100, 0.24443
1.69200, 0.25709
1.69300, 0.24905
1.69400, 0.21558
1.69500, 0.15379
1.69600, 0.06941
1.69700, -0.02923
1.69800, -0.13379
1.69900, -0.23593
1.70000, -0.32732
1.70100, -0.40002
1.70200, -0.45098
1.70300, -0.48052
1.70400, -0.48904
1.70500, -0.47692
1.70600, -0.44456
1.70700, -0.39236
1.70800, -0.32214
1.70900, -0.23775
1.71000, -0.14324
1.71100, -0.04266
1.71200, 0.05996
1.71300, 0.16056
1.71400, 0.25539
1.71500, 0.34168
1.71600, 0.41688
1.71700, 0.47843
1.71800, 0.52377
1.71900, 0.55036
1.72000, 0.55620
1.72100, 0.54433
1.72200, 0.52033
1.72300, 0.48982
1.72400, 0.45841
1.72500, 0.43172
1.72600, 0.41523
1.72700, 0.41030
1.72800, 0.41367
1.72900, 0.42182
1.73000, 0.43124
1.73100, 0.43839
1.73200, 0.43978
1.73300, 0.43307
1.73400, 0.41897
1.73500, 0.39865
1.73600, 0.37329
1.73700, 0.34406
1.73800, 0.31215
1.73900, 0.27851
1.74000, 0.24290
1.74100, 0.20460
1.74200, 0.16287
1.74300, 0.11699
1.74400, 0.06624
1.74500, 0.00999
1.74600, -0.05066
1.74700, -0.11311
1.74800, -0.17473
1.74900, -0.23288
1.75000, -0.28492
1.75100, -0.32822
1.75200, -0.36079
1.75300, -0.38186
1.75400, -0.39078
1.75500, -0.38691
1.75600, -0.36959
1.75700, -0.33819
1.75800, -0.29300
1.75900, -0.23853
1.76000, -0.18045
1.76100, -0.12443
1.76200, -0.07616
1.76300, -0.04129
1.76400, -0.02506
1.76500, -0.02749
1.76600, -0.04525
1.76700, -0.07495
1.76800, -0.11322
1.76900, -0.15667
1.77000, -0.20193
1.77100, -0.24591
1.77200, -0.28598
1.77300, -0.31954
1.77400, -0.34399
1.77500, -0.35671
1.77600, -0.35511
1.77700, -0.33807
1.77800, -0.30932
1.77900, -0.27357
1.78000, -0.23551
1.78100, -0.19984
1.78200, -0.17126
1.78300, -0.15403
1.78400, -0.14872
1.78500, -0.15419
1.78600, -0.16926
1.78700, -0.19275
1.78800, -0.22348
1.78900, -0.26025
1.79000, -0.30114
1.79100, -0.34345
1.79200, -0.38446
1.79300, -0.42142
1.79400, -0.45162
1.79500, -0.47233
1.79600, -0.48162
1.79700, -0.47947
1.79800, -0.46616
1.79900, -0.44193
1.80000, -0.40706
1.80100, -0.36181
1.80200, -0.30680
1.80300, -0.24479
1.80400, -0.17928
1.80500, -0.11378
1.80600, -0.05178
1.80700, 0.00321
1.80800, 0.04781
1.80900, 0.08058
1.81000, 0.10163
1.81100, 0.11114
1.81200, 0.10926
1.81300, 0.09618
1.81400, 0.07206
1.81500, 0.03861
1.81600, 0.00024
1.81700, -0.03842
1.81800, -0.07268
1.81900, -0.09789
1.82000, -0.10939
1.82100, -0.10380
1.82200, -0.08307
1.82300, -0.05056
1.82400, -0.00959
1.82500, 0.03650
1.82600, 0.08436
1.82700, 0.13068
1.82800, 0.17223
1.82900, 0.20587
1.83000, 0.22846
1.83100, 0.23686
1.83200, 0.22791
1.83300, 0.19858
1.83400, 0.14931
1.83500, 0.08523
1.83600, 0.01179
1.83700, -0.06557
1.83800, -0.14142
1.83900, -0.21029
1.84000, -0.26784
1.84100, -0.31297
1.84200, -0.34519
1.84300, -0.36400
1.84400, -0.36892
1.84500, -0.35946
1.84600, -0.33541
1.84700, -0.29867
1.84800, -0.25208
1.84900, -0.19849
1.85000, -0.14075
1.85100, -0.08169
1.85200, -0.02417
1.85300, 0.02925
1.85400, 0.07626
1.85500, 0.11455
1.85600, 0.14183
1.85700, 0.15580
1.85800, 0.15415
1.85900, 0.13584
1.86000, 0.10253
1.86100, 0.05624
1.86200, -0.00098
1.86300, -0.06711
1.86400, -0.14010
1.86500, -0.21761
1.86600, -0.29557
1.86700, -0.36934
1.86800, -0.43428
1.86900, -0.48576
1.87000, -0.51914
1.87100, -0.53007
1.87200, -0.51822
1.87300, -0.48637
1.87400, -0.43734
1.87500, -0.37394
1.87600, -0.29902
1.87700, -0.21540
1.87800, -0.12559
1.87900, -0.03162
1.88000, 0.06454
1.88100, 0.16092
1.88200, 0.25553
1.88300, 0.34641
1.88400, 0.43126
1.88500, 0.50653
1.88600, 0.56839
1.88700, 0.61300
1.88800, 0.63651
1.88900, 0.63508
1.89000, 0.60542
1.89100, 0.54952
1.89200, 0.47241
1.89300, 0.37912
1.89400, 0.27471
1.89500, 0.16423
1.89600, 0.05268
1.89700, -0.05628
1.89800, -0.16070
1.89900, -0.25871
1.90000, -0.34846
1.90100, -0.42810
1.90200, -0.49577
1.90300, -0.55041
1.90400, -0.59318
1.90500, -0.62562
1.90600, -0.64928
1.90700, -0.66571
1.90800, -0.67644
1.90900, -0.68287
1.91000, -0.68524
1.91100, -0.68332
1.91200, -0.67688
1.91300, -0.66569
1.91400, -0.64950
1.91500, -0.62815
1.91600, -0.60263
1.91700, -0.57499
1.91800, -0.54736
1.91900, -0.52186
1.92000, -0.50059
1.92100, -0.48567
1.92200, -0.47760
1.92300, -0.47357
1.92400, -0.47035
1.92500, -0.46473
1.92600, -0.45349
1.92700, -0.43340
1.92800, -0.40184
1.92900, -0.35910
1.93000, -0.30640
1.93100, -0.24495
1.93200, -0.17597
1.93300, -0.10066
1.93400, -0.02042
1.93500, 0.06088
1.93600, 0.13762
1.93700, 0.20413
1.93800, 0.25477
1.93900, 0.28386
1.94000, 0.28582
1.94100, 0.25943
1.94200, 0.21020
1.94300, 0.14421
1.94400, 0.06758
1.94500, -0.01360
1.94600, -0.09324
1.94700, -0.16563
1.94800, -0.22641
1.94900, -0.27157
1.95000, -0.29705
1.95100, -0.29884
1.95200, -0.27288
1.95300, -0.21604
1.95400, -0.13307
1.95500, -0.03298
1.95600, 0.07520
1.95700, 0.18244
1.95800, 0.27970
1.95900, 0.35809
1.96000, 0.41279
1.96100, 0.44377
1.96200, 0.45126
1.96300, 0.43550
1.96400, 0.39671
1.96500, 0.33514
1.96600, 0.25297
1.96700, 0.15746
1.96800, 0.05673
1.96900, -0.04115
1.97000, -0.12805
1.97100, -0.19590
1.97200, -0.23803
1.97300, -0.25702
1.97400, -0.25909
1.97500, -0.25046
1.97600, -0.23735
1.97700, -0.22600
1.97800, -0.22237
1.97900, -0.22766
1.98000, -0.23887
1.98100, -0.25286
1.98200, -0.26648
1.98300, -0.27658
1.98400, -0.28003
1.98500, -0.27468
1.98600, -0.26028
1.98700, -0.23684
1.98800, -0.20433
1.98900, -0.16274
1.99000, -0.11205
1.99100, -0.05299
1.99200, 0.01040
1.99300, 0.07309
1.99400, 0.13006
1.99500, 0.17629
1.99600, 0.20676
1.99700, 0.21682
1.99800, 0.20654
1.99900, 0.17909
2.00000, 0.13771
2.00100, 0.08561
2.00200, 0.02604
2.00300, -0.03776
2.00400, -0.10193
2.00500, -0.16169
2.00600, -0.21220
2.00700, -0.24864
2.00800, -0.26614
2.00900, -0.25988
2.01000, -0.22730
2.01100, -0.17345
2.01200, -0.10501
2.01300, -0.02864
2.01400, 0.04900
2.01500, 0.12125
2.01600, 0.18182
2.01700, 0.22770
2.01800, 0.25747
2.01900, 0.26971
2.02000, 0.26302
2.02100, 0.23601
2.02200, 0.18745
2.02300, 0.12135
2.02400, 0.04741
2.02500, -0.02436
2.02600, -0.08395
2.02700, -0.12136
2.02800, -0.12660
2.02900, -0.09525
2.03000, -0.03658
2.03100, 0.03812
2.03200, 0.11755
2.03300, 0.19038
2.03400, 0.24533
2.03500, 0.27278
2.03600, 0.27328
2.03700, 0.25107
2.03800, 0.21041
2.03900, 0.15558
2.04000, 0.09083
2.04100, 0.02047
2.04200, -0.05020
2.04300, -0.11513
2.04400, -0.16823
2.04500, -0.20341
2.04600, -0.21457
2.04700, -0.19568
2.04800, -0.14540
2.04900, -0.07097
2.05000, 0.01947
2.05100, 0.11779
2.05200, 0.21585
2.05300, 0.30550
2.05400, 0.37980
2.05500, 0.43700
2.05600, 0.47669
2.05700, 0.49849
2.05800, 0.50201
2.05900, 0.48687
2.06000, 0.45286
2.06100, 0.40195
2.06200, 0.33743
2.06300, 0.26262
2.06400, 0.18084
2.06500, 0.09541
2.06600, 0.00962
2.06700, -0.07406
2.06800, -0.15433
2.06900, -0.22997
2.07000, -0.29974
2.07100, -0.36243
2.07200, -0.41679
2.07300, -0.46199
2.07400, -0.49826
2.07500, -0.52611
2.07600, -0.54600
2.07700, -0.55843
2.07800, -0.56388
2.07900, -0.56281
2.08000, -0.55550
2.08100, -0.54216
2.08200, -0.52299
2.08300, -0.49819
2.08400, -0.46798
2.08500, -0.43255
2.08600, -0.39204
2.08700, -0.34652
2.08800, -0.29605
2.08900, -0.24071
2.09000, -0.18054
2.09100, -0.11563
2.09200, -0.04729
2.09300, 0.02034
2.09400, 0.08272
2.09500, 0.13532
2.09600, 0.17358
2.09700, 0.19298
2.09800, 0.19000
2.09900, 0.16680
2.10000, 0.12750
2.10100, 0.07620
2.10200, 0.01702
2.10300, -0.04593
2.10400, -0.10868
2.10500, -0.16951
2.10600, -0.22846
2.10700, -0.28560
2.10800, -0.34100
2.10900, -0.39475
2.11000, -0.44692
2.11100, -0.49697
2.11200, -0.54334
2.11300, -0.58438
2.11400, -0.61843
2.11500, -0.64384
2.11600, -0.65893
2.11700, -0.66229
2.11800, -0.65342
2.11900, -0.63203
2.12000, -0.59786
2.12100, -0.55063
2.12200, -0.49007
2.12300, -0.41615
2.12400, -0.33146
2.12500, -0.24010
2.12600, -0.14618
2.12700, -0.05382
2.12800, 0.03287
2.12900, 0.10978
2.13000, 0.17371
2.13100, 0.22257
2.13200, 0.25435
2.13300, 0.26703
2.13400, 0.25862
2.13500, 0.22710
2.13600, 0.17283
2.13700, 0.10308
2.13800, 0.02639
2.13900, -0.04875
2.14000, -0.11380
2.14100, -0.16024
2.14200, -0.18074
2.14300, -0.17637
2.14400, -0.15185
2.14500, -0.11195
2.14600, -0.06142
2.14700, -0.00501
2.14800, 0.05263
2.14900, 0.10893
2.15000, 0.16339
2.15100, 0.21557
2.15200, 0.26506
2.15300, 0.31141
2.15400, 0.35420
2.15500, 0.39342
2.15600, 0.42998
2.15700, 0.46487
2.15800, 0.49910
2.15900, 0.53369
2.16000, 0.56964
2.16100, 0.60743
2.16200, 0.64478
2.16300, 0.67855
2.16400, 0.70558
2.16500, 0.72273
2.16600, 0.72683
2.16700, 0.71493
2.16800, 0.68665
2.16900, 0.64356
2.17000, 0.58721
2.17100, 0.51921
2.17200, 0.44113
2.17300, 0.35457
2.17400, 0.26187
2.17500, 0.16657
2.17600, 0.07231
2.17700, -0.01726
2.17800, -0.09850
2.17900, -0.16777
2.18000, -0.22194
2.18100, -0.25989
2.18200, -0.28093
2.18300, -0.28437
2.18400, -0.26954
2.18500, -0.23575
2.18600, -0.18272
2.18700, -0.11385
2.18800, -0.03458
2.18900, 0.04962
2.19000, 0.13330
2.19100, 0.21100
2.19200, 0.27735
2.19300, 0.33004
2.19400, 0.37043
2.19500, 0.40011
2.19600, 0.42066
2.19700, 0.43367
2.19800, 0.44072
2.19900, 0.44314
2.20000, 0.44152
2.20100, 0.43636
2.20200, 0.42815
2.20300, 0.41736
2.20400, 0.40449
2.20500, 0.38986
2.20600, 0.37266
2.20700, 0.35164
2.20800, 0.32555
2.20900, 0.29313
2.21000, 0.25313
2.21100, 0.20444
2.21200, 0.14886
2.21300, 0.09082
2.21400, 0.03486
2.21500, -0.01450
2.21600, -0.05270
2.21700, -0.07525
2.21800, -0.07986
2.21900, -0.06877
2.22000, -0.04475
2.22100, -0.01056
2.22200, 0.03103
2.22300, 0.07724
2.22400, 0.12514
2.22500, 0.17105
2.22600, 0.21102
2.22700, 0.24114
2.22800, 0.25749
2.22900, 0.25612
2.23000, 0.23367
2.23100, 0.19371
2.23200, 0.14463
2.23300, 0.09487
2.23400, 0.05291
2.23500, 0.02719
2.23600, 0.02608
2.23700, 0.05165
2.23800, 0.09662
2.23900, 0.15291
2.24000, 0.21246
2.24100, 0.26719
2.24200, 0.30903
2.24300, 0.33158
2.24400, 0.33419
2.24500, 0.31747
2.24600, 0.28202
2.24700, 0.22843
2.24800, 0.15733
2.24900, 0.06978
2.25000, -0.02890
2.25100, -0.13128
2.25200, -0.22985
2.25300, -0.31715
2.25400, -0.38571
2.25500, -0.42820
2.25600, -0.44234
2.25700, -0.43146
2.25800, -0.39924
2.25900, -0.34933
2.26000, -0.28538
2.26100, -0.21106
2.26200, -0.12958
2.26300, -0.04308
2.26400, 0.04652
2.26500, 0.13724
2.26600, 0.22715
2.26700, 0.31430
2.26800, 0.39661
2.26900, 0.47127
2.27000, 0.53515
2.27100, 0.58515
2.27200, 0.61816
2.27300, 0.63106
2.27400, 0.62094
2.27500, 0.58827
2.27600, 0.53643
2.27700, 0.46888
2.27800, 0.38910
2.27900, 0.30056
2.28000, 0.20673
2.28100, 0.11134
2.28200, 0.01858
2.28300, -0.06729
2.28400, -0.14203
2.28500, -0.20137
2.28600, -0.24107
2.28700, -0.25806
2.28800, -0.25450
2.28900, -0.23405
2.29000, -0.20033
2.29100, -0.15697
2.29200, -0.10762
2.29300, -0.05591
2.29400, -0.00561
2.29500, 0.03948
2.29600, 0.07553
2.29700, 0.09871
2.29800, 0.10521
2.29900, 0.09129
2.30000, 0.05735
2.30100, 0.00956
2.30200, -0.04542
2.30300, -0.10098
2.30400, -0.15048
2.30500, -0.18729
2.30600, -0.20641
2.30700, -0.20809
2.30800, -0.19363
2.30900, -0.16435
2.31000, -0.12156
2.31100, -0.06656
2.31200, -0.00106
2.31300, 0.07007
2.31400, 0.14045
2.31500, 0.20367
2.31600, 0.25333
2.31700, 0.28304
2.31800, 0.28663
2.31900, 0.26388
2.32000, 0.22091
2.32100, 0.16414
2.32200, 0.10001
2.32300, 0.03494
2.32400, -0.02466
2.32500, -0.07426
2.32600, -0.11386
2.32700, -0.14409
2.32800, -0.16559
2.32900, -0.17901
2.33000, -0.18497
2.33100, -0.18424
2.33200, -0.17818
2.33300, -0.16838
2.33400, -0.15643
2.33500, -0.14393
2.33600, -0.13246
2.33700, -0.12360
2.33800, -0.11844
2.33900, -0.11774
2.34000, -0.12222
2.34100, -0.13261
2.34200, -0.14964
2.34300, -0.17403
2.34400, -0.20518
2.34500, -0.24017
2.34600, -0.27586
2.34700, -0.30910
2.34800, -0.33673
2.34900, -0.35560
2.35000, -0.36300
2.35100, -0.35805
2.35200, -0.34032
2.35300, -0.30939
2.35400, -0.26484
2.35500, -0.20625
2.35600, -0.13358
2.35700, -0.05095
2.35800, 0.03502
2.35900, 0.11768
2.36000, 0.19037
2.36100, 0.24644
2.36200, 0.27934
2.36300, 0.28685
2.36400, 0.27247
2.36500, 0.24009
2.36600, 0.19360
2.36700, 0.13690
2.36800, 0.07387
2.36900, 0.00870
2.37000, -0.05358
2.37100, -0.10777
2.37200, -0.14868
2.37300, -0.17111
2.37400, -0.16986
2.37500, -0.14069
2.37600, -0.08641
2.37700, -0.01302
2.37800, 0.07346
2.37900, 0.16702
2.38000, 0.26164
2.38100, 0.35136
2.38200, 0.43145
2.38300, 0.49843
2.38400, 0.54885
2.38500, 0.57927
2.38600, 0.58625
2.38700, 0.56636
2.38800, 0.51917
2.38900, 0.45080
2.39000, 0.36830
2.39100, 0.27869
2.39200, 0.18900
2.39300, 0.10625
2.39400, 0.03671
2.39500, -0.01745
2.39600, -0.05541
2.39700, -0.07635
2.39800, -0.07947
2.39900, -0.06395
2.40000, -0.02924
2.40100, 0.02113
2.40200, 0.08059
2.40300, 0.14250
2.40400, 0.20019
2.40500, 0.24703
2.40600, 0.27641
2.40700, 0.28549
2.40800, 0.27763
2.40900, 0.25676
2.41000, 0.22681
2.41100, 0.19172
2.41200, 0.15542
2.41300, 0.12156
2.41400, 0.09270
2.41500, 0.07113
2.41600, 0.05915
2.41700, 0.05905
2.41800, 0.07312
2.41900, 0.10325
2.42000, 0.14729
2.42100, 0.20080
2.42200, 0.25933
2.42300, 0.31841
2.42400, 0.37359
2.42500, 0.42045
2.42600, 0.45631
2.42700, 0.48067
2.42800, 0.49312
2.42900, 0.49330
2.43000, 0.48082
2.43100, 0.45528
2.43200, 0.41706
2.43300, 0.36860
2.43400, 0.31271
2.43500, 0.25220
2.43600, 0.18989
2.43700, 0.12857
2.43800, 0.07090
2.43900, 0.01834
2.44000, -0.02813
2.44100, -0.06752
2.44200, -0.09887
2.44300, -0.12120
2.44400, -0.13362
2.44500, -0.13727
2.44600, -0.13513
2.44700, -0.13030
2.44800, -0.12584
2.44900, -0.12483
2.45000, -0.13034
2.45100, -0.14343
2.45200, -0.16102
2.45300, -0.17952
2.45400, -0.19536
2.45500, -0.20493
2.45600, -0.20466
2.45700, -0.19159
2.45800, -0.16601
2.45900, -0.12917
2.46000, -0.08234
2.46100, -0.02679
2.46200, 0.03624
2.46300, 0.10533
2.46400, 0.17732
2.46500, 0.24779
2.46600, 0.31227
2.46700, 0.36633
2.46800, 0.40549
2.46900, 0.42538
2.47000, 0.42508
2.47100, 0.40910
2.47200, 0.38239
2.47300, 0.34993
2.47400, 0.31667
2.47500, 0.28757
2.47600, 0.26645
2.47700, 0.25295
2.47800, 0.24577
2.47900, 0.24363
2.48000, 0.24523
2.48100, 0.24929
2.48200, 0.25446
2.48300, 0.25893
2.48400, 0.26060
2.48500, 0.25741
2.48600, 0.24728
2.48700, 0.22812
2.48800, 0.19795
2.48900, 0.15774
2.49000, 0.11189
2.49100, 0.06500
2.49200, 0.02168
2.49300, -0.01348
2.49400, -0.03588
2.49500, -0.04272
2.49600, -0.03589
2.49700, -0.01808
2.49800, 0.00805
2.49900, 0.03983
2.50000, 0.07460
2.50100, 0.10986
2.50200, 0.14440
2.50300, 0.17744
2.50400, 0.20824
2.50500, 0.23605
2.50600, 0.26010
2.50700, 0.27967
2.50800, 0.29427
2.50900, 0.30366
2.51000, 0.30761
2.51100, 0.30588
2.51200, 0.29824
2.51300, 0.28446
2.51400, 0.26491
2.51500, 0.24115
2.51600, 0.21488
2.51700, 0.18779
2.51800, 0.16158
2.51900, 0.13793
2.52000, 0.11835
2.52100, 0.10337
2.52200, 0.09331
2.52300, 0.08844
2.52400, 0.08904
2.52500, 0.09542
2.52600, 0.10773
2.52700, 0.12460
2.52800, 0.14368
2.52900, 0.16257
2.53000, 0.17887
2.53100, 0.19021
2.53200, 0.19422
2.53300, 0.19097
2.53400, 0.18400
2.53500, 0.17711
2.53600, 0.17413
2.53700, 0.17886
2.53800, 0.19512
2.53900, 0.22494
2.54000, 0.26444
2.54100, 0.30851
2.54200, 0.35201
2.54300, 0.38984
2.54400, 0.41686
2.54500, 0.42842
2.54600, 0.42377
2.54700, 0.40408
2.54800, 0.37055
2.54900, 0.32439
2.55000, 0.26678
2.55100, 0.19902
2.55200, 0.12491
2.55300, 0.05101
2.55400, -0.01596
2.55500, -0.06930
2.55600, -0.10230
2.55700, -0.10826
2.55800, -0.08387
2.55900, -0.03405
2.56000, 0.03502
2.56100, 0.11717
2.56200, 0.20621
2.56300, 0.29598
2.56400, 0.38060
2.56500, 0.45601
2.56600, 0.51881
2.56700, 0.56559
2.56800, 0.59297
2.56900, 0.59753
2.57000, 0.57615
2.57100, 0.53020
2.57200, 0.46477
2.57300, 0.38505
2.57400, 0.29627
2.57500, 0.20362
2.57600, 0.11231
2.57700, 0.02743
2.57800, -0.04611
2.57900, -0.10344
2.58000, -0.13966
2.58100, -0.14990
2.58200, -0.12927
2.58300, -0.07544
2.58400, 0.00298
2.58500, 0.09448
2.58600, 0.18751
2.58700, 0.27054
2.58800, 0.33205
2.58900, 0.36151
2.59000, 0.35976
2.59100, 0.33471
2.59200, 0.29437
2.59300, 0.24676
2.59400, 0.19991
2.59500, 0.16174
2.59600, 0.13639
2.59700, 0.12280
2.59800, 0.11956
2.59900, 0.12523
2.60000, 0.13841
2.60100, 0.15766
2.60200, 0.18118
2.60300, 0.20597
2.60400, 0.22877
2.60500, 0.24637
2.60600, 0.25551
2.60700, 0.25297
2.60800, 0.23600
2.60900, 0.20578
2.61000, 0.16528
2.61100, 0.11751
2.61200, 0.06546
2.61300, 0.01213
2.61400, -0.03956
2.61500, -0.08835
2.61600, -0.13472
2.61700, -0.17922
2.61800, -0.22239
2.61900, -0.26479
2.62000, -0.30696
2.62100, -0.34851
2.62200, -0.38689
2.62300, -0.41926
2.62400, -0.44276
2.62500, -0.45455
2.62600, -0.45177
2.62700, -0.43219
2.62800, -0.39685
2.62900, -0.34795
2.63000, -0.28768
2.63100, -0.21824
2.63200, -0.14182
2.63300, -0.06067
2.63400, 0.02192
2.63500, 0.10188
2.63600, 0.17513
2.63700, 0.23759
2.63800, 0.28515
2.63900, 0.31376
2.64000, 0.32218
2.64100, 0.31392
2.64200, 0.29297
2.64300, 0.26329
2.64400, 0.22889
2.64500, 0.19374
2.64600, 0.16116
2.64700, 0.13180
2.64800, 0.10566
2.64900, 0.08273
2.65000, 0.06300
2.65100, 0.04647
2.65200, 0.03304
2.65300, 0.02194
2.65400, 0.01194
2.65500, 0.00184
2.65600, -0.00960
2.65700, -0.02360
2.65800, -0.04131
2.65900, -0.06234
2.66000, -0.08419
2.66100, -0.10427
2.66200, -0.11995
2.66300, -0.12865
2.66400, -0.12774
2.66500, -0.11543
2.66600, -0.09233
2.66700, -0.05945
2.66800, -0.01781
2.66900, 0.03157
2.67000, 0.08767
2.67100, 0.14931
2.67200, 0.21434
2.67300, 0.28012
2.67400, 0.34404
2.67500, 0.40348
2.67600, 0.45581
2.67700, 0.49848
2.67800, 0.53002
2.67900, 0.55005
2.68000, 0.55825
2.68100, 0.55427
2.68200, 0.53780
2.68300, 0.50849
2.68400, 0.46701
2.68500, 0.41613
2.68600, 0.35889
2.68700, 0.29833
2.68800, 0.23749
2.68900, 0.17941
2.69000, 0.12691
2.69100, 0.08172
2.69200, 0.04522
2.69300, 0.01876
2.69400, 0.00373
2.69500, 0.00148
2.69600, 0.01321
2.69700, 0.03769
2.69800, 0.07190
2.69900, 0.11278
2.70000, 0.15727
2.70100, 0.20233
2.70200, 0.24489
2.70300, 0.28285
2.70400, 0.31555
2.70500, 0.34247
2.70600, 0.36308
2.70700, 0.37686
2.70800, 0.38330
2.70900, 0.38199
2.71000, 0.37295
2.71100, 0.35634
2.71200, 0.33228
2.71300, 0.30091
2.71400, 0.26237
2.71500, 0.21698
2.71600, 0.16690
2.71700, 0.11528
2.71800, 0.06529
2.71900, 0.02009
2.72000, -0.01715
2.72100, -0.04333
2.72200, -0.05754
2.72300, -0.06150
2.72400, -0.05706
2.72500, -0.04612
2.72600, -0.03053
2.72700, -0.01218
2.72800, 0.00714
2.72900, 0.02579
2.73000, 0.04219
2.73100, 0.05474
2.73200, 0.06184
2.73300, 0.06190
2.73400, 0.05374
2.73500, 0.03901
2.73600, 0.02050
2.73700, 0.00099
2.73800, -0.01673
2.73900, -0.02987
2.74000, -0.03575
2.74100, -0.03403
2.74200, -0.02644
2.74300, -0.01482
2.74400, -0.00098
2.74500, 0.01325
2.74600, 0.02604
2.74700, 0.03613
2.74800, 0.04334
2.74900, 0.04763
2.75000, 0.04895
2.75100, 0.04727
2.75200, 0.04254
2.75300, 0.03494
2.75400, 0.02569
2.75500, 0.01634
2.75600, 0.00842
2.75700, 0.00347
2.75800, 0.00304
2.75900, 0.00848
2.76000, 0.01890
2.76100, 0.03185
2.76200, 0.04487
2.76300, 0.05548
2.76400, 0.06120
2.76500, 0.05959
2.76600, 0.04990
2.76700, 0.03389
2.76800, 0.01356
2.76900, -0.00911
2.77000, -0.03214
2.77100, -0.05354
2.77200, -0.07171
2.77300, -0.08637
2.77400, -0.09751
2.77500, -0.10513
2.77600, -0.10924
2.77700, -0.10983
2.77800, -0.10700
2.77900, -0.10182
2.78000, -0.09579
2.78100, -0.09046
2.78200, -0.08734
2.78300, -0.08799
2.78400, -0.09385
2.78500, -0.10460
2.78600, -0.11787
2.78700, -0.13118
2.78800, -0.14204
2.78900, -0.14798
2.79000, -0.14651
2.79100, -0.13654
2.79200, -0.12045
2.79300, -0.10118
2.79400, -0.08165
2.79500, -0.06480
2.79600, -0.05355
2.79700, -0.05038
2.79800, -0.05487
2.79900, -0.06553
2.80000, -0.08083
2.80100, -0.09929
2.80200, -0.11939
2.80300, -0.13965
2.80400, -0.15882
2.80500, -0.17590
2.80600, -0.18988
2.80700, -0.19976
2.80800, -0.20452
2.80900, -0.20317
2.81000, -0.19534
2.81100, -0.18190
2.81200, -0.16380
2.81300, -0.14204
2.81400, -0.11758
2.81500, -0.09142
2.81600, -0.06469
2.81700, -0.03930
2.81800, -0.01732
2.81900, -0.00087
2.82000, 0.00796
2.82100, 0.00708
2.82200, -0.00535
2.82300, -0.02795
2.82400, -0.05731
2.82500, -0.08998
2.82600, -0.12250
2.82700, -0.15143
2.82800, -0.17335
2.82900, -0.18651
2.83000, -0.19152
2.83100, -0.18916
2.83200, -0.18023
2.83300, -0.16550
2.83400, -0.14575
2.83500, -0.12187
2.83600, -0.09502
2.83700, -0.06642
2.83800, -0.03730
2.83900, -0.00888
2.84000, 0.01762
2.84100, 0.04108
2.84200, 0.06129
2.84300, 0.07846
2.84400, 0.09281
2.84500, 0.10456
2.84600, 0.11393
2.84700, 0.12111
2.84800, 0.12573
2.84900, 0.12679
2.85000, 0.12330
2.85100, 0.11423
2.85200, 0.09856
2.85300, 0.07530
2.85400, 0.04461
2.85500, 0.00946
2.85600, -0.02674
2.85700, -0.06063
2.85800, -0.08882
2.85900, -0.10792
2.86000, -0.11517
2.86100, -0.11136
2.86200, -0.09853
2.86300, -0.07875
2.86400, -0.05406
2.86500, -0.02651
2.86600, 0.00187
2.86700, 0.02929
2.86800, 0.05421
2.86900, 0.07508
2.87000, 0.09035
2.87100, 0.09846
2.87200, 0.09787
2.87300, 0.08806
2.87400, 0.07027
2.87500, 0.04593
2.87600, 0.01646
2.87700, -0.01671
2.87800, -0.05216
2.87900, -0.08826
2.88000, -0.12255
2.88100, -0.15235
2.88200, -0.17499
2.88300, -0.18779
2.88400, -0.18808
2.88500, -0.17352
2.88600, -0.14537
2.88700, -0.10710
2.88800, -0.06217
2.88900, -0.01407
2.89000, 0.03373
2.89100, 0.07777
2.89200, 0.11579
2.89300, 0.14709
2.89400, 0.17107
2.89500, 0.18715
2.89600, 0.19472
2.89700, 0.19320
2.89800, 0.18280
2.89900, 0.16619
2.90000, 0.14649
2.90100, 0.12682
2.90200, 0.11029
2.90300, 0.10004
2.90400, 0.09864
2.90500, 0.10466
2.90600, 0.11488
2.90700, 0.12605
2.90800, 0.13494
2.90900, 0.13831
2.91000, 0.13301
2.91100, 0.11825
2.91200, 0.09557
2.91300, 0.06663
2.91400, 0.03307
2.91500, -0.00347
2.91600, -0.04133
2.91700, -0.07848
2.91800, -0.11201
2.91900, -0.13888
2.92000, -0.15608
2.92100, -0.16056
2.92200, -0.14932
2.92300, -0.12031
2.92400, -0.07688
2.92500, -0.02413
2.92600, 0.03283
2.92700, 0.08889
2.92800, 0.13896
2.92900, 0.17809
2.93000, 0.20394
2.93100, 0.21612
2.93200, 0.21426
2.93300, 0.19803
2.93400, 0.16706
2.93500, 0.12104
2.93600, 0.06225
2.93700, -0.00274
2.93800, -0.06695
2.93900, -0.12343
2.94000, -0.16521
2.94100, -0.18530
2.94200, -0.17887
2.94300, -0.14916
2.94400, -0.10139
2.94500, -0.04078
2.94600, 0.02745
2.94700, 0.09809
2.94800, 0.16602
2.94900, 0.22723
2.95000, 0.27831
2.95100, 0.31588
2.95200, 0.33654
2.95300, 0.33690
2.95400, 0.31367
2.95500, 0.26761
2.95600, 0.20443
2.95700, 0.13020
2.95800, 0.05095
2.95900, -0.02726
2.96000, -0.09840
2.96100, -0.15758
2.96200, -0.20317
2.96300, -0.23411
2.96400, -0.24936
2.96500, -0.24784
2.96600, -0.22851
2.96700, -0.19097
2.96800, -0.13946
2.96900, -0.08014
2.97000, -0.01920
2.97100, 0.03719
2.97200, 0.08284
2.97300, 0.11183
2.97400, 0.12329
2.97500, 0.12112
2.97600, 0.10942
2.97700, 0.09227
2.97800, 0.07376
2.97900, 0.05798
2.98000, 0.04759
2.98100, 0.04233
2.98200, 0.04159
2.98300, 0.04477
2.98400, 0.05123
2.98500, 0.06038
2.98600, 0.07151
2.98700, 0.08356
2.98800, 0.09538
2.98900, 0.10578
2.99000, 0.11359
2.99100, 0.11764
2.99200, 0.11690
2.99300, 0.11217
2.99400, 0.10552
2.99500, 0.09907
2.99600, 0.09496
2.99700, 0.09528
2.99800, 0.10214
2.99900, 0.11598
3.00000, 0.13474
3.00100, 0.15613
3.00200, 0.17785
3.00300, 0.19763
3.00400, 0.21316
3.00500, 0.22288
3.00600, 0.22778
3.00700, 0.22945
3.00800, 0.22947
3.00900, 0.22940
3.01000, 0.23083
3.01100, 0.23514
3.01200, 0.24199
3.01300, 0.25007
3.01400, 0.25811
3.01500, 0.26482
3.01600, 0.26889
3.01700, 0.26906
3.01800, 0.26461
3.01900, 0.25543
3.02000, 0.24148
3.02100, 0.22269
3.02200, 0.19902
3.02300, 0.17040
3.02400, 0.13729
3.02500, 0.10143
3.02600, 0.06481
3.02700, 0.02938
3.02800, -0.00289
3.02900, -0.03002
3.03000, -0.05027
3.03100, -0.06317
3.03200, -0.06882
3.03300, -0.06729
3.03400, -0.05865
3.03500, -0.04299
3.03600, -0.02042
3.03700, 0.00839
3.03800, 0.04225
3.03900, 0.07997
3.04000, 0.12034
3.04100, 0.16216
3.04200, 0.20424
3.04300, 0.24543
3.04400, 0.28467
3.04500, 0.32092
3.04600, 0.35315
3.04700, 0.38031
3.04800, 0.40136
3.04900, 0.41539
3.05000, 0.42213
3.05100, 0.42148
3.05200, 0.41333
3.05300, 0.39760
3.05400, 0.37417
3.05500, 0.34300
3.05600, 0.30466
3.05700, 0.26012
3.05800, 0.21037
3.05900, 0.15638
3.06000, 0.09915
3.06100, 0.03965
3.06200, -0.02069
3.06300, -0.07983
3.06400, -0.13569
3.06500, -0.18619
3.06600, -0.22922
3.06700, -0.26271
3.06800, -0.28503
3.06900, -0.29608
3.07000, -0.29610
3.07100, -0.28530
3.07200, -0.26391
3.07300, -0.23216
3.07400, -0.19048
3.07500, -0.14102
3.07600, -0.08676
3.07700, -0.03072
3.07800, 0.02410
3.07900, 0.07470
3.08000, 0.11813
3.08100, 0.15300
3.08200, 0.17963
3.08300, 0.19843
3.08400, 0.20980
3.08500, 0.21415
3.08600, 0.21188
3.08700, 0.20377
3.08800, 0.19153
3.08900, 0.17699
3.09000, 0.16199
3.09100, 0.14835
3.09200, 0.13793
3.09300, 0.13226
3.09400, 0.13106
3.09500, 0.13342
3.09600, 0.13842
3.09700, 0.14513
3.09800, 0.15263
3.09900, 0.15999
3.10000, 0.16633
3.10100, 0.17076
3.10200, 0.17241
3.10300, 0.17042
3.10400, 0.16391
3.10500, 0.15201
3.10600, 0.13456
3.10700, 0.11264
3.10800, 0.08749
3.10900, 0.06033
3.11000, 0.03239
3.11100, 0.00490
3.11200, -0.02096
3.11300, -0.04417
3.11400, -0.06375
3.11500, -0.07875
3.11600, -0.08818
3.11700, -0.09109
3.11800, -0.08662
3.11900, -0.07535
3.12000, -0.05873
3.12100, -0.03822
3.12200, -0.01529
3.12300, 0.00860
3.12400, 0.03200
3.12500, 0.05458
3.12600, 0.07746
3.12700, 0.10191
3.12800, 0.12915
3.12900, 0.16045
3.13000, 0.19705
3.13100, 0.23937
3.13200, 0.28531
3.13300, 0.33223
3.13400, 0.37754
3.13500, 0.41862
3.13600, 0.45285
3.13700, 0.47779
3.13800, 0.49245
3.13900, 0.49646
3.14000, 0.48948
3.14100, 0.47115
3.14200, 0.44112
3.14300, 0.39912
3.14400, 0.34650
3.14500, 0.28626
3.14600, 0.22152
3.14700, 0.15538
3.14800, 0.09094
3.14900, 0.03129
3.15000, -0.02100
3.15100, -0.06462
3.15200, -0.09842
3.15300, -0.12126
3.15400, -0.13199
3.15500, -0.12947
3.15600, -0.11317
3.15700, -0.08597
3.15800, -0.05189
3.15900, -0.01497
3.16000, 0.02074
3.16100, 0.05120
3.16200, 0.07259
3.16300, 0.08420
3.16400, 0.08779
3.16500, 0.08516
3.16600, 0.07811
3.16700, 0.06847
3.16800, 0.05803
3.16900, 0.04877
3.17000, 0.04292
3.17100, 0.04276
3.17200, 0.05055
3.17300, 0.06854
3.17400, 0.09902
3.17500, 0.14296
3.17600, 0.19624
3.17700, 0.25344
3.17800, 0.30915
3.17900, 0.35797
3.18000, 0.39450
3.18100, 0.41372
3.18200, 0.41479
3.18300, 0.39929
3.18400, 0.36884
3.18500, 0.32506
3.18600, 0.26956
3.18700, 0.20398
3.18800, 0.13073
3.18900, 0.05326
3.19000, -0.02494
3.19100, -0.10037
3.19200, -0.16953
3.19300, -0.22893
3.19400, -0.27588
3.19500, -0.31008
3.19600, -0.33168
3.19700, -0.34080
3.19800, -0.33759
3.19900, -0.32216
3.20000, -0.29495
3.20100, -0.25847
3.20200, -0.21612
3.20300, -0.17134
3.20400, -0.12753
3.20500, -0.08812
3.20600, -0.05641
3.20700, -0.03307
3.20800, -0.01623
3.20900, -0.00390
3.21000, 0.00588
3.21100, 0.01509
3.21200, 0.02571
3.21300, 0.03874
3.21400, 0.05316
3.21500, 0.06766
3.21600, 0.08094
3.21700, 0.09170
3.21800, 0.09864
3.21900, 0.10081
3.22000, 0.09904
3.22100, 0.09474
3.22200, 0.08930
3.22300, 0.08414
3.22400, 0.08065
3.22500, 0.08019
3.22600, 0.08318
3.22700, 0.08944
3.22800, 0.09874
3.22900, 0.11085
3.23000, 0.12556
3.23100, 0.14264
3.23200, 0.16107
3.23300, 0.17864
3.23400, 0.19300
3.23500, 0.20180
3.23600, 0.20271
3.23700, 0.19339
3.23800, 0.17240
3.23900, 0.14172
3.24000, 0.10410
3.24100, 0.06231
3.24200, 0.01910
3.24300, -0.02278
3.24400, -0.06073
3.24500, -0.09388
3.24600, -0.12224
3.24700, -0.14588
3.24800, -0.16482
3.24900, -0.17912
3.25000, -0.18883
3.25100, -0.19430
3.25200, -0.19629
3.25300, -0.19556
3.25400, -0.19287
3.25500, -0.18898
3.25600, -0.18465
3.25700, -0.18027
3.25800, -0.17519
3.25900, -0.16860
3.26000, -0.15966
3.26100, -0.14756
3.26200, -0.13149
3.26300, -0.11067
3.26400, -0.08474
3.26500, -0.05348
3.26600, -0.01668
3.26700, 0.02588
3.26800, 0.07441
3.26900, 0.12902
3.27000, 0.18772
3.27100, 0.24664
3.27200, 0.30182
3.27300, 0.34930
3.27400, 0.38514
3.27500, 0.40540
3.27600, 0.40808
3.27700, 0.39513
3.27800, 0.36893
3.27900, 0.33188
3.28000, 0.28638
3.28100, 0.23483
3.28200, 0.17978
3.28300, 0.12447
3.28400, 0.07238
3.28500, 0.02698
3.28600, -0.00827
3.28700, -0.02988
3.28800, -0.03466
3.28900, -0.02284
3.29000, 0.00301
3.29100, 0.04027
3.29200, 0.08632
3.29300, 0.13854
3.29400, 0.19431
3.29500, 0.25086
3.29600, 0.30520
3.29700, 0.35434
3.29800, 0.39526
3.29900, 0.42496
3.30000, 0.44045
3.30100, 0.43966
3.30200, 0.42377
3.30300, 0.39466
3.30400, 0.35423
3.30500, 0.30436
3.30600, 0.24694
3.30700, 0.18397
3.30800, 0.11856
3.30900, 0.05433
3.31000, -0.00504
3.31100, -0.05593
3.31200, -0.09467
3.31300, -0.11773
3.31400, -0.12468
3.31500, -0.11861
3.31600, -0.10280
3.31700, -0.08055
3.31800, -0.05514
3.31900, -0.02985
3.32000, -0.00737
3.32100, 0.01107
3.32200, 0.02451
3.32300, 0.03196
3.32400, 0.03244
3.32500, 0.02498
3.32600, 0.00912
3.32700, -0.01236
3.32800, -0.03544
3.32900, -0.05612
3.33000, -0.07037
3.33100, -0.07419
3.33200, -0.06378
3.33300, -0.03933
3.33400, -0.00444
3.33500, 0.03721
3.33600, 0.08190
3.33700, 0.12594
3.33800, 0.16564
3.33900, 0.19817
3.34000, 0.22229
3.34100, 0.23694
3.34200, 0.24109
3.34300, 0.23368
3.34400, 0.21365
3.34500, 0.18068
3.34600, 0.13769
3.34700, 0.08848
3.34800, 0.03686
3.34900, -0.01335
3.35000, -0.05836
3.35100, -0.09453
3.35200, -0.12049
3.35300, -0.13628
3.35400, -0.14199
3.35500, -0.13769
3.35600, -0.12347
3.35700, -0.09939
3.35800, -0.06602
3.35900, -0.02452
3.36000, 0.02389
3.36100, 0.07797
3.36200, 0.13651
3.36300, 0.19827
3.36400, 0.26162
3.36500, 0.32362
3.36600, 0.38105
3.36700, 0.43068
3.36800, 0.46931
3.36900, 0.49371
3.37000, 0.50110
3.37100, 0.49208
3.37200, 0.46890
3.37300, 0.43381
3.37400, 0.38906
3.37500, 0.33692
3.37600, 0.27965
3.37700, 0.21955
3.37800, 0.15902
3.37900, 0.10044
3.38000, 0.04620
3.38100, -0.00132
3.38200, -0.03973
3.38300, -0.06728
3.38400, -0.08373
3.38500, -0.08903
3.38600, -0.08315
3.38700, -0.06607
3.38800, -0.03774
3.38900, 0.00137
3.39000, 0.04793
3.39100, 0.09760
3.39200, 0.14605
3.39300, 0.18892
3.39400, 0.22188
3.39500, 0.24080
3.39600, 0.24510
3.39700, 0.23699
3.39800, 0.21879
3.39900, 0.19282
3.40000, 0.16140
3.40100, 0.12683
3.40200, 0.09145
3.40300, 0.05762
3.40400, 0.02772
3.40500, 0.00412
3.40600, -0.01082
3.40700, -0.01471
3.40800, -0.00615
3.40900, 0.01228
3.41000, 0.03698
3.41100, 0.06435
3.41200, 0.09078
3.41300, 0.11267
3.41400, 0.12667
3.41500, 0.13222
3.41600, 0.13039
3.41700, 0.12233
3.41800, 0.10914
3.41900, 0.09196
3.42000, 0.07190
3.42100, 0.05020
3.42200, 0.02825
3.42300, 0.00744
3.42400, -0.01084
3.42500, -0.02519
3.42600, -0.03423
3.42700, -0.03702
3.42800, -0.03408
3.42900, -0.02620
3.43000, -0.01415
3.43100, 0.00128
3.43200, 0.01932
3.43300, 0.03913
3.43400, 0.05945
3.43500, 0.07880
3.43600, 0.09575
3.43700, 0.10881
3.43800, 0.11655
3.43900, 0.11754
3.44000, 0.11165
3.44100, 0.09996
3.44200, 0.08365
3.44300, 0.06385
3.44400, 0.04174
3.44500, 0.01846
3.44600, -0.00450
3.44700, -0.02494
3.44800, -0.04056
3.44900, -0.04907
3.45000, -0.04815
3.45100, -0.03552
3.45200, -0.00959
3.45300, 0.02738
3.45400, 0.07187
3.45500, 0.12035
3.45600, 0.16932
3.45700, 0.21523
3.45800, 0.25467
3.45900, 0.28560
3.46000, 0.30704
3.46100, 0.31805
3.46200, 0.31768
3.46300, 0.30496
3.46400, 0.27898
3.46500, 0.24062
3.46600, 0.19373
3.46700, 0.14247
3.46800, 0.09097
3.46900, 0.04338
3.47000, 0.00385
3.47100, -0.02440
3.47200, -0.04157
3.47300, -0.04871
3.47400, -0.04688
3.47500, -0.03714
3.47600, -0.02053
3.47700, 0.00182
3.47800, 0.02810
3.47900, 0.05610
3.48000, 0.08363
3.48100, 0.10847
3.48200, 0.12841
3.48300, 0.14131
3.48400, 0.14707
3.48500, 0.14812
3.48600, 0.14706
3.48700, 0.14649
3.48800, 0.14901
3.48900, 0.15722
3.49000, 0.17279
3.49100, 0.19481
3.49200, 0.22193
3.49300, 0.25279
3.49400, 0.28602
3.49500, 0.32028
3.49600, 0.35409
3.49700, 0.38515
3.49800, 0.41085
3.49900, 0.42855
3.50000, 0.43564
3.50100, 0.42947
3.50200, 0.40759
3.50300, 0.37062
3.50400, 0.32213
3.50500, 0.26578
3.50600, 0.20526
3.50700, 0.14423
3.50800, 0.08636
3.50900, 0.03470
3.51000, -0.00899
3.51100, -0.04314
3.51200, -0.06615
3.51300, -0.07644
3.51400, -0.07240
3.51500, -0.05322
3.51600, -0.02184
3.51700, 0.01763
3.51800, 0.06106
3.51900, 0.10434
3.52000, 0.14336
3.52100, 0.17421
3.52200, 0.19569
3.52300, 0.20850
3.52400, 0.21343
3.52500, 0.21122
3.52600, 0.20263
3.52700, 0.18845
3.52800, 0.17023
3.52900, 0.15076
3.53000, 0.13294
3.53100, 0.11966
3.53200, 0.11383
3.53300, 0.11833
3.53400, 0.13476
3.53500, 0.16002
3.53600, 0.18995
3.53700, 0.22042
3.53800, 0.24727
3.53900, 0.26635
3.54000, 0.27386
3.54100, 0.26909
3.54200, 0.25298
3.54300, 0.22648
3.54400, 0.19055
3.54500, 0.14613
3.54600, 0.09423
3.54700, 0.03718
3.54800, -0.02114
3.54900, -0.07674
3.55000, -0.12567
3.55100, -0.16393
3.55200, -0.18756
3.55300, -0.19413
3.55400, -0.18527
3.55500, -0.16328
3.55600, -0.13045
3.55700, -0.08906
3.55800, -0.04140
3.55900, 0.01021
3.56000, 0.06328
3.56100, 0.11526
3.56200, 0.16358
3.56300, 0.20571
3.56400, 0.23907
3.56500, 0.26122
3.56600, 0.27131
3.56700, 0.26998
3.56800, 0.25790
3.56900, 0.23575
3.57000, 0.20420
3.57100, 0.16395
3.57200, 0.11684
3.57300, 0.06703
3.57400, 0.01892
3.57500, -0.02309
3.57600, -0.05459
3.57700, -0.07119
3.57800, -0.06951
3.57900, -0.05099
3.58000, -0.01844
3.58100, 0.02531
3.58200, 0.07745
3.58300, 0.13517
3.58400, 0.19565
3.58500, 0.25616
3.58600, 0.31399
3.58700, 0.36643
3.58800, 0.41080
3.58900, 0.44439
3.59000, 0.46454
3.59100, 0.47030
3.59200, 0.46327
3.59300, 0.44522
3.59400, 0.41794
3.59500, 0.38320
3.59600, 0.34279
3.59700, 0.29861
3.59800, 0.25298
3.59900, 0.20830
3.60000, 0.16699
3.60100, 0.13144
3.60200, 0.10405
3.60300, 0.08686
3.60400, 0.07871
3.60500, 0.07685
3.60600, 0.07853
3.60700, 0.08102
3.60800, 0.08154
3.60900, 0.07742
3.61000, 0.06784
3.61100, 0.05401
3.61200, 0.03724
3.61300, 0.01885
3.61400, 0.00016
3.61500, -0.01751
3.61600, -0.03302
3.61700, -0.04563
3.61800, -0.05468
3.61900, -0.05950
3.62000, -0.05942
3.62100, -0.05376
3.62200, -0.04208
3.62300, -0.02517
3.62400, -0.00429
3.62500, 0.01929
3.62600, 0.04432
3.62700, 0.06952
3.62800, 0.09366
3.62900, 0.11555
3.63000, 0.13412
3.63100, 0.14828
3.63200, 0.15695
3.63300, 0.15906
3.63400, 0.15352
3.63500, 0.14027
3.63600, 0.12106
3.63700, 0.09786
3.63800, 0.07260
3.63900, 0.04724
3.64000, 0.02373
3.64100, 0.00373
3.64200, -0.01232
3.64300, -0.02431
3.64400, -0.03213
3.64500, -0.03568
3.64600, -0.03485
3.64700, -0.02963
3.64800, -0.02120
3.64900, -0.01149
3.65000, -0.00241
3.65100, 0.00410
3.65200, 0.00611
3.65300, 0.00174
3.65400, -0.00946
3.65500, -0.02595
3.65600, -0.04604
3.65700, -0.06804
3.65800, -0.09028
3.65900, -0.11107
3.66000, -0.12903
3.66100, -0.14379
3.66200, -0.15514
3.66300, -0.16290
3.66400, -0.16685
3.66500, -0.16681
3.66600, -0.16273
3.66700, -0.15564
3.66800, -0.14711
3.66900, -0.13869
3.67000, -0.13194
3.67100, -0.12842
3.67200, -0.12963
3.67300, -0.13563
3.67400, -0.14500
3.67500, -0.15626
3.67600, -0.16792
3.67700, -0.17848
3.67800, -0.18648
3.67900, -0.19090
3.68000, -0.19190
3.68100, -0.18976
3.68200, -0.18477
3.68300, -0.17723
3.68400, -0.16744
3.68500, -0.15573
3.68600, -0.14278
3.68700, -0.12935
3.68800, -0.11621
3.68900, -0.10415
3.69000, -0.09392
3.69100, -0.08624
3.69200, -0.08109
3.69300, -0.07783
3.69400, -0.07581
3.69500, -0.07439
3.69600, -0.07293
3.69700, -0.07078
3.69800, -0.06735
3.69900, -0.06218
3.70000, -0.05480
3.70100, -0.04473
3.70200, -0.03151
3.70300, -0.01467
3.70400, 0.00590
3.70500, 0.02896
3.70600, 0.05289
3.70700, 0.07610
3.70800, 0.09697
3.70900, 0.11392
3.71000, 0.12547
3.71100, 0.13168
3.71200, 0.13348
3.71300, 0.13180
3.71400, 0.12759
3.71500, 0.12178
3.71600, 0.11531
3.71700, 0.10897
3.71800, 0.10334
3.71900, 0.09900
3.72000, 0.09653
3.72100, 0.09650
3.72200, 0.09949
3.72300, 0.10594
3.72400, 0.11586
3.72500, 0.12918
3.72600, 0.14586
3.72700, 0.16581
3.72800, 0.18899
3.72900, 0.21514
3.73000, 0.24270
3.73100, 0.26951
3.73200, 0.29342
3.73300, 0.31229
3.73400, 0.32396
3.73500, 0.32635
3.73600, 0.31913
3.73700, 0.30360
3.73800, 0.28114
3.73900, 0.25315
3.74000, 0.22100
3.74100, 0.18609
3.74200, 0.14959
3.74300, 0.11227
3.74400, 0.07484
3.74500, 0.03802
3.74600, 0.00251
3.74700, -0.03097
3.74800, -0.06164
3.74900, -0.08839
3.75000, -0.10998
3.75100, -0.12517
3.75200, -0.13274
3.75300, -0.13145
3.75400, -0.12021
3.75500, -0.09996
3.75600, -0.07313
3.75700, -0.04218
3.75800, -0.00956
3.75900, 0.02227
3.76000, 0.05087
3.76100, 0.07467
3.76200, 0.09348
3.76300, 0.10725
3.76400, 0.11594
3.76500, 0.11949
3.76600, 0.11786
3.76700, 0.11122
3.76800, 0.10067
3.76900, 0.08751
3.77000, 0.07304
3.77100, 0.05856
3.77200, 0.04537
3.77300, 0.03474
3.77400, 0.02761
3.77500, 0.02475
3.77600, 0.02694
3.77700, 0.03494
3.77800, 0.04953
3.77900, 0.07144
3.78000, 0.10015
3.78100, 0.13365
3.78200, 0.16983
3.78300, 0.20658
3.78400, 0.24181
3.78500, 0.27341
3.78600, 0.29965
3.78700, 0.31982
3.78800, 0.33336
3.78900, 0.33974
3.79000, 0.33841
3.79100, 0.32882
3.79200, 0.31064
3.79300, 0.28486
3.79400, 0.25304
3.79500, 0.21673
3.79600, 0.17748
3.79700, 0.13684
3.79800, 0.09636
3.79900, 0.05739
3.80000, 0.02108
3.80100, -0.01139
3.80200, -0.03885
3.80300, -0.06016
3.80400, -0.07414
3.80500, -0.08037
3.80600, -0.07987
3.80700, -0.07384
3.80800, -0.06348
3.80900, -0.04999
3.81000, -0.03458
3.81100, -0.01839
3.81200, -0.00241
3.81300, 0.01245
3.81400, 0.02527
3.81500, 0.03514
3.81600, 0.04114
3.81700, 0.04246
3.81800, 0.03976
3.81900, 0.03472
3.82000, 0.02900
3.82100, 0.02429
3.82200, 0.02227
3.82300, 0.02460
3.82400, 0.03147
3.82500, 0.04090
3.82600, 0.05072
3.82700, 0.05876
3.82800, 0.06285
3.82900, 0.06084
3.83000, 0.05135
3.83100, 0.03576
3.83200, 0.01605
3.83300, -0.00581
3.83400, -0.02783
3.83500, -0.04805
3.83600, -0.06460
3.83700, -0.07675
3.83800, -0.08431
3.83900, -0.08711
3.84000, -0.08497
3.84100, -0.07772
3.84200, -0.06520
3.84300, -0.04771
3.84400, -0.02608
3.84500, -0.00117
3.84600, 0.02617
3.84700, 0.05506
3.84800, 0.08467
3.84900, 0.11436
3.85000, 0.14411
3.85100, 0.17399
3.85200, 0.20408
3.85300, 0.23444
3.85400, 0.26514
3.85500, 0.29607
3.85600, 0.32597
3.85700, 0.35313
3.85800, 0.37587
3.85900, 0.39247
3.86000, 0.40124
3.86100, 0.40054
3.86200, 0.38980
3.86300, 0.36933
3.86400, 0.33948
3.86500, 0.30062
3.86600, 0.25310
3.86700, 0.19728
3.86800, 0.13452
3.86900, 0.06810
3.87000, 0.00148
3.87100, -0.06187
3.87200, -0.11847
3.87300, -0.16486
3.87400, -0.19825
3.87500, -0.21882
3.87600, -0.22762
3.87700, -0.22568
3.87800, -0.21404
3.87900, -0.19373
3.88000, -0.16587
3.88100, -0.13272
3.88200, -0.09723
3.88300, -0.06239
3.88400, -0.03116
3.88500, -0.00653
3.88600, 0.00858
3.88700, 0.01357
3.88800, 0.01112
3.88900, 0.00414
3.89000, -0.00443
3.89100, -0.01169
3.89200, -0.01469
3.89300, -0.01143
3.89400, -0.00274
3.89500, 0.00994
3.89600, 0.02519
3.89700, 0.04158
3.89800, 0.05767
3.89900, 0.07211
3.90000, 0.08421
3.90100, 0.09357
3.90200, 0.09980
3.90300, 0.10252
3.90400, 0.10132
3.90500, 0.09585
3.90600, 0.08624
3.90700, 0.07318
3.90800, 0.05739
3.90900, 0.03957
3.91000, 0.02044
3.91100, 0.00072
3.91200, -0.01888
3.91300, -0.03763
3.91400, -0.05482
3.91500, -0.06973
3.91600, -0.08163
3.91700, -0.08979
3.91800, -0.09363
3.91900, -0.09330
3.92000, -0.08921
3.92100, -0.08178
3.92200, -0.07143
3.92300, -0.05857
3.92400, -0.04364
3.92500, -0.02731
3.92600, -0.01045
3.92700, 0.00606
3.92800, 0.02134
3.92900, 0.03452
3.93000, 0.04473
3.93100, 0.05165
3.93200, 0.05591
3.93300, 0.05825
3.93400, 0.05940
3.93500, 0.06010
3.93600, 0.06110
3.93700, 0.06310
3.93800, 0.06679
3.93900, 0.07283
3.94000, 0.08188
3.94100, 0.09462
3.94200, 0.11170
3.94300, 0.13363
3.94400, 0.15937
3.94500, 0.18689
3.94600, 0.21417
3.94700, 0.23919
3.94800, 0.25992
3.94900, 0.27436
3.95000, 0.28179
3.95100, 0.28317
3.95200, 0.27955
3.95300, 0.27200
3.95400, 0.26159
3.95500, 0.24938
3.95600, 0.23662
3.95700, 0.22506
3.95800, 0.21656
3.95900, 0.21299
3.96000, 0.21619
3.96100, 0.22804
3.96200, 0.25001
3.96300, 0.28079
3.96400, 0.31779
3.96500, 0.35844
3.96600, 0.40015
3.96700, 0.44033
3.96800, 0.47645
3.96900, 0.50690
3.97000, 0.53101
3.97100, 0.54815
3.97200, 0.55769
3.97300, 0.55902
3.97400, 0.55150
3.97500, 0.53497
3.97600, 0.51029
3.97700, 0.47846
3.97800, 0.44047
3.97900, 0.39732
3.98000, 0.35000
3.98100, 0.29971
3.98200, 0.24867
3.98300, 0.19942
3.98400, 0.15454
3.98500, 0.11657
3.98600, 0.08809
3.98700, 0.07143
3.98800, 0.06592
3.98900, 0.06856
3.99000, 0.07632
3.99100, 0.08615
3.99200, 0.09503
3.99300, 0.09993
3.99400, 0.09891
3.99500, 0.09184
3.99600, 0.07876
3.99700, 0.05971
3.99800, 0.03473
3.99900, 0.00385
4.00000, -0.03256
4.00100, -0.07282
4.00200, -0.11497
4.00300, -0.15700
4.00400, -0.19696
4.00500, -0.23285
4.00600, -0.26280
4.00700, -0.28598
4.00800, -0.30215
4.00900, -0.31107
4.01000, -0.31250
4.01100, -0.30622
4.01200, -0.29201
4.01300, -0.27042
4.01400, -0.24294
4.01500, -0.21112
4.01600, -0.17654
4.01700, -0.14073
4.01800, -0.10525
4.01900, -0.07150
4.02000, -0.04040
4.02100, -0.01278
4.02200, 0.01050
4.02300, 0.02861
4.02400, 0.04070
4.02500, 0.04618
4.02600, 0.04608
4.02700, 0.04213
4.02800, 0.03609
4.02900, 0.02967
4.03000, 0.02463
4.03100, 0.02265
4.03200, 0.02447
4.03300, 0.02993
4.03400, 0.03885
4.03500, 0.05103
4.03600, 0.06628
4.03700, 0.08441
4.03800, 0.10485
4.03900, 0.12627
4.04000, 0.14724
4.04100, 0.16633
4.04200, 0.18212
4.04300, 0.19318
4.04400, 0.19839
4.04500, 0.19817
4.04600, 0.19342
4.04700, 0.18503
4.04800, 0.17390
4.04900, 0.16092
4.05000, 0.14700
4.05100, 0.13312
4.05200, 0.12030
4.05300, 0.10957
4.05400, 0.10196
4.05500, 0.09850
4.05600, 0.10021
4.05700, 0.10739
4.05800, 0.11921
4.05900, 0.13475
4.06000, 0.15310
4.06100, 0.17333
4.06200, 0.19452
4.06300, 0.21592
4.06400, 0.23731
4.06500, 0.25861
4.06600, 0.27973
4.06700, 0.30058
4.06800, 0.32110
4.06900, 0.34105
4.07000, 0.35912
4.07100, 0.37339
4.07200, 0.38192
4.07300, 0.38279
4.07400, 0.37406
4.07500, 0.35388
4.07600, 0.32225
4.07700, 0.28139
4.07800, 0.23363
4.07900, 0.18132
4.08000, 0.12678
4.08100, 0.07235
4.08200, 0.01999
4.08300, -0.02936
4.08400, -0.07494
4.08500, -0.11597
4.08600, -0.15166
4.08700, -0.18125
4.08800, -0.20407
4.08900, -0.22027
4.09000, -0.23025
4.09100, -0.23447
4.09200, -0.23335
4.09300, -0.22733
4.09400, -0.21681
4.09500, -0.20172
4.09600, -0.18159
4.09700, -0.15590
4.09800, -0.12416
4.09900, -0.08587
4.10000, -0.04054
4.10100, 0.01139
4.10200, 0.06764
4.10300, 0.12575
4.10400, 0.18322
4.10500, 0.23759
4.10600, 0.28637
4.10700, 0.32730
4.10800, 0.35904
4.10900, 0.38053
4.11000, 0.39072
4.11100, 0.38855
4.11200, 0.37296
4.11300, 0.34311
4.11400, 0.30076
4.11500, 0.24940
4.11600, 0.19255
4.11700, 0.13374
4.11800, 0.07648
4.11900, 0.02430
4.12000, -0.01990
4.12100, -0.05405
4.12200, -0.07618
4.12300, -0.08428
4.12400, -0.07638
4.12500, -0.05048
4.12600, -0.00610
4.12700, 0.05226
4.12800, 0.11903
4.12900, 0.18866
4.13000, 0.25559
4.13100, 0.31427
4.13200, 0.35956
4.13300, 0.38989
4.13400, 0.40546
4.13500, 0.40649
4.13600, 0.39318
4.13700, 0.36575
4.13800, 0.32450
4.13900, 0.27220
4.14000, 0.21433
4.14100, 0.15652
4.14200, 0.10438
4.14300, 0.06352
4.14400, 0.03957
4.14500, 0.03560
4.14600, 0.04852
4.14700, 0.07431
4.14800, 0.10894
4.14900, 0.14840
4.15000, 0.18865
4.15100, 0.22597
4.15200, 0.25836
4.15300, 0.28446
4.15400, 0.30290
4.15500, 0.31232
4.15600, 0.31136
4.15700, 0.29877
4.15800, 0.27515
4.15900, 0.24264
4.16000, 0.20344
4.16100, 0.15972
4.16200, 0.11368
4.16300, 0.06751
4.16400, 0.02338
4.16500, -0.01654
4.16600, -0.05006
4.16700, -0.07503
4.16800, -0.08927
4.16900, -0.09062
4.17000, -0.07771
4.17100, -0.05275
4.17200, -0.01886
4.17300, 0.02084
4.17400, 0.06321
4.17500, 0.10512
4.17600, 0.14355
4.17700, 0.17670
4.17800, 0.20352
4.17900, 0.22300
4.18000, 0.23409
4.18100, 0.23577
4.18200, 0.22703
4.18300, 0.20801
4.18400, 0.18038
4.18500, 0.14592
4.18600, 0.10643
4.18700, 0.06369
4.18800, 0.01950
4.18900, -0.02431
4.19000, -0.06569
4.19100, -0.10257
4.19200, -0.13288
4.19300, -0.15456
4.19400, -0.16552
4.19500, -0.16401
4.19600, -0.15076
4.19700, -0.12764
4.19800, -0.09655
4.19900, -0.05935
4.20000, -0.01793
4.20100, 0.02582
4.20200, 0.07005
4.20300, 0.11293
4.20400, 0.15265
4.20500, 0.18738
4.20600, 0.21530
4.20700, 0.23458
4.20800, 0.24431
4.20900, 0.24565
4.21000, 0.24002
4.21100, 0.22887
4.21200, 0.21364
4.21300, 0.19575
4.21400, 0.17651
4.21500, 0.15637
4.21600, 0.13548
4.21700, 0.11403
4.21800, 0.09217
4.21900, 0.07007
4.22000, 0.04791
4.22100, 0.02584
4.22200, 0.00405
4.22300, -0.01731
4.22400, -0.03807
4.22500, -0.05805
4.22600, -0.07709
4.22700, -0.09473
4.22800, -0.11004
4.22900, -0.12204
4.23000, -0.12975
4.23100, -0.13218
4.23200, -0.12837
4.23300, -0.11772
4.23400, -0.10119
4.23500, -0.08015
4.23600, -0.05595
4.23700, -0.02994
4.23800, -0.00348
4.23900, 0.02209
4.24000, 0.04563
4.24100, 0.06613
4.24200, 0.08257
4.24300, 0.09393
4.24400, 0.09919
4.24500, 0.09735
4.24600, 0.08822
4.24700, 0.07259
4.24800, 0.05135
4.24900, 0.02537
4.25000, -0.00446
4.25100, -0.03728
4.25200, -0.07194
4.25300, -0.10651
4.25400, -0.13893
4.25500, -0.16714
4.25600, -0.18909
4.25700, -0.20269
4.25800, -0.20621
4.25900, -0.20006
4.26000, -0.18564
4.26100, -0.16434
4.26200, -0.13753
4.26300, -0.10662
4.26400, -0.07297
4.26500, -0.03758
4.26600, -0.00105
4.26700, 0.03600
4.26800, 0.07298
4.26900, 0.10927
4.27000, 0.14429
4.27100, 0.17724
4.27200, 0.20696
4.27300, 0.23226
4.27400, 0.25193
4.27500, 0.26476
4.27600, 0.26955
4.27700, 0.26541
4.27800, 0.25314
4.27900, 0.23407
4.28000, 0.20952
4.28100, 0.18084
4.28200, 0.14935
4.28300, 0.11639
4.28400, 0.08358
4.28500, 0.05272
4.28600, 0.02561
4.28700, 0.00405
4.28800, -0.01016
4.28900, -0.01522
4.29000, -0.01080
4.29100, 0.00113
4.29200, 0.01840
4.29300, 0.03884
4.29400, 0.06027
4.29500, 0.08052
4.29600, 0.09766
4.29700, 0.11062
4.29800, 0.11857
4.29900, 0.12064
4.30000, 0.11599
4.30100, 0.10378
4.30200, 0.08335
4.30300, 0.05601
4.30400, 0.02414
4.30500, -0.00988
4.30600, -0.04365
4.30700, -0.07479
4.30800, -0.10096
4.30900, -0.12104
4.31000, -0.13547
4.31100, -0.14475
4.31200, -0.14938
4.31300, -0.14987
4.31400, -0.14672
4.31500, -0.14040
4.31600, -0.13130
4.31700, -0.11979
4.31800, -0.10622
4.31900, -0.09096
4.32000, -0.07438
4.32100, -0.05689
4.32200, -0.03914
4.32300, -0.02189
4.32400, -0.00591
4.32500, 0.00804
4.32600, 0.01920
4.32700, 0.02689
4.32800, 0.03206
4.32900, 0.03718
4.33000, 0.04474
4.33100, 0.05726
4.33200, 0.07724
4.33300, 0.10718
4.33400, 0.14748
4.33500, 0.19438
4.33600, 0.24363
4.33700, 0.29097
4.33800, 0.33214
4.33900, 0.36289
4.34000, 0.37973
4.34100, 0.38287
4.34200, 0.37365
4.34300, 0.35339
4.34400, 0.32340
4.34500, 0.28501
4.34600, 0.23963
4.34700, 0.18963
4.34800, 0.13805
4.34900, 0.08797
4.35000, 0.04244
4.35100, 0.00453
4.35200, -0.02273
4.35300, -0.03795
4.35400, -0.04222
4.35500, -0.03681
4.35600, -0.02301
4.35700, -0.00211
4.35800, 0.02462
4.35900, 0.05565
4.36000, 0.08869
4.36100, 0.12125
4.36200, 0.15084
4.36300, 0.17500
4.36400, 0.19123
4.36500, 0.19731
4.36600, 0.19327
4.36700, 0.18030
4.36800, 0.15959
4.36900, 0.13234
4.37000, 0.09973
4.37100, 0.06300
4.37200, 0.02402
4.37300, -0.01451
4.37400, -0.04991
4.37500, -0.07944
4.37600, -0.10040
4.37700, -0.11008
4.37800, -0.10722
4.37900, -0.09417
4.38000, -0.07388
4.38100, -0.04929
4.38200, -0.02332
4.38300, 0.00109
4.38400, 0.02135
4.38500, 0.03701
4.38600, 0.04848
4.38700, 0.05612
4.38800, 0.06033
4.38900, 0.06147
4.39000, 0.05997
4.39100, 0.05650
4.39200, 0.05201
4.39300, 0.04743
4.39400, 0.04373
4.39500, 0.04184
4.39600, 0.04271
4.39700, 0.04665
4.39800, 0.05281
4.39900, 0.06020
4.40000, 0.06784
4.40100, 0.07474
4.40200, 0.07992
4.40300, 0.08258
4.40400, 0.08275
4.40500, 0.08069
4.40600, 0.07667
4.40700, 0.07094
4.40800, 0.06377
4.40900, 0.05545
4.41000, 0.04661
4.41100, 0.03809
4.41200, 0.03074
4.41300, 0.02540
4.41400, 0.02292
4.41500, 0.02414
4.41600, 0.02899
4.41700, 0.03621
4.41800, 0.04441
4.41900, 0.05222
4.42000, 0.05827
4.42100, 0.06119
4.42200, 0.06008
4.42300, 0.05564
4.42400, 0.04888
4.42500, 0.04080
4.42600, 0.03242
4.42700, 0.02475
4.42800, 0.01871
4.42900, 0.01467
4.43000, 0.01269
4.43100, 0.01284
4.43200, 0.01521
4.43300, 0.01985
4.43400, 0.02682
4.43500, 0.03553
4.43600, 0.04471
4.43700, 0.05308
4.43800, 0.05934
4.43900, 0.06221
4.44000, 0.06038
4.44100, 0.05320
4.44200, 0.04144
4.44300, 0.02612
4.44400, 0.00822
4.44500, -0.01124
4.44600, -0.03127
4.44700, -0.05092
4.44800, -0.06960
4.44900, -0.08683
4.45000, -0.10215
4.45100, -0.11508
4.45200, -0.12514
4.45300, -0.13192
4.45400, -0.13581
4.45500, -0.13786
4.45600, -0.13916
4.45700, -0.14076
4.45800, -0.14375
4.45900, -0.14918
4.46000, -0.15708
4.46100, -0.16563
4.46200, -0.17284
4.46300, -0.17670
4.46400, -0.17523
4.46500, -0.16642
4.46600, -0.14868
4.46700, -0.12213
4.46800, -0.08730
4.46900, -0.04474
4.47000, 0.00500
4.47100, 0.06138
4.47200, 0.12367
4.47300, 0.18916
4.47400, 0.25396
4.47500, 0.31415
4.47600, 0.36582
4.47700, 0.40505
4.47800, 0.42800
4.47900, 0.43346
4.48000, 0.42375
4.48100, 0.40141
4.48200, 0.36898
4.48300, 0.32901
4.48400, 0.28404
4.48500, 0.23649
4.48600, 0.18835
4.48700, 0.14155
4.48800, 0.09802
4.48900, 0.05969
4.49000, 0.02848
4.49100, 0.00605
4.49200, -0.00785
4.49300, -0.01439
4.49400, -0.01469
4.49500, -0.00992
4.49600, -0.00120
4.49700, 0.01031
4.49800, 0.02380
4.49900, 0.03871
4.50000, 0.05451
4.50100, 0.07069
4.50200, 0.08671
4.50300, 0.10204
4.50400, 0.11606
4.50500, 0.12797
4.50600, 0.13693
4.50700, 0.14209
4.50800, 0.14262
4.50900, 0.13769
4.51000, 0.12675
4.51100, 0.11087
4.51200, 0.09167
4.51300, 0.07074
4.51400, 0.04969
4.51500, 0.03013
4.51600, 0.01360
4.51700, 0.00069
4.51800, -0.00868
4.51900, -0.01465
4.52000, -0.01732
4.52100, -0.01682
4.52200, -0.01326
4.52300, -0.00697
4.52400, 0.00140
4.52500, 0.01119
4.52600, 0.02172
4.52700, 0.03231
4.52800, 0.04228
4.52900, 0.05102
4.53000, 0.05811
4.53100, 0.06318
4.53200, 0.06587
4.53300, 0.06581
4.53400, 0.06264
4.53500, 0.05620
4.53600, 0.04837
4.53700, 0.04218
4.53800, 0.04068
4.53900, 0.04693
4.54000, 0.06395
4.54100, 0.09472
4.54200, 0.13895
4.54300, 0.19235
4.54400, 0.25039
4.54500, 0.30852
4.54600, 0.36221
4.54700, 0.40691
4.54800, 0.43916
4.54900, 0.45854
4.55000, 0.46512
4.55100, 0.45901
4.55200, 0.44029
4.55300, 0.40905
4.55400, 0.36573
4.55500, 0.31305
4.55600, 0.25475
4.55700, 0.19454
4.55800, 0.13613
4.55900, 0.08325
4.56000, 0.03950
4.56100, 0.00624
4.56200, -0.01732
4.56300, -0.03202
4.56400, -0.03873
4.56500, -0.03831
4.56600, -0.03161
4.56700, -0.01987
4.56800, -0.00510
4.56900, 0.01058
4.57000, 0.02507
4.57100, 0.03625
4.57200, 0.04202
4.57300, 0.04074
4.57400, 0.03324
4.57500, 0.02108
4.57600, 0.00582
4.57700, -0.01099
4.57800, -0.02776
4.57900, -0.04300
4.58000, -0.05583
4.58100, -0.06582
4.58200, -0.07256
4.58300, -0.07564
4.58400, -0.07465
4.58500, -0.06919
4.58600, -0.05969
4.58700, -0.04790
4.58800, -0.03566
4.58900, -0.02482
4.59000, -0.01721
4.59100, -0.01470
4.59200, -0.01825
4.59300, -0.02568
4.59400, -0.03413
4.59500, -0.04071
4.59600, -0.04254
4.59700, -0.03676
4.59800, -0.02086
4.59900, 0.00419
4.60000, 0.03555
4.60100, 0.07040
4.60200, 0.10591
4.60300, 0.13923
4.60400, 0.16758
4.60500, 0.18932
4.60600, 0.20419
4.60700, 0.21200
4.60800, 0.21256
4.60900, 0.20569
4.61000, 0.19120
4.61100, 0.16960
4.61200, 0.14328
4.61300, 0.11492
4.61400, 0.08718
4.61500, 0.06275
4.61600, 0.04430
4.61700, 0.03415
4.61800, 0.03226
4.61900, 0.03767
4.62000, 0.04942
4.62100, 0.06654
4.62200, 0.08808
4.62300, 0.11304
4.62400, 0.13964
4.62500, 0.16542
4.62600, 0.18793
4.62700, 0.20468
4.62800, 0.21320
4.62900, 0.21102
4.63000, 0.19718
4.63100, 0.17353
4.63200, 0.14230
4.63300, 0.10568
4.63400, 0.06588
4.63500, 0.02512
4.63600, -0.01426
4.63700, -0.04925
4.63800, -0.07664
4.63900, -0.09322
4.64000, -0.09579
4.64100, -0.08115
4.64200, -0.04647
4.64300, 0.00640
4.64400, 0.07249
4.64500, 0.14680
4.64600, 0.22431
4.64700, 0.30000
4.64800, 0.36891
4.64900, 0.42781
4.65000, 0.47605
4.65100, 0.51319
4.65200, 0.53878
4.65300, 0.55236
4.65400, 0.55348
4.65500, 0.54205
4.65600, 0.51918
4.65700, 0.48621
4.65800, 0.44450
4.65900, 0.39539
4.66000, 0.34023
4.66100, 0.28056
4.66200, 0.21933
4.66300, 0.16025
4.66400, 0.10701
4.66500, 0.06329
4.66600, 0.03281
4.66700, 0.01914
4.66800, 0.02261
4.66900, 0.04002
4.67000, 0.06798
4.67100, 0.10309
4.67200, 0.14198
4.67300, 0.18125
4.67400, 0.21789
4.67500, 0.24977
4.67600, 0.27494
4.67700, 0.29142
4.67800, 0.29724
4.67900, 0.29042
4.68000, 0.26959
4.68100, 0.23698
4.68200, 0.19613
4.68300, 0.15057
4.68400, 0.10386
4.68500, 0.05953
4.68600, 0.02102
4.68700, -0.01003
4.68800, -0.03350
4.68900, -0.04928
4.69000, -0.05730
4.69100, -0.05745
4.69200, -0.04965
4.69300, -0.03454
4.69400, -0.01407
4.69500, 0.00967
4.69600, 0.03459
4.69700, 0.05860
4.69800, 0.07962
4.69900, 0.09589
4.70000, 0.10710
4.70100, 0.11331
4.70200, 0.11460
4.70300, 0.11103
4.70400, 0.10269
4.70500, 0.08970
4.70600, 0.07294
4.70700, 0.05377
4.70800, 0.03353
4.70900, 0.01357
4.71000, -0.00476
4.71100, -0.02011
4.71200, -0.03169
4.71300, -0.03948
4.71400, -0.04347
4.71500, -0.04370
4.71600, -0.04016
4.71700, -0.03288
4.71800, -0.02214
4.71900, -0.00906
4.72000, 0.00504
4.72100, 0.01889
4.72200, 0.03119
4.72300, 0.04064
4.72400, 0.04607
4.72500, 0.04723
4.72600, 0.04430
4.72700, 0.03746
4.72800, 0.02690
4.72900, 0.01279
4.73000, -0.00465
4.73100, -0.02462
4.73200, -0.04565
4.73300, -0.06628
4.73400, -0.08504
4.73500, -0.10043
4.73600, -0.11100
4.73700, -0.11572
4.73800, -0.11462
4.73900, -0.10786
4.74000, -0.09561
4.74100, -0.07803
4.74200, -0.05530
4.74300, -0.02782
4.74400, 0.00270
4.74500, 0.03407
4.74600, 0.06413
4.74700, 0.09070
4.74800, 0.11161
4.74900, 0.12486
4.75000, 0.13122
4.75100, 0.13355
4.75200, 0.13481
4.75300, 0.13793
4.75400, 0.14585
4.75500, 0.16149
4.75600, 0.18611
4.75700, 0.21813
4.75800, 0.25570
4.75900, 0.29699
4.76000, 0.34012
4.76100, 0.38326
4.76200, 0.42439
4.76300, 0.46085
4.76400, 0.48982
4.76500, 0.50847
4.76600, 0.51398
4.76700, 0.50352
4.76800, 0.47468
4.76900, 0.42908
4.77000, 0.37073
4.77100, 0.30368
4.77200, 0.23196
4.77300, 0.15962
4.77400, 0.09066
4.77500, 0.02792
4.77600, -0.02728
4.77700, -0.07371
4.77800, -0.11013
4.77900, -0.13532
4.78000, -0.14806
4.78100, -0.14786
4.78200, -0.13647
4.78300, -0.11600
4.78400, -0.08859
4.78500, -0.05636
4.78600, -0.02144
4.78700, 0.01407
4.78800, 0.04827
4.78900, 0.07932
4.79000, 0.10540
4.79100, 0.12470
4.79200, 0.13537
4.79300, 0.13572
4.79400, 0.12639
4.79500, 0.11034
4.79600, 0.09064
4.79700, 0.07034
4.79800, 0.05248
4.79900, 0.04012
4.80000, 0.03490
4.80100, 0.03546
4.80200, 0.04007
4.80300, 0.04697
4.80400, 0.05443
4.80500, 0.06070
4.80600, 0.06442
4.80700, 0.06615
4.80800, 0.06708
4.80900, 0.06840
4.81000, 0.07129
4.81100, 0.07694
4.81200, 0.08646
4.81300, 0.09991
4.81400, 0.11658
4.81500, 0.13574
4.81600, 0.15667
4.81700, 0.17863
4.81800, 0.20091
4.81900, 0.22250
4.82000, 0.24196
4.82100, 0.25785
4.82200, 0.26868
4.82300, 0.27301
4.82400, 0.26935
4.82500, 0.25687
4.82600, 0.23708
4.82700, 0.21199
4.82800, 0.18366
4.82900, 0.15411
4.83000, 0.12539
4.83100, 0.09941
4.83200, 0.07695
4.83300, 0.05815
4.83400, 0.04318
4.83500, 0.03216
4.83600, 0.02526
4.83700, 0.02259
4.83800, 0.02368
4.83900, 0.02731
4.84000, 0.03223
4.84100, 0.03718
4.84200, 0.04090
4.84300, 0.04214
4.84400, 0.04002
4.84500, 0.03470
4.84600, 0.02650
4.84700, 0.01576
4.84800, 0.00280
4.84900, -0.01206
4.85000, -0.02837
4.85100, -0.04511
4.85200, -0.06094
4.85300, -0.07458
4.85400, -0.08471
4.85500, -0.09002
4.85600, -0.08927
4.85700, -0.08261
4.85800, -0.07148
4.85900, -0.05733
4.86000, -0.04163
4.86100, -0.02585
4.86200, -0.01145
4.86300, 0.00056
4.86400, 0.01008
4.86500, 0.01711
4.86600, 0.02165
4.86700, 0.02372
4.86800, 0.02332
4.86900, 0.02052
4.87000, 0.01576
4.87100, 0.00957
4.87200, 0.00249
4.87300, -0.00496
4.87400, -0.01223
4.87500, -0.01880
4.87600, -0.02409
4.87700, -0.02752
4.87800, -0.02848
4.87900, -0.02640
4.88000, -0.02068
4.88100, -0.01074
4.88200, 0.00319
4.88300, 0.01968
4.88400, 0.03719
4.88500, 0.05418
4.88600, 0.06913
4.88700, 0.08050
4.88800, 0.08724
4.88900, 0.08998
4.89000, 0.08972
4.89100, 0.08743
4.89200, 0.08412
4.89300, 0.08078
4.89400, 0.07832
4.89500, 0.07694
4.89600, 0.07650
4.89700, 0.07683
4.89800, 0.07777
4.89900, 0.07916
4.90000, 0.08086
4.90100, 0.08281
4.90200, 0.08512
4.90300, 0.08788
4.90400, 0.09118
4.90500, 0.09511
4.90600, 0.09979
4.90700, 0.10521
4.90800, 0.11119
4.90900, 0.11749
4.91000, 0.12390
4.91100, 0.13018
4.91200, 0.13610
4.91300, 0.14141
4.91400, 0.14564
4.91500, 0.14822
4.91600, 0.14861
4.91700, 0.14625
4.91800, 0.14058
4.91900, 0.13113
4.92000, 0.11846
4.92100, 0.10408
4.92200, 0.08953
4.92300, 0.07632
4.92400, 0.06599
4.92500, 0.06006
4.92600, 0.05924
4.92700, 0.06267
4.92800, 0.06935
4.92900, 0.07824
4.93000, 0.08835
4.93100, 0.09866
4.93200, 0.10819
4.93300, 0.11624
4.93400, 0.12214
4.93500, 0.12525
4.93600, 0.12491
4.93700, 0.12046
4.93800, 0.11133
4.93900, 0.09784
4.94000, 0.08087
4.94100, 0.06132
4.94200, 0.04011
4.94300, 0.01812
4.94400, -0.00374
4.94500, -0.02447
4.94600, -0.04292
4.94700, -0.05797
4.94800, -0.06845
4.94900, -0.07321
4.95000, -0.07112
4.95100, -0.06146
4.95200, -0.04487
4.95300, -0.02231
4.95400, 0.00529
4.95500, 0.03699
4.95600, 0.07185
4.95700, 0.10893
4.95800, 0.14722
4.95900, 0.18568
4.96000, 0.22328
4.96100, 0.25900
4.96200, 0.29179
4.96300, 0.32063
4.96400, 0.34458
4.96500, 0.36278
4.96600, 0.37439
4.96700, 0.37856
4.96800, 0.37445
4.96900, 0.36121
4.97000, 0.33880
4.97100, 0.30910
4.97200, 0.27423
4.97300, 0.23635
4.97400, 0.19760
4.97500, 0.16011
4.97600, 0.12584
4.97700, 0.09565
4.97800, 0.07001
4.97900, 0.04940
4.98000, 0.03428
4.98100, 0.02515
4.98200, 0.02239
4.98300, 0.02551
4.98400, 0.03319
4.98500, 0.04415
4.98600, 0.05708
4.98700, 0.07068
4.98800, 0.08363
4.98900, 0.09484
4.99000, 0.10355
4.99100, 0.10906
4.99200, 0.11063
4.99300, 0.10757
4.99400, 0.09914
4.99500, 0.08527
4.99600, 0.06854
4.99700, 0.05221
4.99800, 0.03955
4.99900, 0.03380
