-0.50000, 0.99211
-0.49900, 0.98493
-0.49800, 0.97292
-0.49700, 0.95807
-0.49600, 0.94351
-0.49500, 0.92263
-0.49400, 0.89395
-0.49300, 0.86022
-0.49200, 0.82350
-0.49100, 0.78731
-0.49000, 0.75277
-0.48900, 0.71586
-0.48800, 0.67315
-0.48700, 0.62262
-0.48600, 0.56486
-0.48500, 0.50674
-0.48400, 0.45281
-0.48300, 0.40266
-0.48200, 0.35226
-0.48100, 0.29680
-0.48000, 0.23366
-0.47900, 0.16580
-0.47800, 0.09740
-0.47700, 0.03303
-0.47600, -0.02343
-0.47500, -0.07552
-0.47400, -0.13016
-0.47300, -0.19282
-0.47200, -0.25988
-0.47100, -0.32583
-0.47000, -0.38662
-0.46900, -0.43991
-0.46800, -0.48715
-0.46700, -0.53348
-0.46600, -0.58557
-0.46500, -0.64011
-0.46400, -0.69020
-0.46300, -0.73501
-0.46200, -0.77303
-0.46100, -0.80510
-0.46000, -0.83601
-0.45900, -0.86590
-0.45800, -0.89422
-0.45700, -0.92093
-0.45600, -0.94214
-0.45500, -0.95650
-0.45400, -0.96609
-0.45300, -0.97317
-0.45200, -0.97865
-0.45100, -0.98115
-0.45000, -0.97681
-0.44900, -0.96754
-0.44800, -0.95623
-0.44700, -0.94196
-0.44600, -0.92514
-0.44500, -0.90517
-0.44400, -0.87948
-0.44300, -0.84720
-0.44200, -0.81047
-0.44100, -0.77284
-0.44000, -0.73415
-0.43900, -0.69550
-0.43800, -0.65649
-0.43700, -0.60916
-0.43600, -0.55363
-0.43500, -0.49516
-0.43400, -0.43777
-0.43300, -0.38324
-0.43200, -0.33144
-0.43100, -0.27993
-0.43000, -0.22200
-0.42900, -0.15598
-0.42800, -0.08730
-0.42700, -0.02021
-0.42600, 0.04094
-0.42500, 0.09430
-0.42400, 0.14656
-0.42300, 0.20473
-0.42200, 0.27048
-0.42100, 0.33631
-0.42000, 0.39902
-0.41900, 0.45697
-0.41800, 0.50719
-0.41700, 0.55253
-0.41600, 0.59889
-0.41500, 0.65076
-0.41400, 0.70198
-0.41300, 0.74884
-0.41200, 0.79129
-0.41100, 0.82407
-0.41000, 0.85145
-0.40900, 0.88125
-0.40800, 0.91022
-0.40700, 0.93648
-0.40600, 0.95893
-0.40500, 0.97495
-0.40400, 0.98459
-0.40300, 0.99020
-0.40200, 0.99488
-0.40100, 0.99709
-0.40000, 0.99500
-0.39900, 0.98799
-0.39800, 0.97536
-0.39700, 0.95902
-0.39600, 0.94183
-0.39500, 0.92276
-0.39400, 0.89887
-0.39300, 0.86814
-0.39200, 0.83214
-0.39100, 0.79237
-0.39000, 0.75134
-0.38900, 0.71239
-0.38800, 0.67280
-0.38700, 0.62894
-0.38600, 0.57884
-0.38500, 0.52049
-0.38400, 0.45877
-0.38300, 0.40198
-0.38200, 0.34874
-0.38100, 0.29727
-0.38000, 0.24475
-0.37900, 0.18409
-0.37800, 0.11692
-0.37700, 0.04936
-0.37600, -0.01413
-0.37500, -0.07211
-0.37400, -0.12562
-0.37300, -0.17825
-0.37200, -0.23768
-0.37100, -0.30479
-0.37000, -0.37226
-0.36900, -0.43352
-0.36800, -0.48710
-0.36700, -0.53538
-0.36600, -0.58091
-0.36500, -0.62808
-0.36400, -0.67850
-0.36300, -0.72655
-0.36200, -0.76975
-0.36100, -0.80686
-0.36000, -0.83674
-0.35900, -0.86404
-0.35800, -0.89170
-0.35700, -0.91809
-0.35600, -0.94037
-0.35500, -0.95688
-0.35400, -0.96766
-0.35300, -0.97425
-0.35200, -0.97854
-0.35100, -0.98085
-0.35000, -0.97821
-0.34900, -0.97068
-0.34800, -0.95916
-0.34700, -0.94316
-0.34600, -0.92383
-0.34500, -0.90322
-0.34400, -0.88215
-0.34300, -0.85453
-0.34200, -0.81894
-0.34100, -0.77951
-0.34000, -0.73689
-0.33900, -0.69444
-0.33800, -0.65486
-0.33700, -0.61282
-0.33600, -0.56485
-0.33500, -0.50990
-0.33400, -0.44873
-0.33300, -0.38747
-0.33200, -0.33091
-0.33100, -0.27827
-0.33000, -0.22653
-0.32900, -0.17131
-0.32800, -0.10884
-0.32700, -0.04113
-0.32600, 0.02655
-0.32500, 0.08869
-0.32400, 0.14387
-0.32300, 0.19643
-0.32200, 0.25250
-0.32100, 0.31441
-0.32000, 0.37945
-0.31900, 0.44339
-0.31800, 0.50316
-0.31700, 0.55514
-0.31600, 0.59986
-0.31500, 0.64308
-0.31400, 0.68984
-0.31300, 0.73830
-0.31200, 0.78249
-0.31100, 0.82284
-0.31000, 0.85658
-0.30900, 0.88192
-0.30800, 0.90628
-0.30700, 0.93046
-0.30600, 0.95241
-0.30500, 0.97227
-0.30400, 0.98575
-0.30300, 0.99181
-0.30200, 0.99544
-0.30100, 0.99688
-0.30000, 0.99495
-0.29900, 0.98874
-0.29800, 0.97754
-0.29700, 0.96159
-0.29600, 0.94225
-0.29500, 0.92164
-0.29400, 0.89912
-0.29300, 0.87256
-0.29200, 0.84033
-0.29100, 0.80073
-0.29000, 0.75571
-0.28900, 0.71194
-0.28800, 0.67043
-0.28700, 0.62962
-0.28600, 0.58652
-0.28500, 0.53430
-0.28400, 0.47356
-0.28300, 0.41123
-0.28200, 0.35066
-0.28100, 0.29438
-0.28000, 0.24249
-0.27900, 0.18961
-0.27800, 0.13133
-0.27700, 0.06657
-0.27600, -0.00137
-0.27500, -0.06747
-0.27400, -0.12771
-0.27300, -0.18146
-0.27200, -0.23443
-0.27100, -0.29218
-0.27000, -0.35615
-0.26900, -0.42036
-0.26800, -0.48201
-0.26700, -0.53929
-0.26600, -0.58495
-0.26500, -0.62560
-0.26400, -0.66988
-0.26300, -0.71438
-0.26200, -0.75918
-0.26100, -0.80234
-0.26000, -0.83743
-0.25900, -0.86579
-0.25800, -0.89062
-0.25700, -0.91357
-0.25600, -0.93423
-0.25500, -0.95179
-0.25400, -0.96539
-0.25300, -0.97406
-0.25200, -0.97844
-0.25100, -0.97954
-0.25000, -0.97692
-0.24900, -0.97133
-0.24800, -0.96242
-0.24700, -0.94751
-0.24600, -0.92748
-0.24500, -0.90449
-0.24400, -0.88019
-0.24300, -0.85486
-0.24200, -0.82595
-0.24100, -0.78962
-0.24000, -0.74575
-0.23900, -0.69874
-0.23800, -0.65368
-0.23700, -0.61046
-0.23600, -0.56750
-0.23500, -0.52051
-0.23400, -0.46272
-0.23300, -0.39975
-0.23200, -0.33797
-0.23100, -0.27778
-0.23000, -0.22104
-0.22900, -0.16758
-0.22800, -0.11360
-0.22700, -0.05259
-0.22600, 0.01516
-0.22500, 0.08371
-0.22400, 0.14838
-0.22300, 0.20673
-0.22200, 0.25960
-0.22100, 0.31200
-0.22000, 0.36930
-0.21900, 0.43238
-0.21800, 0.49526
-0.21700, 0.55251
-0.21600, 0.60199
-0.21500, 0.64555
-0.21400, 0.68721
-0.21300, 0.72928
-0.21200, 0.77195
-0.21100, 0.81498
-0.21000, 0.85365
-0.20900, 0.88338
-0.20800, 0.90707
-0.20700, 0.92897
-0.20600, 0.95051
-0.20500, 0.96837
-0.20400, 0.98219
-0.20300, 0.99174
-0.20200, 0.99591
-0.20100, 0.99664
-0.20000, 0.99492
-0.19900, 0.98965
-0.19800, 0.97933
-0.19700, 0.96421
-0.19600, 0.94528
-0.19500, 0.92213
-0.19400, 0.89690
-0.19300, 0.87143
-0.19200, 0.84339
-0.19100, 0.80825
-0.19000, 0.76523
-0.18900, 0.71955
-0.18800, 0.67336
-0.18700, 0.62746
-0.18600, 0.58235
-0.18500, 0.53750
-0.18400, 0.48689
-0.18300, 0.42499
-0.18200, 0.36042
-0.18100, 0.29781
-0.18000, 0.23832
-0.17900, 0.18411
-0.17800, 0.13095
-0.17700, 0.07330
-0.17600, 0.00955
-0.17500, -0.05814
-0.17400, -0.12534
-0.17300, -0.18728
-0.17200, -0.24308
-0.17100, -0.29553
-0.17000, -0.34978
-0.16900, -0.41010
-0.16800, -0.47266
-0.16700, -0.53023
-0.16600, -0.58190
-0.16500, -0.62864
-0.16400, -0.67139
-0.16300, -0.71059
-0.16200, -0.74975
-0.16100, -0.79130
-0.16000, -0.83292
-0.15900, -0.86593
-0.15800, -0.88948
-0.15700, -0.91117
-0.15600, -0.93147
-0.15500, -0.94862
-0.15400, -0.96159
-0.15300, -0.97212
-0.15200, -0.97879
-0.15100, -0.97969
-0.15000, -0.97652
-0.14900, -0.97167
-0.14800, -0.96429
-0.14700, -0.94957
-0.14600, -0.92981
-0.14500, -0.90708
-0.14400, -0.88088
-0.14300, -0.85362
-0.14200, -0.82571
-0.14100, -0.79417
-0.14000, -0.75419
-0.13900, -0.70783
-0.13800, -0.66012
-0.13700, -0.61155
-0.13600, -0.56470
-0.13500, -0.52001
-0.13400, -0.47176
-0.13300, -0.41541
-0.13200, -0.35142
-0.13100, -0.28576
-0.13000, -0.22342
-0.12900, -0.16668
-0.12800, -0.11389
-0.12700, -0.05816
-0.12600, 0.00309
-0.12500, 0.06830
-0.12400, 0.13603
-0.12300, 0.20249
-0.12200, 0.26279
-0.12100, 0.31411
-0.12000, 0.36481
-0.11900, 0.42190
-0.11800, 0.48272
-0.11700, 0.54280
-0.11600, 0.59829
-0.11500, 0.64692
-0.11400, 0.68847
-0.11300, 0.72658
-0.11200, 0.76622
-0.11100, 0.80744
-0.11000, 0.84647
-0.10900, 0.87970
-0.10800, 0.90779
-0.10700, 0.93024
-0.10600, 0.94818
-0.10500, 0.96563
-0.10400, 0.97892
-0.10300, 0.98735
-0.10200, 0.99556
-0.10100, 0.99842
-0.10000, 0.99474
-0.09900, 0.98886
-0.09800, 0.98120
-0.09700, 0.96879
-0.09600, 0.94913
-0.09500, 0.92520
-0.09400, 0.89904
-0.09300, 0.87138
-0.09200, 0.84233
-0.09100, 0.81173
-0.09000, 0.77618
-0.08900, 0.73027
-0.08800, 0.68119
-0.08700, 0.63256
-0.08600, 0.58200
-0.08500, 0.53458
-0.08400, 0.48849
-0.08300, 0.43625
-0.08200, 0.37543
-0.08100, 0.31015
-0.08000, 0.24619
-0.07900, 0.18516
-0.07800, 0.12822
-0.07700, 0.07439
-0.07600, 0.01917
-0.07500, -0.04285
-0.07400, -0.11148
-0.07300, -0.18001
-0.07200, -0.24338
-0.07100, -0.29934
-0.07000, -0.35003
-0.06900, -0.40399
-0.06800, -0.46091
-0.06700, -0.51693
-0.06600, -0.57534
-0.06500, -0.62913
-0.06400, -0.67221
-0.06300, -0.71051
-0.06200, -0.74805
-0.06100, -0.78592
-0.06000, -0.82312
-0.05900, -0.85901
-0.05800, -0.89002
-0.05700, -0.91221
-0.05600, -0.93132
-0.05500, -0.94901
-0.05400, -0.96270
-0.05300, -0.97169
-0.05200, -0.97762
-0.05100, -0.98082
-0.05000, -0.97764
-0.04900, -0.97100
-0.04800, -0.96381
-0.04700, -0.95372
-0.04600, -0.93604
-0.04500, -0.91098
-0.04400, -0.88384
-0.04300, -0.85502
-0.04200, -0.82516
-0.04100, -0.79491
-0.04000, -0.76102
-0.03900, -0.71979
-0.03800, -0.67055
-0.03700, -0.61854
-0.03600, -0.56646
-0.03500, -0.51649
-0.03400, -0.47108
-0.03300, -0.42183
-0.03200, -0.36413
-0.03100, -0.30237
-0.03000, -0.23617
-0.02900, -0.16969
-0.02800, -0.11041
-0.02700, -0.05672
-0.02600, -0.00310
-0.02500, 0.05577
-0.02400, 0.12086
-0.02300, 0.19005
-0.02200, 0.25774
-0.02100, 0.31598
-0.02000, 0.36829
-0.01900, 0.42046
-0.01800, 0.47408
-0.01700, 0.52951
-0.01600, 0.58618
-0.01500, 0.64158
-0.01400, 0.68905
-0.01300, 0.72860
-0.01200, 0.76546
-0.01100, 0.80156
-0.01000, 0.83699
-0.00900, 0.87141
-0.00800, 0.90460
-0.00700, 0.93172
-0.00600, 0.95021
-0.00500, 0.96426
-0.00400, 0.97645
-0.00300, 0.98744
-0.00200, 0.99592
-0.00100, 0.99839
0.00000, 0.99462
0.00100, 0.98765
0.00200, 0.97942
0.00300, 0.96929
0.00400, 0.95444
0.00500, 0.93154
0.00600, 0.90372
0.00700, 0.87435
0.00800, 0.84182
0.00900, 0.80986
0.01000, 0.77809
0.01100, 0.73913
0.01200, 0.69415
0.01300, 0.64344
0.01400, 0.58671
0.01500, 0.53413
0.01600, 0.48620
0.01700, 0.43629
0.01800, 0.38384
0.01900, 0.32544
0.02000, 0.25958
0.02100, 0.19284
0.02200, 0.12970
0.02300, 0.07212
0.02400, 0.01925
0.02500, -0.03618
0.02600, -0.09780
0.02700, -0.16304
0.02800, -0.23137
0.02900, -0.29650
0.03000, -0.35122
0.03100, -0.40195
0.03200, -0.45366
0.03300, -0.50780
0.03400, -0.56381
0.03500, -0.61869
0.03600, -0.66884
0.03700, -0.71212
0.03800, -0.74935
0.03900, -0.78370
0.04000, -0.81867
0.04100, -0.85217
0.04200, -0.88278
0.04300, -0.91051
0.04400, -0.93278
0.04500, -0.94888
0.04600, -0.96025
0.04700, -0.96904
0.04800, -0.97680
0.04900, -0.98203
0.05000, -0.97949
0.05100, -0.97180
0.05200, -0.96240
0.05300, -0.95080
0.05400, -0.93702
0.05500, -0.91817
0.05600, -0.89041
0.05700, -0.85943
0.05800, -0.82719
0.05900, -0.79235
0.06000, -0.75794
0.06100, -0.72219
0.06200, -0.68044
0.06300, -0.63040
0.06400, -0.57497
0.06500, -0.51951
0.06600, -0.46832
0.06700, -0.41944
0.06800, -0.36890
0.06900, -0.31336
0.07000, -0.25084
0.07100, -0.18310
0.07200, -0.11565
0.07300, -0.05530
0.07400, -0.00111
0.07500, 0.05280
0.07600, 0.11033
0.07700, 0.17369
0.07800, 0.24157
0.07900, 0.30794
0.08000, 0.36874
0.08100, 0.42290
0.08200, 0.47240
0.08300, 0.52128
0.08400, 0.57338
0.08500, 0.62949
0.08600, 0.68263
0.08700, 0.72832
0.08800, 0.76653
0.08900, 0.80008
0.09000, 0.83261
0.09100, 0.86549
0.09200, 0.89576
0.09300, 0.92446
0.09400, 0.94992
0.09500, 0.96540
0.09600, 0.97601
0.09700, 0.98612
0.09800, 0.99418
0.09900, 0.99793
0.10000, 0.99613
0.10100, 0.98928
0.10200, 0.98011
0.10300, 0.96893
0.10400, 0.95468
0.10500, 0.93718
0.10600, 0.91260
0.10700, 0.87993
0.10800, 0.84540
0.10900, 0.81087
0.11000, 0.77606
0.11100, 0.74015
0.11200, 0.70031
0.11300, 0.65309
0.11400, 0.59772
0.11500, 0.54237
0.11600, 0.48907
0.11700, 0.43568
0.11800, 0.38445
0.11900, 0.33253
0.12000, 0.27419
0.12100, 0.20642
0.12200, 0.13828
0.12300, 0.07624
0.12400, 0.01674
0.12500, -0.03820
0.12600, -0.09130
0.12700, -0.15093
0.12800, -0.21819
0.12900, -0.28698
0.13000, -0.34954
0.13100, -0.40599
0.13200, -0.45645
0.13300, -0.50304
0.13400, -0.55326
0.13500, -0.60694
0.13600, -0.65955
0.13700, -0.70692
0.13800, -0.74910
0.13900, -0.78578
0.14000, -0.81590
0.14100, -0.84543
0.14200, -0.87634
0.14300, -0.90536
0.14400, -0.93056
0.14500, -0.94938
0.14600, -0.96069
0.14700, -0.96833
0.14800, -0.97531
0.14900, -0.98052
0.15000, -0.97841
0.15100, -0.97264
0.15200, -0.96518
0.15300, -0.95186
0.15400, -0.93625
0.15500, -0.91942
0.15600, -0.89741
0.15700, -0.86749
0.15800, -0.83204
0.15900, -0.79550
0.16000, -0.75785
0.16100, -0.72018
0.16200, -0.68256
0.16300, -0.64059
0.16400, -0.58844
0.16500, -0.52844
0.16600, -0.47304
0.16700, -0.41905
0.16800, -0.36509
0.16900, -0.31551
0.17000, -0.26180
0.17100, -0.19838
0.17200, -0.12805
0.17300, -0.06121
0.17400, -0.00067
0.17500, 0.05573
0.17600, 0.10813
0.17700, 0.16387
0.17800, 0.22800
0.17900, 0.29510
0.18000, 0.36026
0.18100, 0.42045
0.18200, 0.47443
0.18300, 0.52183
0.18400, 0.56804
0.18500, 0.62007
0.18600, 0.67168
0.18700, 0.72011
0.18800, 0.76532
0.18900, 0.80267
0.19000, 0.83393
0.19100, 0.86351
0.19200, 0.89246
0.19300, 0.92047
0.19400, 0.94568
0.19500, 0.96508
0.19600, 0.97800
0.19700, 0.98625
0.19800, 0.99274
0.19900, 0.99735
0.20000, 0.99776
0.20100, 0.99203
0.20200, 0.98262
0.20300, 0.96973
0.20400, 0.95322
0.20500, 0.93586
0.20600, 0.91544
0.20700, 0.88824
0.20800, 0.85333
0.20900, 0.81529
0.21000, 0.77710
0.21100, 0.73802
0.21200, 0.70022
0.21300, 0.66022
0.21400, 0.61122
0.21500, 0.55564
0.21600, 0.49626
0.21700, 0.43624
0.21800, 0.38162
0.21900, 0.33111
0.22000, 0.27903
0.22100, 0.22042
0.22200, 0.15544
0.22300, 0.08735
0.22400, 0.02069
0.22500, -0.04031
0.22600, -0.09506
0.22700, -0.14752
0.22800, -0.20449
0.22900, -0.26803
0.23000, -0.33490
0.23100, -0.39957
0.23200, -0.45710
0.23300, -0.50589
0.23400, -0.55024
0.23500, -0.59738
0.23600, -0.64905
0.23700, -0.69814
0.23800, -0.74455
0.23900, -0.78625
0.24000, -0.81823
0.24100, -0.84608
0.24200, -0.87357
0.24300, -0.90028
0.24400, -0.92579
0.24500, -0.94732
0.24600, -0.96185
0.24700, -0.96980
0.24800, -0.97476
0.24900, -0.97887
0.25000, -0.97962
0.25100, -0.97556
0.25200, -0.96655
0.25300, -0.95328
0.25400, -0.93644
0.25500, -0.91763
0.25600, -0.89790
0.25700, -0.87355
0.25800, -0.84232
0.25900, -0.80473
0.26000, -0.76354
0.26100, -0.72132
0.26200, -0.68039
0.26300, -0.64194
0.26400, -0.59814
0.26500, -0.54474
0.26600, -0.48749
0.26700, -0.42687
0.26800, -0.36571
0.26900, -0.31024
0.27000, -0.26007
0.27100, -0.20730
0.27200, -0.14430
0.27300, -0.07802
0.27400, -0.01128
0.27500, 0.05460
0.27600, 0.11285
0.27700, 0.16569
0.27800, 0.21996
0.27900, 0.28062
0.28000, 0.34492
0.28100, 0.40927
0.28200, 0.47152
0.28300, 0.52502
0.28400, 0.56992
0.28500, 0.61343
0.28600, 0.65992
0.28700, 0.70849
0.28800, 0.75569
0.28900, 0.79979
0.29000, 0.83668
0.29100, 0.86471
0.29200, 0.88918
0.29300, 0.91439
0.29400, 0.93994
0.29500, 0.96092
0.29600, 0.97692
0.29700, 0.98787
0.29800, 0.99348
0.29900, 0.99704
0.30000, 0.99781
0.30100, 0.99300
0.30200, 0.98473
0.30300, 0.97254
0.30400, 0.95506
0.30500, 0.93388
0.30600, 0.91282
0.30700, 0.89138
0.30800, 0.86227
0.30900, 0.82634
0.31000, 0.78544
0.31100, 0.74030
0.31200, 0.69705
0.31300, 0.65689
0.31400, 0.61493
0.31500, 0.56586
0.31600, 0.51043
0.31700, 0.45145
0.31800, 0.38768
0.31900, 0.32668
0.32000, 0.27428
0.32100, 0.22413
0.32200, 0.16713
0.32300, 0.10137
0.32400, 0.03401
0.32500, -0.03369
0.32600, -0.09769
0.32700, -0.15256
0.32800, -0.20480
0.32900, -0.26057
0.33000, -0.32176
0.33100, -0.38528
0.33200, -0.44815
0.33300, -0.50654
0.33400, -0.55534
0.33500, -0.59909
0.33600, -0.64313
0.33700, -0.68761
0.33800, -0.73387
0.33900, -0.77945
0.34000, -0.81812
0.34100, -0.84844
0.34200, -0.87376
0.34300, -0.89853
0.34400, -0.92135
0.34500, -0.94192
0.34600, -0.95961
0.34700, -0.97060
0.34800, -0.97623
0.34900, -0.97908
0.35000, -0.97912
0.35100, -0.97622
0.35200, -0.96927
0.35300, -0.95644
0.35400, -0.93828
0.35500, -0.91717
0.35600, -0.89574
0.35700, -0.87376
0.35800, -0.84679
0.35900, -0.81114
0.36000, -0.77101
0.36100, -0.72713
0.36200, -0.68080
0.36300, -0.63799
0.36400, -0.59627
0.36500, -0.55067
0.36600, -0.49857
0.36700, -0.43981
0.36800, -0.37649
0.36900, -0.31302
0.37000, -0.25593
0.37100, -0.20416
0.37200, -0.15066
0.37300, -0.09088
0.37400, -0.02493
0.37500, 0.04379
0.37600, 0.11056
0.37700, 0.17143
0.37800, 0.22592
0.37900, 0.27848
0.38000, 0.33357
0.38100, 0.39400
0.38200, 0.45893
0.38300, 0.51992
0.38400, 0.57257
0.38500, 0.61825
0.38600, 0.65939
0.38700, 0.70091
0.38800, 0.74606
0.38900, 0.79063
0.39000, 0.83152
0.39100, 0.86596
0.39200, 0.89114
0.39300, 0.91387
0.39400, 0.93747
0.39500, 0.95684
0.39600, 0.97337
0.39700, 0.98661
0.39800, 0.99353
0.39900, 0.99654
0.40000, 0.99624
0.40100, 0.99217
0.40200, 0.98685
0.40300, 0.97709
0.40400, 0.95939
0.40500, 0.93691
0.40600, 0.91242
0.40700, 0.88790
0.40800, 0.86372
0.40900, 0.83386
0.41000, 0.79512
0.41100, 0.75003
0.41200, 0.70151
0.41300, 0.65428
0.41400, 0.61151
0.41500, 0.56727
0.41600, 0.51804
0.41700, 0.46300
0.41800, 0.40173
0.41900, 0.33665
0.42000, 0.27333
0.42100, 0.21820
0.42200, 0.16682
0.42300, 0.11180
0.42400, 0.04895
0.42500, -0.01876
0.42600, -0.08730
0.42700, -0.15296
0.42800, -0.21055
0.42900, -0.26166
0.43000, -0.31321
0.43100, -0.37142
0.43200, -0.43489
0.43300, -0.49741
0.43400, -0.55262
0.43500, -0.60086
0.43600, -0.64413
0.43700, -0.68365
0.43800, -0.72558
0.43900, -0.76976
0.44000, -0.80946
0.44100, -0.84521
0.44200, -0.87595
0.44300, -0.89980
0.44400, -0.92015
0.44500, -0.93888
0.44600, -0.95536
0.44700, -0.96744
0.44800, -0.97573
0.44900, -0.98051
0.45000, -0.97994
0.45100, -0.97570
0.45200, -0.96908
0.45300, -0.95906
0.45400, -0.94372
0.45500, -0.92259
0.45600, -0.89726
0.45700, -0.87065
0.45800, -0.84412
0.45900, -0.81598
0.46000, -0.78097
0.46100, -0.73852
0.46200, -0.69116
0.46300, -0.64182
0.46400, -0.59379
0.46500, -0.54816
0.46600, -0.50240
0.46700, -0.45121
0.46800, -0.39181
0.46900, -0.32634
0.47000, -0.26223
0.47100, -0.20238
0.47200, -0.14582
0.47300, -0.09257
0.47400, -0.03609
0.47500, 0.02873
0.47600, 0.09648
0.47700, 0.16306
0.47800, 0.22597
0.47900, 0.28336
0.48000, 0.33411
0.48100, 0.38467
0.48200, 0.44515
0.48300, 0.50724
0.48400, 0.56517
0.48500, 0.61838
0.48600, 0.66318
0.48700, 0.70207
0.48800, 0.74079
0.48900, 0.78137
0.49000, 0.82203
0.49100, 0.85963
0.49200, 0.89179
0.49300, 0.91697
0.49400, 0.93649
0.49500, 0.95466
0.49600, 0.97358
0.49700, 0.98314
0.49800, 0.97099
0.49900, 0.95493
0.50000, 0.94920
0.50100, 0.95621
0.50200, 0.96819
0.50300, 0.98037
0.50400, 0.99058
0.50500, 0.99677
0.50600, 0.99775
0.50700, 0.99405
0.50800, 0.98766
0.50900, 0.97870
0.51000, 0.96671
0.51100, 0.95073
0.51200, 0.92761
0.51300, 0.89809
0.51400, 0.86631
0.51500, 0.83520
0.51600, 0.80464
0.51700, 0.77125
0.51800, 0.72958
0.51900, 0.68155
0.52000, 0.63016
0.52100, 0.57535
0.52200, 0.52401
0.52300, 0.47785
0.52400, 0.42947
0.52500, 0.37357
0.52600, 0.31023
0.52700, 0.24375
0.52800, 0.17800
0.52900, 0.11668
0.53000, 0.06144
0.53100, 0.00882
0.53200, -0.04827
0.53300, -0.11330
0.53400, -0.18079
0.53500, -0.24791
0.53600, -0.31042
0.53700, -0.36286
0.53800, -0.41285
0.53900, -0.46572
0.54000, -0.52050
0.54100, -0.57734
0.54200, -0.63246
0.54300, -0.68025
0.54400, -0.71972
0.54500, -0.75521
0.54600, -0.79107
0.54700, -0.82627
0.54800, -0.86047
0.54900, -0.89183
0.55000, -0.91630
0.55100, -0.93545
0.55200, -0.95104
0.55300, -0.96295
0.55400, -0.97212
0.55500, -0.97818
0.55600, -0.97979
0.55700, -0.97689
0.55800, -0.97034
0.55900, -0.96119
0.56000, -0.94963
0.56100, -0.93403
0.56200, -0.91211
0.56300, -0.88293
0.56400, -0.85095
0.56500, -0.81934
0.56600, -0.78701
0.56700, -0.75310
0.56800, -0.71484
0.56900, -0.66892
0.57000, -0.61699
0.57100, -0.56174
0.57200, -0.50697
0.57300, -0.45839
0.57400, -0.41121
0.57500, -0.35783
0.57600, -0.29762
0.57700, -0.23284
0.57800, -0.16618
0.57900, -0.10015
0.58000, -0.04050
0.58100, 0.01226
0.58200, 0.06499
0.58300, 0.12553
0.58400, 0.19264
0.58500, 0.25929
0.58600, 0.32373
0.58700, 0.38174
0.58800, 0.43145
0.58900, 0.48023
0.59000, 0.53218
0.59100, 0.58774
0.59200, 0.64436
0.59300, 0.69554
0.59400, 0.73774
0.59500, 0.77326
0.59600, 0.80665
0.59700, 0.84058
0.59800, 0.87467
0.59900, 0.90607
0.60000, 0.93268
0.60100, 0.95346
0.60200, 0.96799
0.60300, 0.97855
0.60400, 0.98768
0.60500, 0.99533
0.60600, 0.99842
0.60700, 0.99545
0.60800, 0.98835
0.60900, 0.97763
0.61000, 0.96505
0.61100, 0.95193
0.61200, 0.93163
0.61300, 0.90372
0.61400, 0.87242
0.61500, 0.83736
0.61600, 0.80181
0.61700, 0.76832
0.61800, 0.73270
0.61900, 0.69161
0.62000, 0.64267
0.62100, 0.58529
0.62200, 0.52725
0.62300, 0.47420
0.62400, 0.42505
0.62500, 0.37530
0.62600, 0.32017
0.62700, 0.25735
0.62800, 0.19062
0.62900, 0.12285
0.63000, 0.05780
0.63100, 0.00279
0.63200, -0.04834
0.63300, -0.10499
0.63400, -0.16869
0.63500, -0.23597
0.63600, -0.30209
0.63700, -0.36322
0.63800, -0.41749
0.63900, -0.46625
0.64000, -0.51375
0.64100, -0.56477
0.64200, -0.61871
0.64300, -0.67121
0.64400, -0.71905
0.64500, -0.75891
0.64600, -0.79109
0.64700, -0.82247
0.64800, -0.85432
0.64900, -0.88478
0.65000, -0.91170
0.65100, -0.93420
0.65200, -0.95126
0.65300, -0.96224
0.65400, -0.97030
0.65500, -0.97695
0.65600, -0.98073
0.65700, -0.97849
0.65800, -0.97175
0.65900, -0.96276
0.66000, -0.94906
0.66100, -0.93250
0.66200, -0.91400
0.66300, -0.88961
0.66400, -0.85946
0.66500, -0.82491
0.66600, -0.78720
0.66700, -0.74971
0.66800, -0.71303
0.66900, -0.67409
0.67000, -0.62878
0.67100, -0.57561
0.67200, -0.51708
0.67300, -0.45993
0.67400, -0.40666
0.67500, -0.35577
0.67600, -0.30346
0.67700, -0.24583
0.67800, -0.18143
0.67900, -0.11279
0.68000, -0.04600
0.68100, 0.01473
0.68200, 0.06942
0.68300, 0.12240
0.68400, 0.17947
0.68500, 0.24372
0.68600, 0.30997
0.68700, 0.37435
0.68800, 0.43381
0.68900, 0.48450
0.69000, 0.53055
0.69100, 0.57887
0.69200, 0.63285
0.69300, 0.68549
0.69400, 0.73234
0.69500, 0.77492
0.69600, 0.80972
0.69700, 0.83924
0.69800, 0.86998
0.69900, 0.89999
0.70000, 0.92755
0.70100, 0.95139
0.70200, 0.96873
0.70300, 0.98020
0.70400, 0.98811
0.70500, 0.99405
0.70600, 0.99756
0.70700, 0.99677
0.70800, 0.98984
0.70900, 0.97908
0.71000, 0.96627
0.71100, 0.95135
0.71200, 0.93389
0.71300, 0.91118
0.71400, 0.88084
0.71500, 0.84558
0.71600, 0.80760
0.71700, 0.76865
0.71800, 0.73071
0.71900, 0.69256
0.72000, 0.65004
0.72100, 0.59841
0.72200, 0.54104
0.72300, 0.48223
0.72400, 0.42430
0.72500, 0.36988
0.72600, 0.31864
0.72700, 0.26644
0.72800, 0.20632
0.72900, 0.13869
0.73000, 0.06927
0.73100, 0.00370
0.73200, -0.05455
0.73300, -0.10710
0.73400, -0.16143
0.73500, -0.22134
0.73600, -0.28581
0.73700, -0.35031
0.73800, -0.41268
0.73900, -0.46873
0.74000, -0.51515
0.74100, -0.55995
0.74200, -0.60868
0.74300, -0.66066
0.74400, -0.70949
0.74500, -0.75404
0.74600, -0.79386
0.74700, -0.82470
0.74800, -0.85166
0.74900, -0.87941
0.75000, -0.90623
0.75100, -0.93120
0.75200, -0.95154
0.75300, -0.96389
0.75400, -0.97139
0.75500, -0.97695
0.75600, -0.98059
0.75700, -0.97893
0.75800, -0.97348
0.75900, -0.96560
0.76000, -0.95040
0.76100, -0.93169
0.76200, -0.91339
0.76300, -0.89255
0.76400, -0.86647
0.76500, -0.83359
0.76600, -0.79421
0.76700, -0.75267
0.76800, -0.71222
0.76900, -0.67340
0.77000, -0.63391
0.77100, -0.58750
0.77200, -0.53083
0.77300, -0.47196
0.77400, -0.41221
0.77500, -0.35275
0.77600, -0.30029
0.77700, -0.24944
0.77800, -0.19326
0.77900, -0.13010
0.78000, -0.06097
0.78100, 0.00867
0.78200, 0.07139
0.78300, 0.12674
0.78400, 0.17939
0.78500, 0.23521
0.78600, 0.29586
0.78700, 0.36057
0.78800, 0.42568
0.78900, 0.48458
0.79000, 0.53470
0.79100, 0.57896
0.79200, 0.62430
0.79300, 0.67139
0.79400, 0.71924
0.79500, 0.76655
0.79600, 0.80857
0.79700, 0.84278
0.79800, 0.87058
0.79900, 0.89662
0.80000, 0.92151
0.80100, 0.94414
0.80200, 0.96556
0.80300, 0.98099
0.80400, 0.98834
0.80500, 0.99401
0.80600, 0.99753
0.80700, 0.99668
0.80800, 0.99103
0.80900, 0.98186
0.81000, 0.96891
0.81100, 0.95102
0.81200, 0.93030
0.81300, 0.90847
0.81400, 0.88451
0.81500, 0.85339
0.81600, 0.81574
0.81700, 0.77470
0.81800, 0.73162
0.81900, 0.68957
0.82000, 0.64885
0.82100, 0.60485
0.82200, 0.55370
0.82300, 0.49568
0.82400, 0.43477
0.82500, 0.37359
0.82600, 0.31581
0.82700, 0.26364
0.82800, 0.21181
0.82900, 0.15273
0.83000, 0.08406
0.83100, 0.01481
0.83200, -0.05103
0.83300, -0.11184
0.83400, -0.16605
0.83500, -0.21857
0.83600, -0.27461
0.83700, -0.33593
0.83800, -0.40045
0.83900, -0.46281
0.84000, -0.51719
0.84100, -0.56334
0.84200, -0.60685
0.84300, -0.65299
0.84400, -0.69897
0.84500, -0.74483
0.84600, -0.78910
0.84700, -0.82500
0.84800, -0.85343
0.84900, -0.87853
0.85000, -0.90338
0.85100, -0.92660
0.85200, -0.94622
0.85300, -0.96124
0.85400, -0.97129
0.85500, -0.97687
0.85600, -0.97907
0.85700, -0.97891
0.85800, -0.97475
0.85900, -0.96514
0.86000, -0.95170
0.86100, -0.93411
0.86200, -0.91327
0.86300, -0.89241
0.86400, -0.86878
0.86500, -0.83856
0.86600, -0.80050
0.86700, -0.75873
0.86800, -0.71560
0.86900, -0.67146
0.87000, -0.62879
0.87100, -0.58710
0.87200, -0.54170
0.87300, -0.48518
0.87400, -0.42270
0.87500, -0.36144
0.87600, -0.30162
0.87700, -0.24692
0.87800, -0.19640
0.87900, -0.14210
0.88000, -0.08025
0.88100, -0.01235
0.88200, 0.05595
0.88300, 0.11854
0.88400, 0.17437
0.88500, 0.22721
0.88600, 0.28287
0.88700, 0.34364
0.88800, 0.40792
0.88900, 0.47113
0.89000, 0.53035
0.89100, 0.58243
0.89200, 0.62506
0.89300, 0.66766
0.89400, 0.71302
0.89500, 0.75548
0.89600, 0.79962
0.89700, 0.84098
0.89800, 0.87106
0.89900, 0.89646
0.90000, 0.92017
0.90100, 0.94161
0.90200, 0.96103
0.90300, 0.97698
0.90400, 0.98810
0.90500, 0.99461
0.90600, 0.99727
0.90700, 0.99660
0.90800, 0.99251
0.90900, 0.98412
0.91000, 0.97112
0.91100, 0.95376
0.91200, 0.93192
0.91300, 0.90773
0.91400, 0.88334
0.91500, 0.85675
0.91600, 0.82301
0.91700, 0.78115
0.91800, 0.73815
0.91900, 0.69253
0.92000, 0.64540
0.92100, 0.60344
0.92200, 0.55953
0.92300, 0.50708
0.92400, 0.44640
0.92500, 0.38400
0.92600, 0.32306
0.92700, 0.26425
0.92800, 0.21078
0.92900, 0.15859
0.93000, 0.10129
0.93100, 0.03769
0.93200, -0.02933
0.93300, -0.09565
0.93400, -0.15796
0.93500, -0.21393
0.93600, -0.26667
0.93700, -0.32318
0.93800, -0.38247
0.93900, -0.44436
0.94000, -0.50804
0.94100, -0.56415
0.94200, -0.61016
0.94300, -0.65070
0.94400, -0.69274
0.94500, -0.73602
0.94600, -0.77800
0.94700, -0.81832
0.94800, -0.85318
0.94900, -0.88045
0.95000, -0.90236
0.95100, -0.92342
0.95200, -0.94324
0.95300, -0.95791
0.95400, -0.96942
0.95500, -0.97713
0.95600, -0.97929
0.95700, -0.97850
0.95800, -0.97508
0.95900, -0.96781
0.96000, -0.95582
0.96100, -0.93894
0.96200, -0.91759
0.96300, -0.89275
0.96400, -0.86594
0.96500, -0.83811
0.96600, -0.80795
0.96700, -0.76962
0.96800, -0.72433
0.96900, -0.67793
0.97000, -0.63038
0.97100, -0.58448
0.97200, -0.54099
0.97300, -0.49209
0.97400, -0.43646
0.97500, -0.37566
0.97600, -0.31089
0.97700, -0.24875
0.97800, -0.19268
0.97900, -0.13957
0.98000, -0.08555
0.98100, -0.02657
0.98200, 0.03942
0.98300, 0.10771
0.98400, 0.17214
0.98500, 0.22943
0.98600, 0.28326
0.98700, 0.33856
0.98800, 0.39712
0.98900, 0.45599
0.99000, 0.51822
0.99100, 0.57966
0.99200, 0.62712
0.99300, 0.66873
0.99400, 0.71065
0.99500, 0.75073
0.99600, 0.78994
0.99700, 0.82933
0.99800, 0.86742
0.99900, 0.89834
1.00000, 0.92161
1.00100, 0.94081
1.00200, 0.95926
1.00300, 0.97435
1.00400, 0.98456
1.00500, 0.99319
1.00600, 0.99788
1.00700, 0.99658
1.00800, 0.99072
1.00900, 0.98422
1.01000, 0.97451
1.01100, 0.95621
1.01200, 0.93413
1.01300, 0.91013
1.01400, 0.88354
1.01500, 0.85545
1.01600, 0.82620
1.01700, 0.79227
1.01800, 0.74694
1.01900, 0.69868
1.02000, 0.65227
1.02100, 0.60261
1.02200, 0.55683
1.02300, 0.51257
1.02400, 0.45862
1.02500, 0.39810
1.02600, 0.33397
1.02700, 0.26852
1.02800, 0.20808
1.02900, 0.15340
1.03000, 0.10050
1.03100, 0.04382
1.03200, -0.01934
1.03300, -0.08743
1.03400, -0.15506
1.03500, -0.21828
1.03600, -0.27493
1.03700, -0.32593
1.03800, -0.37876
1.03900, -0.43660
1.04000, -0.49675
1.04100, -0.55428
1.04200, -0.60644
1.04300, -0.65249
1.04400, -0.69270
1.04500, -0.73080
1.04600, -0.76976
1.04700, -0.80862
1.04800, -0.84625
1.04900, -0.87922
1.05000, -0.90318
1.05100, -0.92249
1.05200, -0.94056
1.05300, -0.95669
1.05400, -0.96745
1.05500, -0.97457
1.05600, -0.98025
1.05700, -0.97894
1.05800, -0.97321
1.05900, -0.96717
1.06000, -0.95825
1.06100, -0.94282
1.06200, -0.92035
1.06300, -0.89436
1.06400, -0.86638
1.06500, -0.83765
1.06600, -0.80865
1.06700, -0.77558
1.06800, -0.73481
1.06900, -0.68626
1.07000, -0.63629
1.07100, -0.58701
1.07200, -0.53882
1.07300, -0.49388
1.07400, -0.44447
1.07500, -0.38614
1.07600, -0.32524
1.07700, -0.26069
1.07800, -0.19487
1.07900, -0.13534
1.08000, -0.08048
1.08100, -0.02626
1.08200, 0.03116
1.08300, 0.09491
1.08400, 0.16374
1.08500, 0.23219
1.08600, 0.29274
1.08700, 0.34479
1.08800, 0.39452
1.08900, 0.45077
1.09000, 0.50757
1.09100, 0.56210
1.09200, 0.61989
1.09300, 0.67084
1.09400, 0.71112
1.09500, 0.74766
1.09600, 0.78606
1.09700, 0.82438
1.09800, 0.85840
1.09900, 0.89139
1.10000, 0.92011
1.10100, 0.94113
1.10200, 0.95873
1.10300, 0.97299
1.10400, 0.98378
1.10500, 0.99309
1.10600, 0.99797
1.10700, 0.99651
1.10800, 0.99058
1.10900, 0.98425
1.11000, 0.97609
1.11100, 0.96143
1.11200, 0.94090
1.11300, 0.91575
1.11400, 0.88683
1.11500, 0.85516
1.11600, 0.82418
1.11700, 0.79366
1.11800, 0.75660
1.11900, 0.71200
1.12000, 0.66143
1.12100, 0.60735
1.12200, 0.55561
1.12300, 0.50739
1.12400, 0.45881
1.12500, 0.40683
1.12600, 0.34931
1.12700, 0.28554
1.12800, 0.21761
1.12900, 0.15350
1.13000, 0.09795
1.13100, 0.04456
1.13200, -0.01145
1.13300, -0.07256
1.13400, -0.13903
1.13500, -0.20801
1.13600, -0.27301
1.13700, -0.32814
1.13800, -0.37972
1.13900, -0.43227
1.14000, -0.48631
1.14100, -0.54167
1.14200, -0.59687
1.14300, -0.64892
1.14400, -0.69391
1.14500, -0.73238
1.14600, -0.76783
1.14700, -0.80386
1.14800, -0.83842
1.14900, -0.87067
1.15000, -0.90178
1.15100, -0.92570
1.15200, -0.94208
1.15300, -0.95575
1.15400, -0.96655
1.15500, -0.97477
1.15600, -0.98023
1.15700, -0.97968
1.15800, -0.97457
1.15900, -0.96730
1.16000, -0.95727
1.16100, -0.94396
1.16200, -0.92566
1.16300, -0.90010
1.16400, -0.87084
1.16500, -0.84000
1.16600, -0.80727
1.16700, -0.77473
1.16800, -0.73954
1.16900, -0.69704
1.17000, -0.64844
1.17100, -0.59536
1.17200, -0.54086
1.17300, -0.49043
1.17400, -0.44234
1.17500, -0.39190
1.17600, -0.33569
1.17700, -0.27321
1.17800, -0.20666
1.17900, -0.14050
1.18000, -0.08014
1.18100, -0.02557
1.18200, 0.02815
1.18300, 0.08583
1.18400, 0.15014
1.18500, 0.21925
1.18600, 0.28512
1.18700, 0.34529
1.18800, 0.40002
1.18900, 0.44960
1.19000, 0.49900
1.19100, 0.55316
1.19200, 0.61229
1.19300, 0.66603
1.19400, 0.71052
1.19500, 0.74997
1.19600, 0.78575
1.19700, 0.82026
1.19800, 0.85524
1.19900, 0.88779
1.20000, 0.91657
1.20100, 0.94094
1.20200, 0.95957
1.20300, 0.97276
1.20400, 0.98252
1.20500, 0.99136
1.20600, 0.99737
1.20700, 0.99796
1.20800, 0.99248
1.20900, 0.98431
1.21000, 0.97439
1.21100, 0.96138
1.21200, 0.94515
1.21300, 0.92233
1.21400, 0.89142
1.21500, 0.85862
1.21600, 0.82555
1.21700, 0.79173
1.21800, 0.75700
1.21900, 0.71849
1.22000, 0.67298
1.22100, 0.61951
1.22200, 0.56348
1.22300, 0.50914
1.22400, 0.45767
1.22500, 0.40847
1.22600, 0.35687
1.22700, 0.29783
1.22800, 0.23183
1.22900, 0.16349
1.23000, 0.09841
1.23100, 0.03999
1.23200, -0.01340
1.23300, -0.06667
1.23400, -0.12572
1.23500, -0.19289
1.23600, -0.26284
1.23700, -0.32616
1.23800, -0.38286
1.23900, -0.43395
1.24000, -0.48159
1.24100, -0.53255
1.24200, -0.58711
1.24300, -0.64101
1.24400, -0.69001
1.24500, -0.73296
1.24600, -0.77004
1.24700, -0.80212
1.24800, -0.83406
1.24900, -0.86680
1.25000, -0.89629
1.25100, -0.92222
1.25200, -0.94249
1.25300, -0.95507
1.25400, -0.96495
1.25500, -0.97339
1.25600, -0.97862
1.25700, -0.97958
1.25800, -0.97639
1.25900, -0.96890
1.26000, -0.95634
1.26100, -0.94278
1.26200, -0.92811
1.26300, -0.90631
1.26400, -0.87859
1.26500, -0.84628
1.26600, -0.80987
1.26700, -0.77337
1.26800, -0.73789
1.26900, -0.70138
1.27000, -0.66069
1.27100, -0.61067
1.27200, -0.55180
1.27300, -0.49512
1.27400, -0.44080
1.27500, -0.38787
1.27600, -0.33869
1.27700, -0.28431
1.27800, -0.22094
1.27900, -0.15393
1.28000, -0.08703
1.28100, -0.02383
1.28200, 0.03297
1.28300, 0.08449
1.28400, 0.13877
1.28500, 0.20243
1.28600, 0.27073
1.28700, 0.33706
1.28800, 0.39724
1.28900, 0.45135
1.29000, 0.49990
1.29100, 0.54684
1.29200, 0.59823
1.29300, 0.65177
1.29400, 0.70320
1.29500, 0.74905
1.29600, 0.78747
1.29700, 0.82016
1.29800, 0.85072
1.29900, 0.88159
1.30000, 0.91156
1.30100, 0.93795
1.30200, 0.95879
1.30300, 0.97326
1.30400, 0.98273
1.30500, 0.99032
1.30600, 0.99617
1.30700, 0.99797
1.30800, 0.99349
1.30900, 0.98604
1.31000, 0.97544
1.31100, 0.96009
1.31200, 0.94378
1.31300, 0.92464
1.31400, 0.89891
1.31500, 0.86709
1.31600, 0.83125
1.31700, 0.79317
1.31800, 0.75390
1.31900, 0.71653
1.32000, 0.67811
1.32100, 0.63064
1.32200, 0.57698
1.32300, 0.51951
1.32400, 0.45966
1.32500, 0.40433
1.32600, 0.35406
1.32700, 0.30340
1.32800, 0.24558
1.32900, 0.18094
1.33000, 0.11321
1.33100, 0.04595
1.33200, -0.01518
1.33300, -0.06917
1.33400, -0.12214
1.33500, -0.18073
1.33600, -0.24569
1.33700, -0.31232
1.33800, -0.37722
1.33900, -0.43560
1.34000, -0.48479
1.34100, -0.53015
1.34200, -0.57757
1.34300, -0.62901
1.34400, -0.68022
1.34500, -0.72827
1.34600, -0.77030
1.34700, -0.80371
1.34800, -0.83271
1.34900, -0.86133
1.35000, -0.89023
1.35100, -0.91729
1.35200, -0.94030
1.35300, -0.95746
1.35400, -0.96729
1.35500, -0.97313
1.35600, -0.97841
1.35700, -0.98050
1.35800, -0.97784
1.35900, -0.97018
1.36000, -0.95804
1.36100, -0.94296
1.36200, -0.92633
1.36300, -0.90804
1.36400, -0.88438
1.36500, -0.85365
1.36600, -0.81733
1.36700, -0.77800
1.36800, -0.73804
1.36900, -0.69910
1.37000, -0.66124
1.37100, -0.61775
1.37200, -0.56483
1.37300, -0.50887
1.37400, -0.44896
1.37500, -0.38755
1.37600, -0.33367
1.37700, -0.28454
1.37800, -0.23208
1.37900, -0.16981
1.38000, -0.10267
1.38100, -0.03532
1.38200, 0.02959
1.38300, 0.08898
1.38400, 0.14267
1.38500, 0.19536
1.38600, 0.25612
1.38700, 0.32128
1.38800, 0.38551
1.38900, 0.44883
1.39000, 0.50446
1.39100, 0.55059
1.39200, 0.59398
1.39300, 0.64066
1.39400, 0.69041
1.39500, 0.73878
1.39600, 0.78424
1.39700, 0.82273
1.39800, 0.85215
1.39900, 0.87884
1.40000, 0.90526
1.40100, 0.93076
1.40200, 0.95384
1.40300, 0.97208
1.40400, 0.98428
1.40500, 0.99141
1.40600, 0.99518
1.40700, 0.99657
1.40800, 0.99524
1.40900, 0.98940
1.41000, 0.97809
1.41100, 0.96186
1.41200, 0.94296
1.41300, 0.92328
1.41400, 0.90194
1.41500, 0.87417
1.41600, 0.83972
1.41700, 0.80020
1.41800, 0.75725
1.41900, 0.71532
1.42000, 0.67601
1.42100, 0.63565
1.42200, 0.58685
1.42300, 0.53069
1.42400, 0.47292
1.42500, 0.41130
1.42600, 0.35183
1.42700, 0.30015
1.42800, 0.24830
1.42900, 0.19075
1.43000, 0.12671
1.43100, 0.05947
1.43200, -0.00781
1.43300, -0.07129
1.43400, -0.12766
1.43500, -0.18041
1.43600, -0.23578
1.43700, -0.29785
1.43800, -0.36139
1.43900, -0.42490
1.44000, -0.48626
1.44100, -0.53449
1.44200, -0.57680
1.44300, -0.62321
1.44400, -0.67028
1.44500, -0.71740
1.44600, -0.76310
1.44700, -0.80297
1.44800, -0.83583
1.44900, -0.86315
1.45000, -0.88783
1.45100, -0.91191
1.45200, -0.93485
1.45300, -0.95391
1.45400, -0.96611
1.45500, -0.97342
1.45600, -0.97860
1.45700, -0.98014
1.45800, -0.97836
1.45900, -0.97282
1.46000, -0.96106
1.46100, -0.94545
1.46200, -0.92755
1.46300, -0.90655
1.46400, -0.88377
1.46500, -0.85809
1.46600, -0.82633
1.46700, -0.78741
1.46800, -0.74394
1.46900, -0.69989
1.47000, -0.65715
1.47100, -0.61608
1.47200, -0.57316
1.47300, -0.52098
1.47400, -0.46190
1.47500, -0.40017
1.47600, -0.33795
1.47700, -0.27992
1.47800, -0.22703
1.47900, -0.17484
1.48000, -0.11628
1.48100, -0.05036
1.48200, 0.01840
1.48300, 0.08455
1.48400, 0.14510
1.48500, 0.20001
1.48600, 0.25231
1.48700, 0.30787
1.48800, 0.37013
1.48900, 0.43637
1.49000, 0.49815
1.49100, 0.55137
1.49200, 0.59841
1.49300, 0.64088
1.49400, 0.68317
1.49500, 0.72924
1.49600, 0.77474
1.49700, 0.81745
1.49800, 0.85388
1.49900, 0.87539
1.50000, 0.89357
