-0.49800, 0.98183
-0.49700, 0.97133
-0.49600, 0.95870
-0.49500, 0.93758
-0.49400, 0.90796
-0.49300, 0.87340
-0.49200, 0.83588
-0.49100, 0.79900
-0.49000, 0.76372
-0.48900, 0.72585
-0.48800, 0.68163
-0.48700, 0.62965
-0.48600, 0.57163
-0.48500, 0.51234
-0.48400, 0.45646
-0.48300, 0.40542
-0.48200, 0.35390
-0.48100, 0.29636
-0.48000, 0.23120
-0.47900, 0.16280
-0.47800, 0.09346
-0.47700, 0.02728
-0.47600, -0.02970
-0.47500, -0.08261
-0.47400, -0.13934
-0.47300, -0.20431
-0.47200, -0.27291
-0.47100, -0.33971
-0.47000, -0.40075
-0.46900, -0.45389
-0.46800, -0.50168
-0.46700, -0.54959
-0.46600, -0.60268
-0.46500, -0.65762
-0.46400, -0.70906
-0.46300, -0.75385
-0.46200, -0.79107
-0.46100, -0.82328
-0.46000, -0.85465
-0.45900, -0.88554
-0.45800, -0.91526
-0.45700, -0.94176
-0.45600, -0.96076
-0.45500, -0.97331
-0.45400, -0.98241
-0.45300, -0.98931
-0.45200, -0.99440
-0.45100, -0.99553
-0.45000, -0.98936
-0.44900, -0.97930
-0.44800, -0.96705
-0.44700, -0.95168
-0.44600, -0.93385
-0.44500, -0.91206
-0.44400, -0.88394
-0.44300, -0.84925
-0.44200, -0.81126
-0.44100, -0.77259
-0.44000, -0.73289
-0.43900, -0.69364
-0.43800, -0.65211
-0.43700, -0.60178
-0.43600, -0.54343
-0.43500, -0.48253
-0.43400, -0.42481
-0.43300, -0.37034
-0.43200, -0.31798
-0.43100, -0.26402
-0.43000, -0.20126
-0.42900, -0.13282
-0.42800, -0.06393
-0.42700, 0.00353
-0.42600, 0.06428
-0.42500, 0.11810
-0.42400, 0.17199
-0.42300, 0.23427
-0.42200, 0.30255
-0.42100, 0.36854
-0.42000, 0.43096
-0.41900, 0.48705
-0.41800, 0.53561
-0.41700, 0.58152
-0.41600, 0.63126
-0.41500, 0.68502
-0.41400, 0.73532
-0.41300, 0.78135
-0.41200, 0.82108
-0.41100, 0.85186
-0.41000, 0.88044
-0.40900, 0.91000
-0.40800, 0.93854
-0.40700, 0.96192
-0.40600, 0.97789
-0.40500, 0.98780
-0.40400, 0.99582
-0.40300, 0.99821
-0.40200, 0.99758
-0.40100, 0.99597
-0.40000, 0.99350
-0.39900, 0.98978
-0.39800, 0.97743
-0.39700, 0.96388
-0.39600, 0.94796
-0.39500, 0.92623
-0.39400, 0.89773
-0.39300, 0.86349
-0.39200, 0.82444
-0.39100, 0.78118
-0.39000, 0.74097
-0.38900, 0.70367
-0.38800, 0.66005
-0.38700, 0.61160
-0.38600, 0.55707
-0.38500, 0.49432
-0.38400, 0.43272
-0.38300, 0.37683
-0.38200, 0.32491
-0.38100, 0.27175
-0.38000, 0.21309
-0.37900, 0.14756
-0.37800, 0.07762
-0.37700, 0.00902
-0.37600, -0.05288
-0.37500, -0.10661
-0.37400, -0.15947
-0.37300, -0.21823
-0.37200, -0.28482
-0.37100, -0.35402
-0.37000, -0.41980
-0.36900, -0.47804
-0.36800, -0.52842
-0.36700, -0.57389
-0.36600, -0.62001
-0.36500, -0.67185
-0.36400, -0.72295
-0.36300, -0.76845
-0.36200, -0.80841
-0.36100, -0.84087
-0.36000, -0.86895
-0.35900, -0.89732
-0.35800, -0.92382
-0.35700, -0.94748
-0.35600, -0.96721
-0.35500, -0.97999
-0.35400, -0.98742
-0.35300, -0.99226
-0.35200, -0.99538
-0.35100, -0.99407
-0.35000, -0.98742
-0.34900, -0.97670
-0.34800, -0.96116
-0.34700, -0.94237
-0.34600, -0.92263
-0.34500, -0.90102
-0.34400, -0.87362
-0.34300, -0.83851
-0.34200, -0.79902
-0.34100, -0.75628
-0.34000, -0.71234
-0.33900, -0.67046
-0.33800, -0.62835
-0.33700, -0.58184
-0.33600, -0.52758
-0.33500, -0.46581
-0.33400, -0.40181
-0.33300, -0.34213
-0.33200, -0.28874
-0.33100, -0.23659
-0.33000, -0.17973
-0.32900, -0.11662
-0.32800, -0.04950
-0.32700, 0.01838
-0.32600, 0.08354
-0.32500, 0.14143
-0.32400, 0.19473
-0.32300, 0.25134
-0.32200, 0.31478
-0.32100, 0.38136
-0.32000, 0.44600
-0.31900, 0.50836
-0.31800, 0.56264
-0.31700, 0.60735
-0.31600, 0.65107
-0.31500, 0.69906
-0.31400, 0.74899
-0.31300, 0.79392
-0.31200, 0.83501
-0.31100, 0.86994
-0.31000, 0.89601
-0.30900, 0.92071
-0.30800, 0.94568
-0.30700, 0.96761
-0.30600, 0.98297
-0.30500, 0.98982
-0.30400, 0.99144
-0.30300, 0.99259
-0.30200, 0.99322
-0.30100, 0.99324
-0.30000, 0.99259
-0.29900, 0.98699
-0.29800, 0.97312
-0.29700, 0.95669
-0.29600, 0.93663
-0.29500, 0.91304
-0.29400, 0.88576
-0.29300, 0.85236
-0.29200, 0.81192
-0.29100, 0.76701
-0.29000, 0.72284
-0.28900, 0.67974
-0.28800, 0.63705
-0.28700, 0.59254
-0.28600, 0.53819
-0.28500, 0.47563
-0.28400, 0.41223
-0.28300, 0.35079
-0.28200, 0.29389
-0.28100, 0.24109
-0.28000, 0.18671
-0.27900, 0.12609
-0.27800, 0.05898
-0.27700, -0.01014
-0.27600, -0.07670
-0.27500, -0.13726
-0.27400, -0.19156
-0.27300, -0.24606
-0.27200, -0.30621
-0.27100, -0.37225
-0.27000, -0.43721
-0.26900, -0.49973
-0.26800, -0.55656
-0.26700, -0.59998
-0.26600, -0.64183
-0.26500, -0.68869
-0.26400, -0.73465
-0.26300, -0.78028
-0.26200, -0.82258
-0.26100, -0.85658
-0.26000, -0.88461
-0.25900, -0.90937
-0.25800, -0.93231
-0.25700, -0.95335
-0.25600, -0.97123
-0.25500, -0.98412
-0.25400, -0.99074
-0.25300, -0.99348
-0.25200, -0.99396
-0.25100, -0.99157
-0.25000, -0.98516
-0.24900, -0.97371
-0.24800, -0.95657
-0.24700, -0.93390
-0.24600, -0.90953
-0.24500, -0.88572
-0.24400, -0.85832
-0.24300, -0.82651
-0.24200, -0.78860
-0.24100, -0.74169
-0.24000, -0.69427
-0.23900, -0.65012
-0.23800, -0.60547
-0.23700, -0.55919
-0.23600, -0.50769
-0.23500, -0.44795
-0.23400, -0.38389
-0.23300, -0.31993
-0.23200, -0.25961
-0.23100, -0.20451
-0.23000, -0.15038
-0.22900, -0.09212
-0.22800, -0.02728
-0.22700, 0.04270
-0.22600, 0.11264
-0.22500, 0.17632
-0.22400, 0.23287
-0.22300, 0.28638
-0.22200, 0.34250
-0.22100, 0.40383
-0.22000, 0.46883
-0.21900, 0.53167
-0.21800, 0.58450
-0.21700, 0.63105
-0.21600, 0.67553
-0.21500, 0.71813
-0.21400, 0.76212
-0.21300, 0.80692
-0.21200, 0.84838
-0.21100, 0.88393
-0.21000, 0.91170
-0.20900, 0.93321
-0.20800, 0.95521
-0.20700, 0.97291
-0.20600, 0.98352
-0.20500, 0.98698
-0.20400, 0.98959
-0.20300, 0.99184
-0.20200, 0.99345
-0.20100, 0.99409
-0.20000, 0.99286
-0.19900, 0.97875
-0.19800, 0.96530
-0.19700, 0.94953
-0.19600, 0.92368
-0.19500, 0.89860
-0.19400, 0.87200
-0.19300, 0.83866
-0.19200, 0.79903
-0.19100, 0.75335
-0.19000, 0.70456
-0.18900, 0.65736
-0.18800, 0.61123
-0.18700, 0.56541
-0.18600, 0.51730
-0.18500, 0.45879
-0.18400, 0.39291
-0.18300, 0.32754
-0.18200, 0.26630
-0.18100, 0.20926
-0.18000, 0.15420
-0.17900, 0.09732
-0.17800, 0.03400
-0.17700, -0.03520
-0.17600, -0.10466
-0.17500, -0.17006
-0.17400, -0.22895
-0.17300, -0.28205
-0.17200, -0.33484
-0.17100, -0.39385
-0.17000, -0.45924
-0.16900, -0.52112
-0.16800, -0.57655
-0.16700, -0.62539
-0.16600, -0.66797
-0.16500, -0.70815
-0.16400, -0.74926
-0.16300, -0.79202
-0.16200, -0.83355
-0.16100, -0.86970
-0.16000, -0.89791
-0.15900, -0.92016
-0.15800, -0.94011
-0.15700, -0.95883
-0.15600, -0.97313
-0.15500, -0.98434
-0.15400, -0.99244
-0.15300, -0.99465
-0.15200, -0.99216
-0.15100, -0.98741
-0.15000, -0.98091
-0.14900, -0.96757
-0.14800, -0.94810
-0.14700, -0.92560
-0.14600, -0.89943
-0.14500, -0.87164
-0.14400, -0.84342
-0.14300, -0.81214
-0.14200, -0.77342
-0.14100, -0.72719
-0.14000, -0.67806
-0.13900, -0.62842
-0.13800, -0.57984
-0.13700, -0.53291
-0.13600, -0.48534
-0.13500, -0.42950
-0.13400, -0.36300
-0.13300, -0.29779
-0.13200, -0.23548
-0.13100, -0.17528
-0.13000, -0.11937
-0.12900, -0.06440
-0.12800, -0.00423
-0.12700, 0.06475
-0.12600, 0.13431
-0.12500, 0.20046
-0.12400, 0.26269
-0.12300, 0.31699
-0.12200, 0.36877
-0.12100, 0.42543
-0.12000, 0.48703
-0.11900, 0.54892
-0.11800, 0.60581
-0.11700, 0.65466
-0.11600, 0.69719
-0.11500, 0.73756
-0.11400, 0.77934
-0.11300, 0.82059
-0.11200, 0.85926
-0.11100, 0.89382
-0.11000, 0.92257
-0.10900, 0.94604
-0.10800, 0.96447
-0.10700, 0.97669
-0.10600, 0.98828
-0.10500, 0.99804
-0.10400, 0.99877
-0.10300, 0.99812
-0.10200, 0.99654
-0.10100, 0.99443
-0.10000, 0.98901
-0.09900, 0.97908
-0.09800, 0.96309
-0.09700, 0.94082
-0.09600, 0.91373
-0.09500, 0.88427
-0.09400, 0.85455
-0.09300, 0.82250
-0.09200, 0.78452
-0.09100, 0.73864
-0.09000, 0.68937
-0.08900, 0.63853
-0.08800, 0.58672
-0.08700, 0.54025
-0.08600, 0.49271
-0.08500, 0.43591
-0.08400, 0.37502
-0.08300, 0.30950
-0.08200, 0.24136
-0.08100, 0.17972
-0.08000, 0.12416
-0.07900, 0.06996
-0.07800, 0.01184
-0.07700, -0.05346
-0.07600, -0.12373
-0.07500, -0.19311
-0.07400, -0.25686
-0.07300, -0.31222
-0.07200, -0.36274
-0.07100, -0.41956
-0.07000, -0.47843
-0.06900, -0.53567
-0.06800, -0.59538
-0.06700, -0.64809
-0.06600, -0.69048
-0.06500, -0.72918
-0.06400, -0.76766
-0.06300, -0.80619
-0.06200, -0.84362
-0.06100, -0.87948
-0.06000, -0.90991
-0.05900, -0.93228
-0.05800, -0.94973
-0.05700, -0.96579
-0.05600, -0.97996
-0.05500, -0.98825
-0.05400, -0.99357
-0.05300, -0.99537
-0.05200, -0.99048
-0.05100, -0.98377
-0.05000, -0.97557
-0.04900, -0.96230
-0.04800, -0.94199
-0.04700, -0.91642
-0.04600, -0.88813
-0.04500, -0.85802
-0.04400, -0.82780
-0.04300, -0.79601
-0.04200, -0.75795
-0.04100, -0.71339
-0.04000, -0.66312
-0.03900, -0.60909
-0.03800, -0.55703
-0.03700, -0.50818
-0.03600, -0.45940
-0.03500, -0.40585
-0.03400, -0.34606
-0.03300, -0.28075
-0.03200, -0.21217
-0.03100, -0.14740
-0.03000, -0.08934
-0.02900, -0.03418
-0.02800, 0.02243
-0.02700, 0.08366
-0.02600, 0.15065
-0.02500, 0.22131
-0.02400, 0.28797
-0.02300, 0.34495
-0.02200, 0.39697
-0.02100, 0.45054
-0.02000, 0.50732
-0.01900, 0.56309
-0.01800, 0.62081
-0.01700, 0.67619
-0.01600, 0.71925
-0.01500, 0.75694
-0.01400, 0.79460
-0.01300, 0.83234
-0.01200, 0.86837
-0.01100, 0.90294
-0.01000, 0.93465
-0.00900, 0.95741
-0.00800, 0.97060
-0.00700, 0.97948
-0.00600, 0.99075
-0.00500, 0.99603
-0.00400, 0.99692
-0.00300, 0.99668
-0.00200, 0.99540
-0.00100, 0.99224
0.00000, 0.98240
0.00100, 0.97509
0.00200, 0.96053
0.00300, 0.93177
0.00400, 0.90170
0.00500, 0.87097
0.00600, 0.83832
0.00700, 0.80579
0.00800, 0.76878
0.00900, 0.72510
0.01000, 0.67589
0.01100, 0.62068
0.01200, 0.56469
0.01300, 0.51362
0.01400, 0.46464
0.01500, 0.41223
0.01600, 0.35312
0.01700, 0.28881
0.01800, 0.22067
0.01900, 0.15328
0.02000, 0.09333
0.02100, 0.03897
0.02200, -0.01600
0.02300, -0.07705
0.02400, -0.14259
0.02500, -0.21143
0.02600, -0.28021
0.02700, -0.34008
0.02800, -0.39334
0.02900, -0.44543
0.03000, -0.49800
0.03100, -0.55295
0.03200, -0.60979
0.03300, -0.66444
0.03400, -0.71057
0.03500, -0.74903
0.03600, -0.78558
0.03700, -0.82168
0.03800, -0.85633
0.03900, -0.88830
0.04000, -0.91755
0.04100, -0.94186
0.04200, -0.95972
0.04300, -0.97229
0.04400, -0.98170
0.04500, -0.98976
0.04600, -0.99615
0.04700, -0.99547
0.04800, -0.98812
0.04900, -0.97874
0.05000, -0.96865
0.05100, -0.95509
0.05200, -0.93490
0.05300, -0.90838
0.05400, -0.87810
0.05500, -0.84538
0.05600, -0.80979
0.05700, -0.77543
0.05800, -0.74031
0.05900, -0.69754
0.06000, -0.64829
0.06100, -0.59343
0.06200, -0.53496
0.06300, -0.48033
0.06400, -0.43024
0.06500, -0.38023
0.06600, -0.32455
0.06700, -0.26130
0.06800, -0.19255
0.06900, -0.12354
0.07000, -0.06020
0.07100, -0.00370
0.07200, 0.05013
0.07300, 0.10771
0.07400, 0.17237
0.07500, 0.24232
0.07600, 0.31018
0.07700, 0.37144
0.07800, 0.42606
0.07900, 0.47774
0.08000, 0.52804
0.08100, 0.58111
0.08200, 0.64102
0.08300, 0.69524
0.08400, 0.73951
0.08500, 0.77868
0.08600, 0.81308
0.08700, 0.84657
0.08800, 0.88137
0.08900, 0.91166
0.09000, 0.93995
0.09100, 0.96484
0.09200, 0.97628
0.09300, 0.98433
0.09400, 0.99368
0.09500, 0.99571
0.09600, 0.99681
0.09700, 0.99685
0.09800, 0.99573
0.09900, 0.98855
0.10000, 0.97776
0.10100, 0.96886
0.10200, 0.95215
0.10300, 0.92565
0.10400, 0.89253
0.10500, 0.85702
0.10600, 0.82139
0.10700, 0.78589
0.10800, 0.74897
0.10900, 0.70779
0.11000, 0.65842
0.11100, 0.60087
0.11200, 0.54524
0.11300, 0.49062
0.11400, 0.43501
0.11500, 0.38481
0.11600, 0.33238
0.11700, 0.27006
0.11800, 0.19979
0.11900, 0.13060
0.12000, 0.06701
0.12100, 0.00783
0.12200, -0.04677
0.12300, -0.10194
0.12400, -0.16431
0.12500, -0.23366
0.12600, -0.30310
0.12700, -0.36596
0.12800, -0.42132
0.12900, -0.47137
0.13000, -0.52041
0.13100, -0.57293
0.13200, -0.62778
0.13300, -0.68072
0.13400, -0.72770
0.13500, -0.76933
0.13600, -0.80551
0.13700, -0.83665
0.13800, -0.86650
0.13900, -0.89751
0.14000, -0.92782
0.14100, -0.95123
0.14200, -0.96711
0.14300, -0.97745
0.14400, -0.98489
0.14500, -0.99193
0.14600, -0.99547
0.14700, -0.99143
0.14800, -0.98538
0.14900, -0.97614
0.15000, -0.96118
0.15100, -0.94520
0.15200, -0.92669
0.15300, -0.90181
0.15400, -0.86913
0.15500, -0.83238
0.15600, -0.79431
0.15700, -0.75543
0.15800, -0.71815
0.15900, -0.67963
0.16000, -0.63353
0.16100, -0.57732
0.16200, -0.51676
0.16300, -0.45825
0.16400, -0.40134
0.16500, -0.34922
0.16600, -0.29929
0.16700, -0.24056
0.16800, -0.17256
0.16900, -0.10166
0.17000, -0.03564
0.17100, 0.02484
0.17200, 0.08031
0.17300, 0.13392
0.17400, 0.19474
0.17500, 0.26252
0.17600, 0.33116
0.17700, 0.39506
0.17800, 0.45419
0.17900, 0.50723
0.18000, 0.55182
0.18100, 0.60026
0.18200, 0.65471
0.18300, 0.70643
0.18400, 0.75520
0.18500, 0.79805
0.18600, 0.83237
0.18700, 0.86320
0.18800, 0.89291
0.18900, 0.92207
0.19000, 0.95041
0.19100, 0.97063
0.19200, 0.98146
0.19300, 0.99022
0.19400, 0.99481
0.19500, 0.99656
0.19600, 0.99755
0.19700, 0.99753
0.19800, 0.99525
0.19900, 0.98428
0.20000, 0.97316
0.20100, 0.95993
0.20200, 0.94038
0.20300, 0.91538
0.20400, 0.88348
0.20500, 0.84581
0.20600, 0.80650
0.20700, 0.76551
0.20800, 0.72554
0.20900, 0.68783
0.21000, 0.64191
0.21100, 0.58720
0.21200, 0.52865
0.21300, 0.46785
0.21400, 0.40858
0.21500, 0.35394
0.21600, 0.30275
0.21700, 0.24631
0.21800, 0.18187
0.21900, 0.11442
0.22000, 0.04518
0.22100, -0.02088
0.22200, -0.07855
0.22300, -0.13178
0.22400, -0.18843
0.22500, -0.25264
0.22600, -0.31948
0.22700, -0.38578
0.22800, -0.44753
0.22900, -0.49972
0.23000, -0.54557
0.23100, -0.59215
0.23200, -0.64436
0.23300, -0.69555
0.23400, -0.74348
0.23500, -0.78799
0.23600, -0.82299
0.23700, -0.85179
0.23800, -0.87998
0.23900, -0.90747
0.24000, -0.93391
0.24100, -0.95721
0.24200, -0.97367
0.24300, -0.98306
0.24400, -0.98837
0.24500, -0.99291
0.24600, -0.99455
0.24700, -0.99143
0.24800, -0.98313
0.24900, -0.97040
0.25000, -0.95366
0.25100, -0.93463
0.25200, -0.91600
0.25300, -0.89235
0.25400, -0.86036
0.25500, -0.82270
0.25600, -0.78119
0.25700, -0.73804
0.25800, -0.69591
0.25900, -0.65654
0.26000, -0.61312
0.26100, -0.55949
0.26200, -0.50137
0.26300, -0.43989
0.26400, -0.37712
0.26500, -0.31979
0.26600, -0.26821
0.26700, -0.21513
0.26800, -0.15156
0.26900, -0.08392
0.27000, -0.01586
0.27100, 0.05171
0.27200, 0.11180
0.27300, 0.16589
0.27400, 0.22104
0.27500, 0.28263
0.27600, 0.34821
0.27700, 0.41393
0.27800, 0.47773
0.27900, 0.53257
0.28000, 0.57870
0.28100, 0.62422
0.28200, 0.67210
0.28300, 0.72158
0.28400, 0.76989
0.28500, 0.81407
0.28600, 0.85084
0.28700, 0.87951
0.28800, 0.90438
0.28900, 0.93057
0.29000, 0.95641
0.29100, 0.97375
0.29200, 0.98613
0.29300, 0.99530
0.29400, 0.99740
0.29500, 0.99873
0.29600, 0.99914
0.29700, 0.99850
0.29800, 0.99235
0.29900, 0.98133
0.30000, 0.96884
0.30100, 0.94948
0.30200, 0.92741
0.30300, 0.90404
0.30400, 0.87362
0.30500, 0.83564
0.30600, 0.79250
0.30700, 0.74756
0.30800, 0.70330
0.30900, 0.66188
0.31000, 0.62082
0.31100, 0.56951
0.31200, 0.51113
0.31300, 0.45044
0.31400, 0.38506
0.31500, 0.32411
0.31600, 0.27148
0.31700, 0.21960
0.31800, 0.16048
0.31900, 0.09343
0.32000, 0.02345
0.32100, -0.04583
0.32200, -0.10982
0.32300, -0.16593
0.32400, -0.21789
0.32500, -0.27465
0.32600, -0.33935
0.32700, -0.40452
0.32800, -0.46810
0.32900, -0.52575
0.33000, -0.57239
0.33100, -0.61713
0.33200, -0.66337
0.33300, -0.70905
0.33400, -0.75655
0.33500, -0.80182
0.33600, -0.83909
0.33700, -0.86812
0.33800, -0.89366
0.33900, -0.91862
0.34000, -0.94118
0.34100, -0.96164
0.34200, -0.97806
0.34300, -0.98725
0.34400, -0.99206
0.34500, -0.99412
0.34600, -0.99324
0.34700, -0.98926
0.34800, -0.98024
0.34900, -0.96520
0.35000, -0.94641
0.35100, -0.92499
0.35200, -0.90173
0.35300, -0.87689
0.35400, -0.84644
0.35500, -0.80901
0.35600, -0.76674
0.35700, -0.72124
0.35800, -0.67553
0.35900, -0.63179
0.36000, -0.58766
0.36100, -0.53897
0.36200, -0.48300
0.36300, -0.42074
0.36400, -0.35535
0.36500, -0.29244
0.36600, -0.23725
0.36700, -0.18440
0.36800, -0.12746
0.36900, -0.06337
0.37000, 0.00549
0.37100, 0.07576
0.37200, 0.14293
0.37300, 0.20119
0.37400, 0.25433
0.37500, 0.30879
0.37600, 0.36746
0.37700, 0.43182
0.37800, 0.49746
0.37900, 0.55568
0.38000, 0.60554
0.38100, 0.64981
0.38200, 0.69243
0.38300, 0.73648
0.38400, 0.78177
0.38500, 0.82571
0.38600, 0.86471
0.38700, 0.89474
0.38800, 0.91788
0.38900, 0.94255
0.39000, 0.96321
0.39100, 0.97748
0.39200, 0.98970
0.39300, 0.99515
0.39400, 0.99713
0.39500, 0.99829
0.39600, 0.99856
0.39700, 0.99711
0.39800, 0.98933
0.39900, 0.97881
0.40000, 0.96208
0.40100, 0.93802
0.40200, 0.91273
0.40300, 0.88831
0.40400, 0.86101
0.40500, 0.82478
0.40600, 0.78089
0.40700, 0.73231
0.40800, 0.68288
0.40900, 0.63763
0.41000, 0.59426
0.41100, 0.54709
0.41200, 0.49240
0.41300, 0.43094
0.41400, 0.36562
0.41500, 0.30056
0.41600, 0.24199
0.41700, 0.18895
0.41800, 0.13366
0.41900, 0.07068
0.42000, 0.00201
0.42100, -0.06697
0.42200, -0.13400
0.42300, -0.19526
0.42400, -0.24988
0.42500, -0.30334
0.42600, -0.35976
0.42700, -0.42144
0.42800, -0.48712
0.42900, -0.54667
0.43000, -0.59728
0.43100, -0.64288
0.43200, -0.68286
0.43300, -0.72385
0.43400, -0.77037
0.43500, -0.81260
0.43600, -0.84969
0.43700, -0.88262
0.43800, -0.90838
0.43900, -0.92963
0.44000, -0.94908
0.44100, -0.96657
0.44200, -0.97989
0.44300, -0.98897
0.44400, -0.99471
0.44500, -0.99515
0.44600, -0.99130
0.44700, -0.98501
0.44800, -0.97551
0.44900, -0.96087
0.45000, -0.94018
0.45100, -0.91480
0.45200, -0.88767
0.45300, -0.86056
0.45400, -0.83238
0.45500, -0.79778
0.45600, -0.75531
0.45700, -0.70742
0.45800, -0.65712
0.45900, -0.60776
0.46000, -0.56099
0.46100, -0.51451
0.46200, -0.46298
0.46300, -0.40313
0.46400, -0.33686
0.46500, -0.27003
0.46600, -0.20792
0.46700, -0.15223
0.46800, -0.09810
0.46900, -0.03953
0.47000, 0.02625
0.47100, 0.09493
0.47200, 0.16377
0.47300, 0.22938
0.47400, 0.28624
0.47500, 0.33730
0.47600, 0.39009
0.47700, 0.45081
0.47800, 0.51326
0.47900, 0.57289
0.48000, 0.62842
0.48100, 0.67462
0.48200, 0.71417
0.48300, 0.75372
0.48400, 0.79520
0.48500, 0.83667
0.48600, 0.87497
0.48700, 0.90759
0.48800, 0.93321
0.48900, 0.95292
0.49000, 0.96938
0.49100, 0.98211
0.49200, 0.99095
0.49300, 0.99368
0.49400, 0.99596
0.49500, 0.99754
0.49600, 0.99816
0.49700, 0.99474
0.49800, 0.98583
0.49900, 0.97402
0.50000, 0.95564
0.50100, 0.92949
0.50200, 0.89979
0.50300, 0.87276
0.50400, 0.84412
0.50500, 0.80940
0.50600, 0.76712
0.50700, 0.71883
0.50800, 0.66767
0.50900, 0.61651
0.51000, 0.56648
0.51100, 0.51908
0.51200, 0.47082
0.51300, 0.41293
0.51400, 0.34705
0.51500, 0.27897
0.51600, 0.21435
0.51700, 0.15520
0.51800, 0.10020
0.51900, 0.04455
0.52000, -0.01916
0.52100, -0.08756
0.52200, -0.15526
0.52300, -0.22310
0.52400, -0.28352
0.52500, -0.33414
0.52600, -0.38439
0.52700, -0.44307
0.52800, -0.50613
0.52900, -0.56270
0.53000, -0.61816
0.53100, -0.66824
0.53200, -0.70653
0.53300, -0.74282
0.53400, -0.78199
0.53500, -0.82290
0.53600, -0.86107
0.53700, -0.89449
0.53800, -0.92125
0.53900, -0.93992
0.54000, -0.95600
0.54100, -0.97121
0.54200, -0.98307
0.54300, -0.99181
0.54400, -0.99576
0.54500, -0.99356
0.54600, -0.98807
0.54700, -0.98100
0.54800, -0.97135
0.54900, -0.95576
0.55000, -0.93392
0.55100, -0.90666
0.55200, -0.87547
0.55300, -0.84443
0.55400, -0.81434
0.55500, -0.78176
0.55600, -0.74154
0.55700, -0.69310
0.55800, -0.63963
0.55900, -0.58543
0.56000, -0.53406
0.56100, -0.48656
0.56200, -0.43963
0.56300, -0.38391
0.56400, -0.31811
0.56500, -0.25022
0.56600, -0.18294
0.56700, -0.12039
0.56800, -0.06517
0.56900, -0.01014
0.57000, 0.04994
0.57100, 0.11605
0.57200, 0.18493
0.57300, 0.25315
0.57400, 0.31583
0.57500, 0.36843
0.57600, 0.41789
0.57700, 0.47143
0.57800, 0.53076
0.57900, 0.59014
0.58000, 0.64620
0.58100, 0.69702
0.58200, 0.73781
0.58300, 0.77378
0.58400, 0.81155
0.58500, 0.84983
0.58600, 0.88562
0.58700, 0.91720
0.58800, 0.94422
0.58900, 0.96301
0.59000, 0.97489
0.59100, 0.98540
0.59200, 0.99123
0.59300, 0.99427
0.59400, 0.99665
0.59500, 0.99800
0.59600, 0.99719
0.59700, 0.98886
0.59800, 0.98007
0.59900, 0.96819
0.60000, 0.94886
0.60100, 0.92208
0.60200, 0.88997
0.60300, 0.85642
0.60400, 0.82426
0.60500, 0.79029
0.60600, 0.75145
0.60700, 0.70564
0.60800, 0.65187
0.60900, 0.59621
0.61000, 0.54336
0.61100, 0.49146
0.61200, 0.44231
0.61300, 0.39128
0.61400, 0.32898
0.61500, 0.26194
0.61600, 0.19541
0.61700, 0.13110
0.61800, 0.07293
0.61900, 0.01934
0.62000, -0.03573
0.62100, -0.09875
0.62200, -0.16705
0.62300, -0.23597
0.62400, -0.30299
0.62500, -0.36089
0.62600, -0.41032
0.62700, -0.46118
0.62800, -0.51939
0.62900, -0.57992
0.63000, -0.63433
0.63100, -0.68511
0.63200, -0.72949
0.63300, -0.76540
0.63400, -0.79924
0.63500, -0.83504
0.63600, -0.87159
0.63700, -0.90344
0.63800, -0.92969
0.63900, -0.94982
0.64000, -0.96375
0.64100, -0.97593
0.64200, -0.98653
0.64300, -0.99296
0.64400, -0.99530
0.64500, -0.99256
0.64600, -0.98483
0.64700, -0.97506
0.64800, -0.96326
0.64900, -0.94794
0.65000, -0.92701
0.65100, -0.89773
0.65200, -0.86324
0.65300, -0.82986
0.65400, -0.79619
0.65500, -0.76120
0.65600, -0.72305
0.65700, -0.67618
0.65800, -0.62357
0.65900, -0.56919
0.66000, -0.51230
0.66100, -0.45834
0.66200, -0.40911
0.66300, -0.35868
0.66400, -0.29951
0.66500, -0.23291
0.66600, -0.16606
0.66700, -0.10007
0.66800, -0.03922
0.66900, 0.01458
0.67000, 0.06957
0.67100, 0.13046
0.67200, 0.19688
0.67300, 0.26473
0.67400, 0.33225
0.67500, 0.39417
0.67600, 0.44483
0.67700, 0.49492
0.67800, 0.54967
0.67900, 0.60621
0.68000, 0.66110
0.68100, 0.71276
0.68200, 0.75875
0.68300, 0.79439
0.68400, 0.82677
0.68500, 0.86159
0.68600, 0.89550
0.68700, 0.92758
0.68800, 0.95386
0.68900, 0.96945
0.69000, 0.98060
0.69100, 0.98784
0.69200, 0.98899
0.69300, 0.98965
0.69400, 0.98980
0.69500, 0.98942
0.69600, 0.98848
0.69700, 0.98448
0.69800, 0.97317
0.69900, 0.96106
0.70000, 0.94191
0.70100, 0.91333
0.70200, 0.87945
0.70300, 0.84229
0.70400, 0.80495
0.70500, 0.76958
0.70600, 0.73316
0.70700, 0.68862
0.70800, 0.63444
0.70900, 0.57965
0.71000, 0.52232
0.71100, 0.46396
0.71200, 0.41294
0.71300, 0.36388
0.71400, 0.30802
0.71500, 0.24151
0.71600, 0.17335
0.71700, 0.10748
0.71800, 0.04455
0.71900, -0.01171
0.72000, -0.06484
0.72100, -0.12158
0.72200, -0.18638
0.72300, -0.25587
0.72400, -0.32430
0.72500, -0.38676
0.72600, -0.44042
0.72700, -0.48966
0.72800, -0.54167
0.72900, -0.59537
0.73000, -0.65019
0.73100, -0.70379
0.73200, -0.74856
0.73300, -0.78461
0.73400, -0.81648
0.73500, -0.84863
0.73600, -0.88113
0.73700, -0.91189
0.73800, -0.93819
0.73900, -0.95793
0.74000, -0.97152
0.74100, -0.98108
0.74200, -0.98826
0.74300, -0.99370
0.74400, -0.99583
0.74500, -0.99080
0.74600, -0.98111
0.74700, -0.96933
0.74800, -0.95446
0.74900, -0.93702
0.75000, -0.91613
0.75100, -0.88926
0.75200, -0.85490
0.75300, -0.81602
0.75400, -0.77733
0.75500, -0.73968
0.75600, -0.70185
0.75700, -0.66000
0.75800, -0.60870
0.75900, -0.55220
0.76000, -0.49409
0.76100, -0.43369
0.76200, -0.37831
0.76300, -0.32833
0.76400, -0.27547
0.76500, -0.21297
0.76600, -0.14399
0.76700, -0.07538
0.76800, -0.00772
0.76900, 0.05201
0.77000, 0.10322
0.77100, 0.16007
0.77200, 0.22343
0.77300, 0.28984
0.77400, 0.35698
0.77500, 0.42135
0.77600, 0.47803
0.77700, 0.52509
0.77800, 0.57174
0.77900, 0.62273
0.78000, 0.67639
0.78100, 0.72721
0.78200, 0.77392
0.78300, 0.81508
0.78400, 0.84708
0.78500, 0.87551
0.78600, 0.90501
0.78700, 0.93443
0.78800, 0.95909
0.78900, 0.97559
0.79000, 0.98488
0.79100, 0.99399
0.79200, 0.99818
0.79300, 0.99737
0.79400, 0.99537
0.79500, 0.99257
0.79600, 0.98940
0.79700, 0.98008
0.79800, 0.96779
0.79900, 0.95093
0.80000, 0.92884
0.80100, 0.90225
0.80200, 0.87012
0.80300, 0.83137
0.80400, 0.78929
0.80500, 0.74863
0.80600, 0.71035
0.80700, 0.66805
0.80800, 0.61919
0.80900, 0.56368
0.81000, 0.50279
0.81100, 0.44129
0.81200, 0.38436
0.81300, 0.33345
0.81400, 0.27999
0.81500, 0.22015
0.81600, 0.15492
0.81700, 0.08495
0.81800, 0.01589
0.81900, -0.04626
0.82000, -0.10103
0.82100, -0.15648
0.82200, -0.21681
0.82300, -0.27872
0.82400, -0.34487
0.82500, -0.41234
0.82600, -0.47246
0.82700, -0.52108
0.82800, -0.56500
0.82900, -0.61308
0.83000, -0.66332
0.83100, -0.71405
0.83200, -0.76251
0.83300, -0.80322
0.83400, -0.83519
0.83500, -0.86272
0.83600, -0.89205
0.83700, -0.91998
0.83800, -0.94430
0.83900, -0.96463
0.84000, -0.97744
0.84100, -0.98498
0.84200, -0.99131
0.84300, -0.99537
0.84400, -0.99444
0.84500, -0.98785
0.84600, -0.97817
0.84700, -0.96477
0.84800, -0.94710
0.84900, -0.92643
0.85000, -0.90494
0.85100, -0.87867
0.85200, -0.84272
0.85300, -0.80355
0.85400, -0.76235
0.85500, -0.71925
0.85600, -0.67950
0.85700, -0.63829
0.85800, -0.59033
0.85900, -0.53626
0.86000, -0.47576
0.86100, -0.41242
0.86200, -0.35299
0.86300, -0.29865
0.86400, -0.24531
0.86500, -0.18732
0.86600, -0.12307
0.86700, -0.05435
0.86800, 0.01468
0.86900, 0.07889
0.87000, 0.13634
0.87100, 0.19015
0.87200, 0.24724
0.87300, 0.30921
0.87400, 0.37511
0.87500, 0.44163
0.87600, 0.50138
0.87700, 0.55228
0.87800, 0.59798
0.87900, 0.64429
0.88000, 0.69152
0.88100, 0.73893
0.88200, 0.78790
0.88300, 0.83091
0.88400, 0.86338
0.88500, 0.88960
0.88600, 0.91645
0.88700, 0.94304
0.88800, 0.96343
0.88900, 0.97967
0.89000, 0.98956
0.89100, 0.99140
0.89200, 0.99267
0.89300, 0.99334
0.89400, 0.99338
0.89500, 0.99277
0.89600, 0.98882
0.89700, 0.97567
0.89800, 0.95850
0.89900, 0.93894
0.90000, 0.91743
0.90100, 0.89239
0.90200, 0.85820
0.90300, 0.81669
0.90400, 0.77297
0.90500, 0.72836
0.90600, 0.68629
0.90700, 0.64577
0.90800, 0.59887
0.90900, 0.54577
0.91000, 0.48689
0.91100, 0.42200
0.91200, 0.35953
0.91300, 0.30318
0.91400, 0.25016
0.91500, 0.19519
0.91600, 0.13286
0.91700, 0.06294
0.91800, -0.00599
0.91900, -0.07120
0.92000, -0.13212
0.92100, -0.18797
0.92200, -0.24312
0.92300, -0.30149
0.92400, -0.36445
0.92500, -0.43162
0.92600, -0.49468
0.92700, -0.54586
0.92800, -0.59263
0.92900, -0.63750
0.93000, -0.68114
0.93100, -0.72741
0.93200, -0.77382
0.93300, -0.81607
0.93400, -0.85144
0.93500, -0.87963
0.93600, -0.90385
0.93700, -0.92813
0.93800, -0.95026
0.93900, -0.96861
0.94000, -0.98239
0.94100, -0.98997
0.94200, -0.99321
0.94300, -0.99410
0.94400, -0.99157
0.94500, -0.98425
0.94600, -0.97233
0.94700, -0.95725
0.94800, -0.93786
0.94900, -0.91507
0.95000, -0.89126
0.95100, -0.86551
0.95200, -0.83269
0.95300, -0.79022
0.95400, -0.74549
0.95500, -0.70121
0.95600, -0.65743
0.95700, -0.61411
0.95800, -0.56853
0.95900, -0.51694
0.96000, -0.45689
0.96100, -0.39171
0.96200, -0.32772
0.96300, -0.26994
0.96400, -0.21577
0.96500, -0.16072
0.96600, -0.10120
0.96700, -0.03633
0.96800, 0.03263
0.96900, 0.10144
0.97000, 0.16392
0.97100, 0.22076
0.97200, 0.27587
0.97300, 0.33348
0.97400, 0.39545
0.97500, 0.45992
0.97600, 0.52202
0.97700, 0.57624
0.97800, 0.62315
0.97900, 0.66676
0.98000, 0.71033
0.98100, 0.75448
0.98200, 0.79907
0.98300, 0.84299
0.98400, 0.87901
0.98500, 0.90613
0.98600, 0.93038
0.98700, 0.95302
0.98800, 0.97029
0.98900, 0.98034
0.99000, 0.98514
0.99100, 0.98802
0.99200, 0.99068
0.99300, 0.99275
0.99400, 0.99387
0.99500, 0.99368
0.99600, 0.98113
0.99700, 0.96562
0.99800, 0.95168
0.99900, 0.92926
1.00000, 0.90371
1.00100, 0.87691
1.00200, 0.84505
1.00300, 0.80347
1.00400, 0.75671
1.00500, 0.71077
1.00600, 0.66585
1.00700, 0.62076
1.00800, 0.57461
1.00900, 0.52569
1.01000, 0.46613
1.01100, 0.39972
1.01200, 0.33738
1.01300, 0.27638
1.01400, 0.21901
1.01500, 0.16642
1.01600, 0.10790
1.01700, 0.04352
1.01800, -0.02354
1.01900, -0.09326
1.02000, -0.15870
1.02100, -0.21654
1.02200, -0.27073
1.02300, -0.32618
1.02400, -0.38645
1.02500, -0.45106
1.02600, -0.51236
1.02700, -0.56737
1.02800, -0.61633
1.02900, -0.65918
1.03000, -0.70059
1.03100, -0.74362
1.03200, -0.78624
1.03300, -0.82826
1.03400, -0.86565
1.03500, -0.89278
1.03600, -0.91550
1.03700, -0.93685
1.03800, -0.95583
1.03900, -0.97204
1.04000, -0.98430
1.04100, -0.99166
1.04200, -0.99448
1.04300, -0.99284
1.04400, -0.98825
1.04500, -0.98260
1.04600, -0.96958
1.04700, -0.94960
1.04800, -0.92908
1.04900, -0.90416
1.05000, -0.87640
1.05100, -0.84957
1.05200, -0.81913
1.05300, -0.77969
1.05400, -0.73163
1.05500, -0.68362
1.05600, -0.63576
1.05700, -0.58782
1.05800, -0.54222
1.05900, -0.49408
1.06000, -0.43833
1.06100, -0.37409
1.06200, -0.30779
1.06300, -0.24451
1.06400, -0.18605
1.06500, -0.13080
1.06600, -0.07452
1.06700, -0.01352
1.06800, 0.05267
1.06900, 0.12167
1.07000, 0.18954
1.07100, 0.25187
1.07200, 0.30635
1.07300, 0.35849
1.07400, 0.41655
1.07500, 0.47794
1.07600, 0.53952
1.07700, 0.59809
1.07800, 0.64895
1.07900, 0.69113
1.08000, 0.72929
1.08100, 0.77150
1.08200, 0.81405
1.08300, 0.85300
1.08400, 0.88829
1.08500, 0.91834
1.08600, 0.94228
1.08700, 0.96045
1.08800, 0.97395
1.08900, 0.98631
1.09000, 0.99712
1.09100, 0.99871
1.09200, 0.99823
1.09300, 0.99679
1.09400, 0.99478
1.09500, 0.99034
1.09600, 0.98112
1.09700, 0.96556
1.09800, 0.94356
1.09900, 0.91709
1.10000, 0.88885
1.10100, 0.86062
1.10200, 0.82962
1.10300, 0.79172
1.10400, 0.74570
1.10500, 0.69648
1.10600, 0.64717
1.10700, 0.59653
1.10800, 0.54877
1.10900, 0.50137
1.11000, 0.44617
1.11100, 0.38389
1.11200, 0.31724
1.11300, 0.25036
1.11400, 0.18981
1.11500, 0.13507
1.11600, 0.08092
1.11700, 0.02169
1.11800, -0.04385
1.11900, -0.11337
1.12000, -0.18230
1.12100, -0.24601
1.12200, -0.30201
1.12300, -0.35257
1.12400, -0.40778
1.12500, -0.46767
1.12600, -0.52723
1.12700, -0.58667
1.12800, -0.63967
1.12900, -0.68237
1.13000, -0.72071
1.13100, -0.76089
1.13200, -0.80279
1.13300, -0.84079
1.13400, -0.87545
1.13500, -0.90519
1.13600, -0.92748
1.13700, -0.94615
1.13800, -0.96314
1.13900, -0.97782
1.14000, -0.98834
1.14100, -0.99374
1.14200, -0.99416
1.14300, -0.99078
1.14400, -0.98517
1.14500, -0.97721
1.14600, -0.96487
1.14700, -0.94616
1.14800, -0.92151
1.14900, -0.89315
1.15000, -0.86310
1.15100, -0.83280
1.15200, -0.80159
1.15300, -0.76549
1.15400, -0.71988
1.15500, -0.66705
1.15600, -0.61646
1.15700, -0.56542
1.15800, -0.51477
1.15900, -0.46863
1.16000, -0.41621
1.16100, -0.35457
1.16200, -0.28870
1.16300, -0.22213
1.16400, -0.15786
1.16500, -0.09863
1.16600, -0.04548
1.16700, 0.01010
1.16800, 0.07426
1.16900, 0.14430
1.17000, 0.21435
1.17100, 0.27875
1.17200, 0.33483
1.17300, 0.38645
1.17400, 0.43993
1.17500, 0.49859
1.17600, 0.55733
1.17700, 0.61491
1.17800, 0.66937
1.17900, 0.71430
1.18000, 0.75128
1.18100, 0.78674
1.18200, 0.82639
1.18300, 0.86465
1.18400, 0.89906
1.18500, 0.93041
1.18600, 0.95313
1.18700, 0.96774
1.18800, 0.97908
1.18900, 0.98996
1.19000, 0.99564
1.19100, 0.99648
1.19200, 0.99637
1.19300, 0.99539
1.19400, 0.99361
1.19500, 0.98531
1.19600, 0.97741
1.19700, 0.96413
1.19800, 0.93661
1.19900, 0.90558
1.20000, 0.87490
1.20100, 0.84349
1.20200, 0.81247
1.20300, 0.77696
1.20400, 0.73301
1.20500, 0.68233
1.20600, 0.62717
1.20700, 0.57232
1.20800, 0.52280
1.20900, 0.47475
1.21000, 0.42294
1.21100, 0.36398
1.21200, 0.29821
1.21300, 0.22968
1.21400, 0.16376
1.21500, 0.10408
1.21600, 0.04948
1.21700, -0.00488
1.21800, -0.06526
1.21900, -0.13347
1.22000, -0.20472
1.22100, -0.27068
1.22200, -0.32949
1.22300, -0.38296
1.22400, -0.43489
1.22500, -0.48950
1.22600, -0.54744
1.22700, -0.60552
1.22800, -0.65794
1.22900, -0.70264
1.23000, -0.74130
1.23100, -0.77789
1.23200, -0.81446
1.23300, -0.85085
1.23400, -0.88504
1.23500, -0.91425
1.23600, -0.93809
1.23700, -0.95710
1.23800, -0.97028
1.23900, -0.98065
1.24000, -0.99001
1.24100, -0.99507
1.24200, -0.99462
1.24300, -0.98956
1.24400, -0.98176
1.24500, -0.97153
1.24600, -0.95772
1.24700, -0.93861
1.24800, -0.91348
1.24900, -0.88312
1.25000, -0.84958
1.25100, -0.81572
1.25200, -0.78299
1.25300, -0.74833
1.25400, -0.70474
1.25500, -0.65517
1.25600, -0.60175
1.25700, -0.54408
1.25800, -0.49042
1.25900, -0.44157
1.26000, -0.39101
1.26100, -0.33449
1.26200, -0.27044
1.26300, -0.20117
1.26400, -0.13337
1.26500, -0.07087
1.26600, -0.01430
1.26700, 0.03908
1.26800, 0.09711
1.26900, 0.16251
1.27000, 0.23125
1.27100, 0.30010
1.27200, 0.36308
1.27300, 0.41633
1.27400, 0.46695
1.27500, 0.51875
1.27600, 0.57309
1.27700, 0.63102
1.27800, 0.68581
1.27900, 0.73245
1.28000, 0.77255
1.28100, 0.80758
1.28200, 0.84071
1.28300, 0.87528
1.28400, 0.90861
1.28500, 0.93844
1.28600, 0.96212
1.28700, 0.97456
1.28800, 0.98287
1.28900, 0.99259
1.29000, 0.99511
1.29100, 0.99591
1.29200, 0.99572
1.29300, 0.99454
1.29400, 0.98925
1.29500, 0.97935
1.29600, 0.97092
1.29700, 0.95488
1.29800, 0.92922
1.29900, 0.89790
1.30000, 0.86315
1.30100, 0.82721
1.30200, 0.79179
1.30300, 0.75659
1.30400, 0.71620
1.30500, 0.66746
1.30600, 0.61216
1.30700, 0.55288
1.30800, 0.49569
1.30900, 0.44554
1.31000, 0.39585
1.31100, 0.34114
1.31200, 0.27946
1.31300, 0.21208
1.31400, 0.14191
1.31500, 0.07445
1.31600, 0.01613
1.31700, -0.03767
1.31800, -0.09379
1.31900, -0.15623
1.32000, -0.22424
1.32100, -0.29281
1.32200, -0.35600
1.32300, -0.41261
1.32400, -0.46294
1.32500, -0.51055
1.32600, -0.56306
1.32700, -0.61878
1.32800, -0.67271
1.32900, -0.72155
1.33000, -0.76387
1.33100, -0.79981
1.33200, -0.83131
1.33300, -0.86226
1.33400, -0.89363
1.33500, -0.92324
1.33600, -0.94765
1.33700, -0.96487
1.33800, -0.97589
1.33900, -0.98476
1.34000, -0.99209
1.34100, -0.99549
1.34200, -0.99226
1.34300, -0.98654
1.34400, -0.97815
1.34500, -0.96367
1.34600, -0.94875
1.34700, -0.93158
1.34800, -0.90667
1.34900, -0.87567
1.35000, -0.83974
1.35100, -0.80083
1.35200, -0.76281
1.35300, -0.72571
1.35400, -0.68654
1.35500, -0.64081
1.35600, -0.58555
1.35700, -0.52501
1.35800, -0.46717
1.35900, -0.41263
1.36000, -0.36020
1.36100, -0.30727
1.36200, -0.24893
1.36300, -0.18347
1.36400, -0.11300
1.36500, -0.04315
1.36600, 0.01955
1.36700, 0.07434
1.36800, 0.12761
1.36900, 0.18649
1.37000, 0.25228
1.37100, 0.32051
1.37200, 0.38519
1.37300, 0.44424
1.37400, 0.49747
1.37500, 0.54434
1.37600, 0.59364
1.37700, 0.64866
1.37800, 0.70003
1.37900, 0.74793
1.38000, 0.79151
1.38100, 0.82700
1.38200, 0.85797
1.38300, 0.88811
1.38400, 0.91855
1.38500, 0.94689
1.38600, 0.96795
1.38700, 0.97987
1.38800, 0.98889
1.38900, 0.99445
1.39000, 0.99629
1.39100, 0.99743
1.39200, 0.99761
1.39300, 0.99638
1.39400, 0.98637
1.39500, 0.97492
1.39600, 0.96264
1.39700, 0.94422
1.39800, 0.91909
1.39900, 0.88798
1.40000, 0.85217
1.40100, 0.81331
1.40200, 0.77255
1.40300, 0.73196
1.40400, 0.69320
1.40500, 0.64939
1.40600, 0.59671
1.40700, 0.53752
1.40800, 0.47684
1.40900, 0.41855
1.41000, 0.36425
1.41100, 0.31229
1.41200, 0.25622
1.41300, 0.19175
1.41400, 0.12217
1.41500, 0.05269
1.41600, -0.01192
1.41700, -0.06935
1.41800, -0.12333
1.41900, -0.17989
1.42000, -0.24313
1.42100, -0.30966
1.42200, -0.37636
1.42300, -0.43938
1.42400, -0.49222
1.42500, -0.53793
1.42600, -0.58392
1.42700, -0.63528
1.42800, -0.68773
1.42900, -0.73705
1.43000, -0.78173
1.43100, -0.81689
1.43200, -0.84558
1.43300, -0.87495
1.43400, -0.90310
1.43500, -0.92954
1.43600, -0.95369
1.43700, -0.97144
1.43800, -0.98190
1.43900, -0.98755
1.44000, -0.99227
1.44100, -0.99458
1.44200, -0.99232
1.44300, -0.98486
1.44400, -0.97283
1.44500, -0.95672
1.44600, -0.93779
1.44700, -0.91935
1.44800, -0.89682
1.44900, -0.86498
1.45000, -0.82649
1.45100, -0.78594
1.45200, -0.74519
1.45300, -0.70296
1.45400, -0.66326
1.45500, -0.62110
1.45600, -0.56656
1.45700, -0.50852
1.45800, -0.44921
1.45900, -0.38713
1.46000, -0.32995
1.46100, -0.27803
1.46200, -0.22488
1.46300, -0.16208
1.46400, -0.09281
1.46500, -0.02289
1.46600, 0.04431
1.46700, 0.10525
1.46800, 0.15986
1.46900, 0.21310
1.47000, 0.27398
1.47100, 0.34011
1.47200, 0.40468
1.47300, 0.46888
1.47400, 0.52548
1.47500, 0.57127
1.47600, 0.61632
1.47700, 0.66393
1.47800, 0.71327
1.47900, 0.76196
1.48000, 0.80712
1.48100, 0.84528
1.48200, 0.87492
1.48300, 0.90104
1.48400, 0.92741
1.48500, 0.95286
1.48600, 0.97072
1.48700, 0.98508
1.48800, 0.99502
