-0.49400, 0.27475
-0.49300, 0.32722
-0.49200, 0.38700
-0.49100, 0.45071
-0.49000, 0.51206
-0.48900, 0.56672
-0.48800, 0.61390
-0.48700, 0.65596
-0.48600, 0.69696
-0.48500, 0.73973
-0.48400, 0.78291
-0.48300, 0.82324
-0.48200, 0.85921
-0.48100, 0.88804
-0.48000, 0.90994
-0.47900, 0.93003
-0.47800, 0.94822
-0.47700, 0.96428
-0.47600, 0.97873
-0.47500, 0.98718
-0.47400, 0.98917
-0.47300, 0.98737
-0.47200, 0.98193
-0.47100, 0.97305
-0.47000, 0.96050
-0.46900, 0.94293
-0.46800, 0.92012
-0.46700, 0.89377
-0.46600, 0.86690
-0.46500, 0.84012
-0.46400, 0.80968
-0.46300, 0.77042
-0.46200, 0.72380
-0.46100, 0.67476
-0.46000, 0.62739
-0.45900, 0.58093
-0.45800, 0.53443
-0.45700, 0.48563
-0.45600, 0.43041
-0.45500, 0.36680
-0.45400, 0.29923
-0.45300, 0.23624
-0.45200, 0.17935
-0.45100, 0.12547
-0.45000, 0.06925
-0.44900, 0.00605
-0.44800, -0.06198
-0.44700, -0.13006
-0.44600, -0.19504
-0.44500, -0.25366
-0.44400, -0.30616
-0.44300, -0.35768
-0.44200, -0.41485
-0.44100, -0.47685
-0.44000, -0.53716
-0.43900, -0.59258
-0.43800, -0.64048
-0.43700, -0.68131
-0.43600, -0.72108
-0.43500, -0.76196
-0.43400, -0.80324
-0.43300, -0.84273
-0.43200, -0.87680
-0.43100, -0.90368
-0.43000, -0.92468
-0.42900, -0.94368
-0.42800, -0.96182
-0.42700, -0.97751
-0.42600, -0.98847
-0.42500, -0.99353
-0.42400, -0.99353
-0.42300, -0.99099
-0.42200, -0.98486
-0.42100, -0.97474
-0.42000, -0.96151
-0.41900, -0.94201
-0.41800, -0.91634
-0.41700, -0.88831
-0.41600, -0.86161
-0.41500, -0.83379
-0.41400, -0.80054
-0.41300, -0.76099
-0.41200, -0.71438
-0.41100, -0.66321
-0.41000, -0.61322
-0.40900, -0.56488
-0.40800, -0.51786
-0.40700, -0.47044
-0.40600, -0.41495
-0.40500, -0.35076
-0.40400, -0.28344
-0.40300, -0.21908
-0.40200, -0.16047
-0.40100, -0.10633
-0.40000, -0.05150
-0.39900, 0.01041
-0.39800, 0.07863
-0.39700, 0.14599
-0.39600, 0.21156
-0.39500, 0.27221
-0.39400, 0.32492
-0.39300, 0.37469
-0.39200, 0.42939
-0.39100, 0.49091
-0.39000, 0.55030
-0.38900, 0.60542
-0.38800, 0.65471
-0.38700, 0.69518
-0.38600, 0.73171
-0.38500, 0.76946
-0.38400, 0.80986
-0.38300, 0.84857
-0.38200, 0.88225
-0.38100, 0.90904
-0.38000, 0.92823
-0.37900, 0.94485
-0.37800, 0.96132
-0.37700, 0.97360
-0.37600, 0.98333
-0.37500, 0.98924
-0.37400, 0.98733
-0.37300, 0.98163
-0.37200, 0.97442
-0.37100, 0.96445
-0.37000, 0.94882
-0.36900, 0.92729
-0.36800, 0.90111
-0.36700, 0.87160
-0.36600, 0.84157
-0.36500, 0.81160
-0.36400, 0.77883
-0.36300, 0.73986
-0.36200, 0.69266
-0.36100, 0.63885
-0.36000, 0.58628
-0.35900, 0.53731
-0.35800, 0.49000
-0.35700, 0.44159
-0.35600, 0.38683
-0.35500, 0.32365
-0.35400, 0.25635
-0.35300, 0.19130
-0.35200, 0.13223
-0.35100, 0.07843
-0.35000, 0.02508
-0.34900, -0.03285
-0.34800, -0.09781
-0.34700, -0.16714
-0.34600, -0.23466
-0.34500, -0.29583
-0.34400, -0.35113
-0.34300, -0.40177
-0.34200, -0.45426
-0.34100, -0.51604
-0.34000, -0.57601
-0.33900, -0.62970
-0.33800, -0.67899
-0.33700, -0.71933
-0.33600, -0.75487
-0.33500, -0.79213
-0.33400, -0.83090
-0.33300, -0.86709
-0.33200, -0.89814
-0.33100, -0.92458
-0.33000, -0.94399
-0.32900, -0.95827
-0.32800, -0.97201
-0.32700, -0.98304
-0.32600, -0.99079
-0.32500, -0.99499
-0.32400, -0.99245
-0.32300, -0.98566
-0.32200, -0.97723
-0.32100, -0.96543
-0.32000, -0.94808
-0.31900, -0.92509
-0.31800, -0.89809
-0.31700, -0.86655
-0.31600, -0.83330
-0.31500, -0.80152
-0.31400, -0.76790
-0.31300, -0.72871
-0.31200, -0.68173
-0.31100, -0.62778
-0.31000, -0.57352
-0.30900, -0.52258
-0.30800, -0.47273
-0.30700, -0.42429
-0.30600, -0.37171
-0.30500, -0.30841
-0.30400, -0.24146
-0.30300, -0.17625
-0.30200, -0.11539
-0.30100, -0.06056
-0.30000, -0.00733
-0.29900, 0.05008
-0.29800, 0.11429
-0.29700, 0.18202
-0.29600, 0.24920
-0.29500, 0.31239
-0.29400, 0.36740
-0.29300, 0.41778
-0.29200, 0.47110
-0.29100, 0.52982
-0.29000, 0.58785
-0.28900, 0.64050
-0.28800, 0.69051
-0.28700, 0.73129
-0.28600, 0.76403
-0.28500, 0.79985
-0.28400, 0.83589
-0.28300, 0.86956
-0.28200, 0.90060
-0.28100, 0.92600
-0.28000, 0.94425
-0.27900, 0.95727
-0.27800, 0.97007
-0.27700, 0.98096
-0.27600, 0.98678
-0.27500, 0.98690
-0.27400, 0.98274
-0.27300, 0.97512
-0.27200, 0.96412
-0.27100, 0.95069
-0.27000, 0.93332
-0.26900, 0.90980
-0.26800, 0.88058
-0.26700, 0.84775
-0.26600, 0.81359
-0.26500, 0.77947
-0.26400, 0.74542
-0.26300, 0.70682
-0.26200, 0.65778
-0.26100, 0.60461
-0.26000, 0.54979
-0.25900, 0.49351
-0.25800, 0.44293
-0.25700, 0.39509
-0.25600, 0.34227
-0.25500, 0.28076
-0.25400, 0.21399
-0.25300, 0.14706
-0.25200, 0.08364
-0.25100, 0.02675
-0.25000, -0.02599
-0.24900, -0.08095
-0.24800, -0.14185
-0.24700, -0.20904
-0.24600, -0.27894
-0.24500, -0.34395
-0.24400, -0.39865
-0.24300, -0.44627
-0.24200, -0.49847
-0.24100, -0.55434
-0.24000, -0.61080
-0.23900, -0.66591
-0.23800, -0.71380
-0.23700, -0.75276
-0.23600, -0.78650
-0.23500, -0.82160
-0.23400, -0.85541
-0.23300, -0.88539
-0.23200, -0.91623
-0.23100, -0.94092
-0.23000, -0.95687
-0.22900, -0.97079
-0.22800, -0.98206
-0.22700, -0.99053
-0.22600, -0.99645
-0.22500, -0.99532
-0.22400, -0.98721
-0.22300, -0.97567
-0.22200, -0.96372
-0.22100, -0.95017
-0.22000, -0.93185
-0.21900, -0.90645
-0.21800, -0.87598
-0.21700, -0.84234
-0.21600, -0.80633
-0.21500, -0.77001
-0.21400, -0.73399
-0.21300, -0.69538
-0.21200, -0.64728
-0.21100, -0.59233
-0.21000, -0.53583
-0.20900, -0.47926
-0.20800, -0.42603
-0.20700, -0.37607
-0.20600, -0.32401
-0.20500, -0.26370
-0.20400, -0.19635
-0.20300, -0.12839
-0.20200, -0.06344
-0.20100, -0.00493
-0.20000, 0.04816
-0.19900, 0.10456
-0.19800, 0.16700
-0.19700, 0.23406
-0.19600, 0.30195
-0.19500, 0.36405
-0.19400, 0.41874
-0.19300, 0.46954
-0.19200, 0.51866
-0.19100, 0.56889
-0.19000, 0.62181
-0.18900, 0.67485
-0.18800, 0.72308
-0.18700, 0.76336
-0.18600, 0.79723
-0.18500, 0.82938
-0.18400, 0.86113
-0.18300, 0.89026
-0.18200, 0.91819
-0.18100, 0.94191
-0.18000, 0.95752
-0.17900, 0.96909
-0.17800, 0.97803
-0.17700, 0.98443
-0.17600, 0.98907
-0.17500, 0.98720
-0.17400, 0.97759
-0.17300, 0.96549
-0.17200, 0.95228
-0.17100, 0.93710
-0.17000, 0.91747
-0.16900, 0.88958
-0.16800, 0.85624
-0.16700, 0.82179
-0.16600, 0.78498
-0.16500, 0.74816
-0.16400, 0.71216
-0.16300, 0.67243
-0.16200, 0.62315
-0.16100, 0.56611
-0.16000, 0.50905
-0.15900, 0.45242
-0.15800, 0.39777
-0.15700, 0.34638
-0.15600, 0.29377
-0.15500, 0.23364
-0.15400, 0.16536
-0.15300, 0.09763
-0.15200, 0.03313
-0.15100, -0.02658
-0.15000, -0.08034
-0.14900, -0.13508
-0.14800, -0.19621
-0.14700, -0.26338
-0.14600, -0.32959
-0.14500, -0.39144
-0.14400, -0.44806
-0.14300, -0.49823
-0.14200, -0.54515
-0.14100, -0.59405
-0.14000, -0.64820
-0.13900, -0.70076
-0.13800, -0.74668
-0.13700, -0.78580
-0.13600, -0.81874
-0.13500, -0.84894
-0.13400, -0.87907
-0.13300, -0.90632
-0.13200, -0.93237
-0.13100, -0.95635
-0.13000, -0.97103
-0.12900, -0.98025
-0.12800, -0.98826
-0.12700, -0.99417
-0.12600, -0.99409
-0.12500, -0.98833
-0.12400, -0.97963
-0.12300, -0.96672
-0.12200, -0.95142
-0.12100, -0.93497
-0.12000, -0.91386
-0.11900, -0.88570
-0.11800, -0.85151
-0.11700, -0.81505
-0.11600, -0.77675
-0.11500, -0.73732
-0.11400, -0.69812
-0.11300, -0.65845
-0.11200, -0.61078
-0.11100, -0.55187
-0.11000, -0.49474
-0.10900, -0.43790
-0.10800, -0.38002
-0.10700, -0.32899
-0.10600, -0.27706
-0.10500, -0.21724
-0.10400, -0.15033
-0.10300, -0.08127
-0.10200, -0.01505
-0.10100, 0.04511
-0.10000, 0.09947
-0.09900, 0.15365
-0.09800, 0.21284
-0.09700, 0.27667
-0.09600, 0.34356
-0.09500, 0.40886
-0.09400, 0.46580
-0.09300, 0.51349
-0.09200, 0.55889
-0.09100, 0.60957
-0.09000, 0.65925
-0.08900, 0.70760
-0.08800, 0.75526
-0.08700, 0.79496
-0.08600, 0.82675
-0.08500, 0.85523
-0.08400, 0.88455
-0.08300, 0.91133
-0.08200, 0.93426
-0.08100, 0.95473
-0.08000, 0.96863
-0.07900, 0.97727
-0.07800, 0.98464
-0.07700, 0.98930
-0.07600, 0.98779
-0.07500, 0.97936
-0.07400, 0.96815
-0.07300, 0.95492
-0.07200, 0.93876
-0.07100, 0.91886
-0.07000, 0.89570
-0.06900, 0.86828
-0.06800, 0.83487
-0.06700, 0.79627
-0.06600, 0.75473
-0.06500, 0.71340
-0.06400, 0.67463
-0.06300, 0.63331
-0.06200, 0.58460
-0.06100, 0.52882
-0.06000, 0.46831
-0.05900, 0.40698
-0.05800, 0.34935
-0.05700, 0.29780
-0.05600, 0.24660
-0.05500, 0.18792
-0.05400, 0.12171
-0.05300, 0.05248
-0.05200, -0.01423
-0.05100, -0.07486
-0.05000, -0.13033
-0.04900, -0.18512
-0.04800, -0.24424
-0.04700, -0.30652
-0.04600, -0.37164
-0.04500, -0.43747
-0.04400, -0.49380
-0.04300, -0.54201
-0.04200, -0.58832
-0.04100, -0.63435
-0.04000, -0.68167
-0.03900, -0.72998
-0.03800, -0.77601
-0.03700, -0.81564
-0.03600, -0.84716
-0.03500, -0.87286
-0.03400, -0.89916
-0.03300, -0.92568
-0.03200, -0.94851
-0.03100, -0.96687
-0.03000, -0.98055
-0.02900, -0.98915
-0.02800, -0.99257
-0.02700, -0.99393
-0.02600, -0.99239
-0.02500, -0.98391
-0.02400, -0.97140
-0.02300, -0.95551
-0.02200, -0.93580
-0.02100, -0.91574
-0.02000, -0.89378
-0.01900, -0.86547
-0.01800, -0.82801
-0.01700, -0.78690
-0.01600, -0.74575
-0.01500, -0.70325
-0.01400, -0.66221
-0.01300, -0.62009
-0.01200, -0.57115
-0.01100, -0.51655
-0.01000, -0.45581
-0.00900, -0.39134
-0.00800, -0.33316
-0.00700, -0.27977
-0.00600, -0.22602
-0.00500, -0.16910
-0.00400, -0.10490
-0.00300, -0.03530
-0.00200, 0.03223
-0.00100, 0.09355
0.00000, 0.14927
0.00100, 0.20361
0.00200, 0.26175
0.00300, 0.32284
0.00400, 0.38567
0.00500, 0.45145
0.00600, 0.50973
0.00700, 0.55703
0.00800, 0.60142
0.00900, 0.64586
0.01000, 0.69192
0.01100, 0.73966
0.01200, 0.78500
0.01300, 0.82371
0.01400, 0.85417
0.01500, 0.87946
0.01600, 0.90428
0.01700, 0.92889
0.01800, 0.94851
0.01900, 0.96505
0.02000, 0.97813
0.02100, 0.98491
0.02200, 0.98754
0.02300, 0.98741
0.02400, 0.98351
0.02500, 0.97289
0.02600, 0.95775
0.02700, 0.94063
0.02800, 0.92075
0.02900, 0.89871
0.03000, 0.87436
0.03100, 0.84575
0.03200, 0.80998
0.03300, 0.76784
0.03400, 0.72316
0.03500, 0.67932
0.03600, 0.63624
0.03700, 0.59184
0.03800, 0.54371
0.03900, 0.48846
0.04000, 0.42670
0.04100, 0.36410
0.04200, 0.30423
0.04300, 0.24913
0.04400, 0.19723
0.04500, 0.13945
0.04600, 0.07498
0.04700, 0.00789
0.04800, -0.06022
0.04900, -0.12470
0.05000, -0.18254
0.05100, -0.23609
0.05200, -0.29116
0.05300, -0.35136
0.05400, -0.41589
0.05500, -0.47977
0.05600, -0.53679
0.05700, -0.58419
0.05800, -0.62778
0.05900, -0.67108
0.06000, -0.71552
0.06100, -0.76148
0.06200, -0.80536
0.06300, -0.84283
0.06400, -0.87190
0.06500, -0.89641
0.06600, -0.91996
0.06700, -0.94308
0.06800, -0.96214
0.06900, -0.97709
0.07000, -0.98827
0.07100, -0.99270
0.07200, -0.99361
0.07300, -0.99278
0.07400, -0.98694
0.07500, -0.97636
0.07600, -0.96087
0.07700, -0.94009
0.07800, -0.91773
0.07900, -0.89460
0.08000, -0.86895
0.08100, -0.83907
0.08200, -0.80175
0.08300, -0.75735
0.08400, -0.71207
0.08500, -0.66732
0.08600, -0.62313
0.08700, -0.57930
0.08800, -0.53207
0.08900, -0.47573
0.09000, -0.40951
0.09100, -0.34667
0.09200, -0.28801
0.09300, -0.23015
0.09400, -0.17643
0.09500, -0.12117
0.09600, -0.05905
0.09700, 0.00863
0.09800, 0.07707
0.09900, 0.14149
0.10000, 0.19967
0.10100, 0.25476
0.10200, 0.30931
0.10300, 0.36671
0.10400, 0.43226
0.10500, 0.49620
0.10600, 0.55047
0.10700, 0.59964
0.10800, 0.64278
0.10900, 0.68251
0.11000, 0.72541
0.11100, 0.77001
0.11200, 0.81236
0.11300, 0.84872
0.11400, 0.87741
0.11500, 0.90090
0.11600, 0.92242
0.11700, 0.94267
0.11800, 0.96088
0.11900, 0.97530
0.12000, 0.98406
0.12100, 0.98737
0.12200, 0.98672
0.12300, 0.98347
0.12400, 0.97684
0.12500, 0.96504
0.12600, 0.94762
0.12700, 0.92709
0.12800, 0.90264
0.12900, 0.87550
0.13000, 0.85020
0.13100, 0.82166
0.13200, 0.78382
0.13300, 0.73609
0.13400, 0.68857
0.13500, 0.64299
0.13600, 0.59634
0.13700, 0.55163
0.13800, 0.50396
0.13900, 0.44740
0.14000, 0.38296
0.14100, 0.31829
0.14200, 0.25736
0.14300, 0.19858
0.14400, 0.14492
0.14500, 0.09171
0.14600, 0.03042
0.14700, -0.03744
0.14800, -0.10691
0.14900, -0.17277
0.15000, -0.23190
0.15100, -0.28554
0.15200, -0.33809
0.15300, -0.39513
0.15400, -0.45854
0.15500, -0.52188
0.15600, -0.57609
0.15700, -0.62537
0.15800, -0.66894
0.15900, -0.70648
0.16000, -0.74849
0.16100, -0.79157
0.16200, -0.83039
0.16300, -0.86711
0.16400, -0.89682
0.16500, -0.91900
0.16600, -0.93913
0.16700, -0.95623
0.16800, -0.97112
0.16900, -0.98501
0.17000, -0.99343
0.17100, -0.99566
0.17200, -0.99331
0.17300, -0.98738
0.17400, -0.97800
0.17500, -0.96493
0.17600, -0.94768
0.17700, -0.92498
0.17800, -0.89811
0.17900, -0.87024
0.18000, -0.84238
0.18100, -0.81210
0.18200, -0.77510
0.18300, -0.72860
0.18400, -0.67849
0.18500, -0.62949
0.18600, -0.58003
0.18700, -0.53493
0.18800, -0.48986
0.18900, -0.43337
0.19000, -0.37085
0.19100, -0.30552
0.19200, -0.23913
0.19300, -0.17992
0.19400, -0.12695
0.19500, -0.07334
0.19600, -0.01270
0.19700, 0.05342
0.19800, 0.12190
0.19900, 0.19025
0.20000, 0.25161
0.20100, 0.30487
0.20200, 0.35585
0.20300, 0.41190
0.20400, 0.47217
0.20500, 0.53201
0.20600, 0.58929
0.20700, 0.63907
0.20800, 0.68006
0.20900, 0.71790
0.21000, 0.75763
0.21100, 0.79916
0.21200, 0.83810
0.21300, 0.87174
0.21400, 0.89905
0.21500, 0.92072
0.21600, 0.93905
0.21700, 0.95591
0.21800, 0.97125
0.21900, 0.98255
0.22000, 0.98748
0.22100, 0.98691
0.22200, 0.98400
0.22300, 0.97736
0.22400, 0.96680
0.22500, 0.95289
0.22600, 0.93315
0.22700, 0.90811
0.22800, 0.88009
0.22900, 0.85099
0.23000, 0.82276
0.23100, 0.79225
0.23200, 0.75191
0.23300, 0.70547
0.23400, 0.65614
0.23500, 0.60446
0.23600, 0.55394
0.23700, 0.50723
0.23800, 0.46149
0.23900, 0.40575
0.24000, 0.34244
0.24100, 0.27731
0.24200, 0.21130
0.24300, 0.14985
0.24400, 0.09446
0.24500, 0.04040
0.24600, -0.01756
0.24700, -0.08182
0.24800, -0.15101
0.24900, -0.21991
0.25000, -0.28188
0.25100, -0.33474
0.25200, -0.38510
0.25300, -0.43988
0.25400, -0.49940
0.25500, -0.55752
0.25600, -0.61424
0.25700, -0.66560
0.25800, -0.70637
0.25900, -0.74254
0.26000, -0.77899
0.26100, -0.81723
0.26200, -0.85572
0.26300, -0.89001
0.26400, -0.91677
0.26500, -0.93655
0.26600, -0.95305
0.26700, -0.96811
0.26800, -0.98091
0.26900, -0.99102
0.27000, -0.99584
0.27100, -0.99323
0.27200, -0.98633
0.27300, -0.97836
0.27400, -0.96903
0.27500, -0.95366
0.27600, -0.93257
0.27700, -0.90681
0.27800, -0.87646
0.27900, -0.84409
0.28000, -0.81259
0.28100, -0.78145
0.28200, -0.74262
0.28300, -0.69617
0.28400, -0.64558
0.28500, -0.59063
0.28600, -0.53819
0.28700, -0.49165
0.28800, -0.44493
0.28900, -0.39057
0.29000, -0.32746
0.29100, -0.26053
0.29200, -0.19341
0.29300, -0.13067
0.29400, -0.07505
0.29500, -0.02277
0.29600, 0.03403
0.29700, 0.09890
0.29800, 0.16658
0.29900, 0.23522
0.30000, 0.29988
0.30100, 0.35376
0.30200, 0.40285
0.30300, 0.45496
0.30400, 0.51293
0.30500, 0.56990
0.30600, 0.62481
0.30700, 0.67644
0.30800, 0.71741
0.30900, 0.75303
0.31000, 0.78929
0.31100, 0.82563
0.31200, 0.86071
0.31300, 0.89257
0.31400, 0.91913
0.31500, 0.93970
0.31600, 0.95511
0.31700, 0.96735
0.31800, 0.97868
0.31900, 0.98696
0.32000, 0.98927
0.32100, 0.98528
0.32200, 0.97833
0.32300, 0.96951
0.32400, 0.95682
0.32500, 0.94018
0.32600, 0.91852
0.32700, 0.89085
0.32800, 0.85908
0.32900, 0.82509
0.33000, 0.79102
0.33100, 0.75834
0.33200, 0.72008
0.33300, 0.67306
0.33400, 0.62158
0.33500, 0.56533
0.33600, 0.50940
0.33700, 0.46069
0.33800, 0.41385
0.33900, 0.36097
0.34000, 0.29864
0.34100, 0.23231
0.34200, 0.16450
0.34300, 0.09893
0.34400, 0.04159
0.34500, -0.01147
0.34600, -0.06726
0.34700, -0.13040
0.34800, -0.19784
0.34900, -0.26594
0.35000, -0.33047
0.35100, -0.38534
0.35200, -0.43477
0.35300, -0.48546
0.35400, -0.53896
0.35500, -0.59580
0.35600, -0.65207
0.35700, -0.70042
0.35800, -0.74006
0.35900, -0.77491
0.36000, -0.80989
0.36100, -0.84558
0.36200, -0.87951
0.36300, -0.90923
0.36400, -0.93445
0.36500, -0.95271
0.36600, -0.96530
0.36700, -0.97812
0.36800, -0.98830
0.36900, -0.99359
0.37000, -0.99439
0.37100, -0.98953
0.37200, -0.98005
0.37300, -0.96862
0.37400, -0.95683
0.37500, -0.94022
0.37600, -0.91555
0.37700, -0.88573
0.37800, -0.85274
0.37900, -0.81853
0.38000, -0.78472
0.38100, -0.74927
0.38200, -0.70918
0.38300, -0.66221
0.38400, -0.60862
0.38500, -0.55159
0.38600, -0.49590
0.38700, -0.44543
0.38800, -0.39619
0.38900, -0.34266
0.39000, -0.28230
0.39100, -0.21634
0.39200, -0.14761
0.39300, -0.08053
0.39400, -0.02207
0.39500, 0.03092
0.39600, 0.08650
0.39700, 0.14795
0.39800, 0.21481
0.39900, 0.28298
0.40000, 0.34601
0.40100, 0.40175
0.40200, 0.45213
0.40300, 0.50142
0.40400, 0.55224
0.40500, 0.60607
0.40600, 0.66124
0.40700, 0.71044
0.40800, 0.75202
0.40900, 0.78763
0.41000, 0.81892
0.41100, 0.85016
0.41200, 0.88217
0.41300, 0.91102
0.41400, 0.93535
0.41500, 0.95393
0.41600, 0.96651
0.41700, 0.97676
0.41800, 0.98488
0.41900, 0.98893
0.42000, 0.98786
0.42100, 0.98091
0.42200, 0.96923
0.42300, 0.95606
0.42400, 0.94191
0.42500, 0.92413
0.42600, 0.89926
0.42700, 0.86879
0.42800, 0.83413
0.42900, 0.79686
0.43000, 0.76025
0.43100, 0.72446
0.43200, 0.68606
0.43300, 0.63961
0.43400, 0.58439
0.43500, 0.52500
0.43600, 0.46849
0.43700, 0.41571
0.43800, 0.36446
0.43900, 0.31131
0.44000, 0.25287
0.44100, 0.18776
0.44200, 0.11827
0.44300, 0.05101
0.44400, -0.00985
0.44500, -0.06455
0.44600, -0.11806
0.44700, -0.17715
0.44800, -0.24283
0.44900, -0.31022
0.45000, -0.37455
0.45100, -0.43244
0.45200, -0.48290
0.45300, -0.52868
0.45400, -0.57755
0.45500, -0.63186
0.45600, -0.68358
0.45700, -0.73181
0.45800, -0.77452
0.45900, -0.80825
0.46000, -0.83925
0.46100, -0.86992
0.46200, -0.89883
0.46300, -0.92646
0.46400, -0.94951
0.46500, -0.96545
0.46600, -0.97695
0.46700, -0.98537
0.46800, -0.99157
0.46900, -0.99563
0.47000, -0.99314
0.47100, -0.98410
0.47200, -0.97212
0.47300, -0.95682
0.47400, -0.93980
0.47500, -0.92148
0.47600, -0.89677
0.47700, -0.86494
0.47800, -0.82820
0.47900, -0.78931
0.48000, -0.74961
0.48100, -0.71078
0.48200, -0.67271
0.48300, -0.62697
0.48400, -0.57217
0.48500, -0.51326
0.48600, -0.45454
0.48700, -0.39799
0.48800, -0.34463
0.48900, -0.29437
0.49000, -0.23815
0.49100, -0.17231
0.49200, -0.10313
0.49300, -0.03510
0.49400, 0.02788
0.49500, 0.08389
0.49600, 0.13673
0.49700, 0.19445
0.49800, 0.26008
0.49900, 0.32454
0.50000, 0.38863
0.50100, 0.44983
0.50200, 0.49827
0.50300, 0.54192
0.50400, 0.58988
0.50500, 0.64373
0.50600, 0.69528
0.50700, 0.74182
0.50800, 0.78349
0.50900, 0.81613
0.51000, 0.84433
0.51100, 0.87334
0.51200, 0.90192
0.51300, 0.92781
0.51400, 0.94947
0.51500, 0.96617
0.51600, 0.97666
0.51700, 0.98242
0.51800, 0.98618
0.51900, 0.98775
0.52000, 0.98471
0.52100, 0.97505
0.52200, 0.95969
0.52300, 0.94217
0.52400, 0.92464
0.52500, 0.90543
0.52600, 0.87975
0.52700, 0.84673
0.52800, 0.80912
0.52900, 0.76750
0.53000, 0.72551
0.53100, 0.68646
0.53200, 0.64750
0.53300, 0.60191
0.53400, 0.54709
0.53500, 0.48811
0.53600, 0.42660
0.53700, 0.36647
0.53800, 0.31309
0.53900, 0.26295
0.54000, 0.20760
0.54100, 0.14159
0.54200, 0.07204
0.54300, 0.00387
0.54400, -0.05978
0.54500, -0.11606
0.54600, -0.16924
0.54700, -0.22583
0.54800, -0.28927
0.54900, -0.35340
0.55000, -0.41597
0.55100, -0.47697
0.55200, -0.52779
0.55300, -0.57226
0.55400, -0.61878
0.55500, -0.66692
0.55600, -0.71569
0.55700, -0.76283
0.55800, -0.80422
0.55900, -0.83778
0.56000, -0.86522
0.56100, -0.89090
0.56200, -0.91721
0.56300, -0.94203
0.56400, -0.96178
0.56500, -0.97645
0.56600, -0.98626
0.56700, -0.99205
0.56800, -0.99537
0.56900, -0.99448
0.57000, -0.98812
0.57100, -0.97680
0.57200, -0.96063
0.57300, -0.94106
0.57400, -0.92041
0.57500, -0.89953
0.57600, -0.87414
0.57700, -0.84068
0.57800, -0.80215
0.57900, -0.75931
0.58000, -0.71483
0.58100, -0.67402
0.58200, -0.63433
0.58300, -0.58877
0.58400, -0.53256
0.58500, -0.47334
0.58600, -0.41255
0.58700, -0.35014
0.58800, -0.29469
0.58900, -0.24424
0.59000, -0.19015
0.59100, -0.12512
0.59200, -0.05606
0.59300, 0.01170
0.59400, 0.07806
0.59500, 0.13636
0.59600, 0.18824
0.59700, 0.24228
0.59800, 0.30364
0.59900, 0.36889
0.60000, 0.43271
0.60100, 0.49366
0.60200, 0.54441
0.60300, 0.58646
0.60400, 0.63226
0.60500, 0.67931
0.60600, 0.72560
0.60700, 0.77162
0.60800, 0.81212
0.60900, 0.84474
0.61000, 0.87129
0.61100, 0.89620
0.61200, 0.92064
0.61300, 0.94302
0.61400, 0.96084
0.61500, 0.97451
0.61600, 0.98348
0.61700, 0.98655
0.61800, 0.98726
0.61900, 0.98557
0.62000, 0.97865
0.62100, 0.96576
0.62200, 0.94780
0.62300, 0.92691
0.62400, 0.90559
0.62500, 0.88286
0.62600, 0.85614
0.62700, 0.82284
0.62800, 0.78185
0.62900, 0.73646
0.63000, 0.69193
0.63100, 0.64913
0.63200, 0.60703
0.63300, 0.56185
0.63400, 0.50716
0.63500, 0.44641
0.63600, 0.38439
0.63700, 0.32234
0.63800, 0.26572
0.63900, 0.21421
0.64000, 0.16069
0.64100, 0.09954
0.64200, 0.03281
0.64300, -0.03423
0.64400, -0.10039
0.64500, -0.16055
0.64600, -0.21335
0.64700, -0.26693
0.64800, -0.32770
0.64900, -0.39339
0.65000, -0.45564
0.65100, -0.51650
0.65200, -0.57128
0.65300, -0.61440
0.65400, -0.65735
0.65500, -0.70228
0.65600, -0.74652
0.65700, -0.79099
0.65800, -0.83125
0.65900, -0.86395
0.66000, -0.89067
0.66100, -0.91439
0.66200, -0.93664
0.66300, -0.95677
0.66400, -0.97279
0.66500, -0.98435
0.66600, -0.99167
0.66700, -0.99376
0.66800, -0.99297
0.66900, -0.99016
0.67000, -0.98187
0.67100, -0.96720
0.67200, -0.94752
0.67300, -0.92521
0.67400, -0.90100
0.67500, -0.87613
0.67600, -0.84996
0.67700, -0.81609
0.67800, -0.77411
0.67900, -0.72735
0.68000, -0.67910
0.68100, -0.63395
0.68200, -0.59219
0.68300, -0.54783
0.68400, -0.49397
0.68500, -0.43210
0.68600, -0.36921
0.68700, -0.30652
0.68800, -0.24809
0.68900, -0.19592
0.69000, -0.14282
0.69100, -0.08276
0.69200, -0.01584
0.69300, 0.05153
0.69400, 0.11761
0.69500, 0.17888
0.69600, 0.23176
0.69700, 0.28425
0.69800, 0.34242
0.69900, 0.40651
0.70000, 0.47100
0.70100, 0.53163
0.70200, 0.58462
0.70300, 0.62715
0.70400, 0.66854
0.70500, 0.71351
0.70600, 0.75717
0.70700, 0.79937
0.70800, 0.83809
0.70900, 0.86970
0.71000, 0.89439
0.71100, 0.91617
0.71200, 0.93795
0.71300, 0.95704
0.71400, 0.97218
0.71500, 0.98277
0.71600, 0.98821
0.71700, 0.98903
0.71800, 0.98583
0.71900, 0.97906
0.72000, 0.96917
0.72100, 0.95467
0.72200, 0.93406
0.72300, 0.90907
0.72400, 0.88300
0.72500, 0.85728
0.72600, 0.82922
0.72700, 0.79475
0.72800, 0.75289
0.72900, 0.70621
0.73000, 0.65616
0.73100, 0.60786
0.73200, 0.56492
0.73300, 0.51905
0.73400, 0.46588
0.73500, 0.40562
0.73600, 0.34098
0.73700, 0.27645
0.73800, 0.21657
0.73900, 0.16338
0.74000, 0.11102
0.74100, 0.05344
0.74200, -0.01159
0.74300, -0.08029
0.74400, -0.14804
0.74500, -0.21015
0.74600, -0.26294
0.74700, -0.31549
0.74800, -0.37405
0.74900, -0.43340
0.75000, -0.49643
0.75100, -0.55932
0.75200, -0.61152
0.75300, -0.65535
0.75400, -0.69551
0.75500, -0.73559
0.75600, -0.77730
0.75700, -0.81914
0.75800, -0.85734
0.75900, -0.88784
0.76000, -0.91157
0.76100, -0.93155
0.76200, -0.95039
0.76300, -0.96784
0.76400, -0.98209
0.76500, -0.99100
0.76600, -0.99395
0.76700, -0.99289
0.76800, -0.98932
0.76900, -0.98154
0.77000, -0.97055
0.77100, -0.95572
0.77200, -0.93339
0.77300, -0.90642
0.77400, -0.87843
0.77500, -0.85075
0.77600, -0.82164
0.77700, -0.78709
0.77800, -0.74425
0.77900, -0.69571
0.78000, -0.64492
0.78100, -0.59555
0.78200, -0.55012
0.78300, -0.50329
0.78400, -0.45029
0.78500, -0.39072
0.78600, -0.32579
0.78700, -0.25984
0.78800, -0.19839
0.78900, -0.14327
0.79000, -0.08979
0.79100, -0.03188
0.79200, 0.03204
0.79300, 0.10052
0.79400, 0.16968
0.79500, 0.23392
0.79600, 0.28881
0.79700, 0.33842
0.79800, 0.39223
0.79900, 0.45177
0.80000, 0.51243
0.80100, 0.56919
0.80200, 0.62249
0.80300, 0.66863
0.80400, 0.70689
0.80500, 0.74424
0.80600, 0.78446
0.80700, 0.82560
0.80800, 0.86197
0.80900, 0.89184
0.81000, 0.91530
0.81100, 0.93390
0.81200, 0.95086
0.81300, 0.96674
0.81400, 0.97977
0.81500, 0.98737
0.81600, 0.98929
0.81700, 0.98633
0.81800, 0.97963
0.81900, 0.97116
0.82000, 0.95961
0.82100, 0.94161
0.82200, 0.91734
0.82300, 0.88941
0.82400, 0.86052
0.82500, 0.83107
0.82600, 0.80033
0.82700, 0.76574
0.82800, 0.72342
0.82900, 0.67405
0.83000, 0.62094
0.83100, 0.56860
0.83200, 0.52092
0.83300, 0.47427
0.83400, 0.42195
0.83500, 0.36341
0.83600, 0.29869
0.83700, 0.23096
0.83800, 0.16788
0.83900, 0.11084
0.84000, 0.05656
0.84100, -0.00016
0.84200, -0.06165
0.84300, -0.12834
0.84400, -0.19788
0.84500, -0.26321
0.84600, -0.31982
0.84700, -0.36976
0.84800, -0.42266
0.84900, -0.47923
0.85000, -0.53710
0.85100, -0.59490
0.85200, -0.64797
0.85300, -0.69310
0.85400, -0.73136
0.85500, -0.76947
0.85600, -0.80688
0.85700, -0.84118
0.85800, -0.87780
0.85900, -0.90960
0.86000, -0.93113
0.86100, -0.94953
0.86200, -0.96481
0.86300, -0.97641
0.86400, -0.98596
0.86500, -0.99296
0.86600, -0.99489
0.86700, -0.99022
0.86800, -0.98287
0.86900, -0.97352
0.87000, -0.95999
0.87100, -0.93975
0.87200, -0.91382
0.87300, -0.88431
0.87400, -0.85314
0.87500, -0.82336
0.87600, -0.79281
0.87700, -0.75564
0.87800, -0.71121
0.87900, -0.66102
0.88000, -0.60768
0.88100, -0.55471
0.88200, -0.50543
0.88300, -0.45824
0.88400, -0.40561
0.88500, -0.34686
0.88600, -0.28254
0.88700, -0.21395
0.88800, -0.14951
0.88900, -0.09227
0.89000, -0.03886
0.89100, 0.01630
0.89200, 0.07712
0.89300, 0.14421
0.89400, 0.21384
0.89500, 0.27891
0.89600, 0.33622
0.89700, 0.38906
0.89800, 0.44161
0.89900, 0.49575
0.90000, 0.55140
0.90100, 0.60864
0.90200, 0.66127
0.90300, 0.70417
0.90400, 0.74230
0.90500, 0.77824
0.90600, 0.81318
0.90700, 0.84824
0.90800, 0.88229
0.90900, 0.91198
0.91000, 0.93375
0.91100, 0.94913
0.91200, 0.96177
0.91300, 0.97428
0.91400, 0.98476
0.91500, 0.98901
0.91600, 0.98594
0.91700, 0.98029
0.91800, 0.97142
0.91900, 0.95955
0.92000, 0.94648
0.92100, 0.92604
0.92200, 0.89847
0.92300, 0.86873
0.92400, 0.83552
0.92500, 0.80160
0.92600, 0.76886
0.92700, 0.73205
0.92800, 0.68928
0.92900, 0.63967
0.93000, 0.58311
0.93100, 0.52790
0.93200, 0.47762
0.93300, 0.42851
0.93400, 0.37628
0.93500, 0.31783
0.93600, 0.25276
0.93700, 0.18494
0.93800, 0.11989
0.93900, 0.06075
0.94000, 0.00571
0.94100, -0.04904
0.94200, -0.10799
0.94300, -0.17408
0.94400, -0.24386
0.94500, -0.30992
0.94600, -0.36685
0.94700, -0.41941
0.94800, -0.47010
0.94900, -0.52154
0.95000, -0.57880
0.95100, -0.63521
0.95200, -0.68437
0.95300, -0.72689
0.95400, -0.76485
0.95500, -0.80027
0.95600, -0.83445
0.95700, -0.86742
0.95800, -0.89870
0.95900, -0.92661
0.96000, -0.94792
0.96100, -0.96341
0.96200, -0.97535
0.96300, -0.98514
0.96400, -0.99325
0.96500, -0.99704
0.96600, -0.99283
0.96700, -0.98402
0.96800, -0.97280
0.96900, -0.95945
0.97000, -0.94426
0.97100, -0.92331
0.97200, -0.89448
0.97300, -0.86227
0.97400, -0.82888
0.97500, -0.79467
0.97600, -0.75906
0.97700, -0.72112
0.97800, -0.67778
0.97900, -0.62631
0.98000, -0.57019
0.98100, -0.51452
0.98200, -0.46212
0.98300, -0.41070
0.98400, -0.35871
0.98500, -0.30224
0.98600, -0.23597
0.98700, -0.16759
0.98800, -0.10327
0.98900, -0.04359
0.99000, 0.01074
0.99100, 0.06509
0.99200, 0.12587
0.99300, 0.19138
0.99400, 0.25991
0.99500, 0.32685
0.99600, 0.38405
0.99700, 0.43540
0.99800, 0.48578
0.99900, 0.53660
1.00000, 0.59134
1.00100, 0.64657
1.00200, 0.69548
1.00300, 0.73887
1.00400, 0.77581
1.00500, 0.80730
1.00600, 0.84010
1.00700, 0.87238
1.00800, 0.90147
1.00900, 0.92793
1.01000, 0.94821
1.01100, 0.96193
1.01200, 0.97245
1.01300, 0.98146
1.01400, 0.98791
1.01500, 0.98928
1.01600, 0.98387
1.01700, 0.97349
1.01800, 0.96088
1.01900, 0.94713
1.02000, 0.93074
1.02100, 0.90851
1.02200, 0.87816
1.02300, 0.84405
1.02400, 0.80899
1.02500, 0.77302
1.02600, 0.73549
1.02700, 0.69687
1.02800, 0.65456
1.02900, 0.60142
1.03000, 0.54434
1.03100, 0.48868
1.03200, 0.43222
1.03300, 0.37990
1.03400, 0.32927
1.03500, 0.27221
1.03600, 0.20941
1.03700, 0.14173
1.03800, 0.07268
1.03900, 0.01174
1.04000, -0.04311
1.04100, -0.09782
1.04200, -0.15576
1.04300, -0.22047
1.04400, -0.28913
1.04500, -0.35397
1.04600, -0.41353
1.04700, -0.46647
1.04800, -0.51358
1.04900, -0.56239
1.05000, -0.61443
1.05100, -0.66717
1.05200, -0.71744
1.05300, -0.76178
1.05400, -0.79828
1.05500, -0.82839
1.05600, -0.85880
1.05700, -0.88936
1.05800, -0.91567
1.05900, -0.94064
1.06000, -0.96138
1.06100, -0.97440
1.06200, -0.98342
1.06300, -0.99075
1.06400, -0.99501
1.06500, -0.99246
1.06600, -0.98558
1.06700, -0.97551
1.06800, -0.96130
1.06900, -0.94580
1.07000, -0.92809
1.07100, -0.90463
1.07200, -0.87387
1.07300, -0.83861
1.07400, -0.80154
1.07500, -0.76241
1.07600, -0.72375
1.07700, -0.68556
1.07800, -0.64317
1.07900, -0.59063
1.08000, -0.53138
1.08100, -0.47348
1.08200, -0.41633
1.08300, -0.36287
1.08400, -0.31284
1.08500, -0.25610
1.08600, -0.19218
1.08700, -0.12459
1.08800, -0.05662
1.08900, 0.00679
1.09000, 0.06362
1.09100, 0.11677
1.09200, 0.17390
1.09300, 0.23733
1.09400, 0.30417
1.09500, 0.36959
1.09600, 0.42968
1.09700, 0.48238
1.09800, 0.52887
1.09900, 0.57684
1.10000, 0.62785
1.10100, 0.67690
1.10200, 0.72662
1.10300, 0.77189
1.10400, 0.80595
1.10500, 0.83608
1.10600, 0.86581
1.10700, 0.89466
1.10800, 0.92099
1.10900, 0.94348
1.11000, 0.96069
1.11100, 0.97187
1.11200, 0.98014
1.11300, 0.98676
1.11400, 0.98967
1.11500, 0.98534
1.11600, 0.97554
1.11700, 0.96370
1.11800, 0.94933
1.11900, 0.93240
1.12000, 0.91234
1.12100, 0.88736
1.12200, 0.85597
1.12300, 0.81950
1.12400, 0.78096
1.12500, 0.73997
1.12600, 0.69919
1.12700, 0.66041
1.12800, 0.61700
1.12900, 0.56476
1.13000, 0.50485
1.13100, 0.44362
1.13200, 0.38516
1.13300, 0.33162
1.13400, 0.28190
1.13500, 0.22675
1.13600, 0.16328
1.13700, 0.09557
1.13800, 0.02751
1.13900, -0.03659
1.14000, -0.09405
1.14100, -0.14686
1.14200, -0.20369
1.14300, -0.26768
1.14400, -0.33240
1.14500, -0.39833
1.14600, -0.46051
1.14700, -0.51095
1.14800, -0.55598
1.14900, -0.60224
1.15000, -0.65190
1.15100, -0.70155
1.15200, -0.74879
1.15300, -0.79138
1.15400, -0.82658
1.15500, -0.85560
1.15600, -0.88200
1.15700, -0.90899
1.15800, -0.93453
1.15900, -0.95620
1.16000, -0.97262
1.16100, -0.98330
1.16200, -0.98954
1.16300, -0.99299
1.16400, -0.99398
1.16500, -0.99048
1.16600, -0.98080
1.16700, -0.96543
1.16800, -0.94738
1.16900, -0.92864
1.17000, -0.90862
1.17100, -0.88362
1.17200, -0.85165
1.17300, -0.81333
1.17400, -0.77165
1.17500, -0.72896
1.17600, -0.68796
1.17700, -0.65013
1.17800, -0.60538
1.17900, -0.55050
1.18000, -0.49191
1.18100, -0.43032
1.18200, -0.36974
1.18300, -0.31497
1.18400, -0.26338
1.18500, -0.20845
1.18600, -0.14592
1.18700, -0.07838
1.18800, -0.01006
1.18900, 0.05509
1.19000, 0.11440
1.19100, 0.16732
1.19200, 0.22101
1.19300, 0.28367
1.19400, 0.34889
1.19500, 0.41330
1.19600, 0.47455
1.19700, 0.52631
1.19800, 0.57142
1.19900, 0.61574
1.20000, 0.66255
1.20100, 0.71112
1.20200, 0.75838
1.20300, 0.80045
1.20400, 0.83468
1.20500, 0.86206
1.20600, 0.88658
1.20700, 0.91259
1.20800, 0.93697
1.20900, 0.95600
1.21000, 0.97096
1.21100, 0.98106
1.21200, 0.98620
1.21300, 0.98786
1.21400, 0.98651
1.21500, 0.98059
1.21600, 0.96852
1.21700, 0.95247
1.21800, 0.93364
1.21900, 0.91289
1.22000, 0.89136
1.22100, 0.86601
1.22200, 0.83389
1.22300, 0.79494
1.22400, 0.75081
1.22500, 0.70577
1.22600, 0.66425
1.22700, 0.62412
1.22800, 0.57918
1.22900, 0.52537
1.23000, 0.46701
1.23100, 0.40465
1.23200, 0.34075
1.23300, 0.28302
1.23400, 0.23087
1.23500, 0.17753
1.23600, 0.11571
1.23700, 0.04920
1.23800, -0.01879
1.23900, -0.08593
1.24000, -0.14632
1.24100, -0.19996
1.24200, -0.25231
1.24300, -0.31082
1.24400, -0.37480
1.24500, -0.44006
1.24600, -0.50180
1.24700, -0.55403
1.24800, -0.59849
1.24900, -0.64260
1.25000, -0.68853
1.25100, -0.73491
1.25200, -0.77929
1.25300, -0.82004
1.25400, -0.85408
1.25500, -0.88096
1.25600, -0.90492
1.25700, -0.92836
1.25800, -0.95058
1.25900, -0.96890
1.26000, -0.98255
1.26100, -0.99055
1.26200, -0.99309
1.26300, -0.99366
1.26400, -0.99143
1.26500, -0.98376
1.26600, -0.96989
1.26700, -0.95213
1.26800, -0.93204
1.26900, -0.90956
1.27000, -0.88641
1.27100, -0.86025
1.27200, -0.82680
1.27300, -0.78734
1.27400, -0.74260
1.27500, -0.69483
1.27600, -0.65012
1.27700, -0.60822
1.27800, -0.56450
1.27900, -0.51330
1.28000, -0.45360
1.28100, -0.38840
1.28200, -0.32354
1.28300, -0.26514
1.28400, -0.21239
1.28500, -0.15917
1.28600, -0.09940
1.28700, -0.03345
1.28800, 0.03485
1.28900, 0.10144
1.29000, 0.16253
1.29100, 0.21813
1.29200, 0.27237
1.29300, 0.32926
1.29400, 0.39075
1.29500, 0.45509
1.29600, 0.51551
1.29700, 0.56858
1.29800, 0.61457
1.29900, 0.65622
1.30000, 0.69768
1.30100, 0.74141
1.30200, 0.78635
1.30300, 0.82791
1.30400, 0.86124
1.30500, 0.88520
1.30600, 0.90767
1.30700, 0.93000
1.30800, 0.94955
1.30900, 0.96675
1.31000, 0.97941
1.31100, 0.98585
1.31200, 0.98745
1.31300, 0.98588
1.31400, 0.98155
1.31500, 0.97332
1.31600, 0.95922
1.31700, 0.93991
1.31800, 0.91743
1.31900, 0.89195
1.32000, 0.86660
1.32100, 0.84100
1.32200, 0.80698
1.32300, 0.76537
1.32400, 0.71914
1.32500, 0.67015
1.32600, 0.62443
1.32700, 0.58168
1.32800, 0.53592
1.32900, 0.48430
1.33000, 0.42507
1.33100, 0.35970
1.33200, 0.29504
1.33300, 0.23493
1.33400, 0.17997
1.33500, 0.12746
1.33600, 0.06946
1.33700, 0.00359
1.33800, -0.06548
1.33900, -0.13408
1.34000, -0.19772
1.34100, -0.25351
1.34200, -0.30456
1.34300, -0.35817
1.34400, -0.41868
1.34500, -0.48226
1.34600, -0.54257
1.34700, -0.59559
1.34800, -0.64129
1.34900, -0.68135
1.35000, -0.72084
1.35100, -0.76420
1.35200, -0.80736
1.35300, -0.84647
1.35400, -0.87927
1.35500, -0.90504
1.35600, -0.92641
1.35700, -0.94568
1.35800, -0.96280
1.35900, -0.97758
1.36000, -0.98880
1.36100, -0.99475
1.36200, -0.99534
1.36300, -0.99156
1.36400, -0.98442
1.36500, -0.97375
1.36600, -0.95927
1.36700, -0.94020
1.36800, -0.91563
1.36900, -0.88809
1.37000, -0.86025
1.37100, -0.83223
1.37200, -0.79902
1.37300, -0.75802
1.37400, -0.71068
1.37500, -0.66111
1.37600, -0.61192
1.37700, -0.56455
1.37800, -0.51936
1.37900, -0.46913
1.38000, -0.40974
1.38100, -0.34509
1.38200, -0.28012
1.38300, -0.21835
1.38400, -0.16115
1.38500, -0.10734
1.38600, -0.05078
1.38700, 0.01340
1.38800, 0.08123
1.38900, 0.14905
1.39000, 0.21355
1.39100, 0.27144
1.39200, 0.32248
1.39300, 0.37369
1.39400, 0.43400
1.39500, 0.49581
1.39600, 0.55435
1.39700, 0.60853
1.39800, 0.65447
1.39900, 0.69367
1.40000, 0.73166
1.40100, 0.77365
1.40200, 0.81486
1.40300, 0.85091
1.40400, 0.88216
1.40500, 0.90743
1.40600, 0.92757
1.40700, 0.94519
1.40800, 0.96172
1.40900, 0.97590
1.41000, 0.98515
1.41100, 0.98774
1.41200, 0.98603
1.41300, 0.98210
1.41400, 0.97509
1.41500, 0.96346
1.41600, 0.94652
1.41700, 0.92458
1.41800, 0.89816
1.41900, 0.86984
1.42000, 0.84206
1.42100, 0.81338
1.42200, 0.77880
1.42300, 0.73563
1.42400, 0.68726
1.42500, 0.63591
1.42600, 0.58451
1.42700, 0.53649
1.42800, 0.49066
1.42900, 0.44150
1.43000, 0.38336
1.43100, 0.31783
1.43200, 0.25050
1.43300, 0.18670
1.43400, 0.12797
1.43500, 0.07414
1.43600, 0.02029
1.43700, -0.04180
1.43800, -0.10975
1.43900, -0.17901
1.44000, -0.24520
1.44100, -0.30242
1.44200, -0.35255
1.44300, -0.40363
1.44400, -0.46305
1.44500, -0.52317
1.44600, -0.57819
1.44700, -0.63364
1.44800, -0.68091
1.44900, -0.71803
1.45000, -0.75459
1.45100, -0.79420
1.45200, -0.83406
1.45300, -0.86938
1.45400, -0.90014
1.45500, -0.92462
1.45600, -0.94266
1.45700, -0.95865
1.45800, -0.97300
1.45900, -0.98489
1.46000, -0.99358
1.46100, -0.99564
1.46200, -0.99106
1.46300, -0.98346
1.46400, -0.97538
1.46500, -0.96437
1.46600, -0.94674
1.46700, -0.92295
1.46800, -0.89494
1.46900, -0.86476
1.47000, -0.83383
1.47100, -0.80287
1.47200, -0.76868
1.47300, -0.72642
1.47400, -0.67853
1.47500, -0.62621
1.47600, -0.57112
1.47700, -0.52030
1.47800, -0.47365
1.47900, -0.42511
1.48000, -0.36726
1.48100, -0.30200
1.48200, -0.23476
1.48300, -0.17005
1.48400, -0.11059
